אנטון איזה כיף!!!תמיד שמח שאתה משחרר סרטון חדשלייק ענק,😁
 עכבר אלחוטי - לינק https://aliski/vgniOe קופון KONIM55 - הנחה 4$ מעמד לטלפון/טאבלט - לינק https://aliski/I4jZJf קופון KONIM54 - הנחה 2$  מטען לרכב 30וואט - לינק https://aliski/4mCqmq קופון KONIM56 - הנחה 2$ מעמד ללפטופ - לינק https://aliski/_qOMl קופון KONIM52 - הנחה 2$,4️⃣
 עכבר אלחוטי - לינק https://aliski/vgniOe קופון KONIM55 - הנחה 4$ מעמד לטלפון/טאבלט - לינק https://aliski/I4jZJf קופון KONIM54 - הנחה 2$  מטען לרכב 30וואט - לינק https://aliski/4mCqmq קופון KONIM56 - הנחה 2$ מעמד ללפטופ - לינק https://aliski/_qOMl קופון KONIM52 - הנחה 2$,3️⃣
 עכבר אלחוטי - לינק https://aliski/vgniOe קופון KONIM55 - הנחה 4$ מעמד לטלפון/טאבלט - לינק https://aliski/I4jZJf קופון KONIM54 - הנחה 2$  מטען לרכב 30וואט - לינק https://aliski/4mCqmq קופון KONIM56 - הנחה 2$ מעמד ללפטופ - לינק https://aliski/_qOMl קופון KONIM52 - הנחה 2$,1️⃣
 עכבר אלחוטי - לינק https://aliski/vgniOe קופון KONIM55 - הנחה 4$ מעמד לטלפון/טאבלט - לינק https://aliski/I4jZJf קופון KONIM54 - הנחה 2$  מטען לרכב 30וואט - לינק https://aliski/4mCqmq קופון KONIM56 - הנחה 2$ מעמד ללפטופ - לינק https://aliski/_qOMl קופון KONIM52 - הנחה 2$,2️⃣
סרטון מצוין אנטון!אתה חייב להפסיק להיעלם לנו ככה,😂
אחלה סרטון גבר  יש מצב שתעשה סקירה לטאבלט alldocube smile 1 ? אשמח אם תעשה ,😊
אחלה סרטון גבר  יש מצב שתעשה סקירה לטאבלט alldocube smile 1 ? אשמח אם תעשה ,👍🏼
עוד סרטון מצוייןטוב לשמוע אותך אנטון ,😃
באמת כיף לצפות בסרטונים שלך כל סרטון שלךשמח שחזרת,🔥
נראה מעולה מקווה לזכות  הערוץ מעולהה,🔥
סקירה מעולה! והרמקול נראה מדהים מקווה לזכות בהגרלה ,😊
נראה מעולה מקווה לזכות,🔥
אני מקווה לזכות בהגרלה אני ממש אוהב אותך וצופה מהסרטונים הראשונים עוד שהיית קונה לכלב שלך מכשיר לאילוף כלבים הרמקול נראה אש,❤️
וואי הרמקול של מיפה מנצח את טרונסמארט הלוואי ואזכה בחיים לא זכיתי בהגרלות,😁
נראה רמקול מאוד טוב אהבתי מאוד את התאורה שלו וגם בכללי איך שהוא נראהאני אשמח לזכות בונתתי גם לייק כרגיל לסרטון כמו שתמיד אני נותן אני מאוד אוהב את הערוץ שלך אני צופה בערוץ שלך עוד מ2015 שרק הייתה בהתחלה,💛
נראה רמקול מאוד טוב אהבתי מאוד את התאורה שלו וגם בכללי איך שהוא נראהאני אשמח לזכות בונתתי גם לייק כרגיל לסרטון כמו שתמיד אני נותן אני מאוד אוהב את הערוץ שלך אני צופה בערוץ שלך עוד מ2015 שרק הייתה בהתחלה,🙂
נראה רמקול מאוד טוב אהבתי מאוד את התאורה שלו וגם בכללי איך שהוא נראהאני אשמח לזכות בונתתי גם לייק כרגיל לסרטון כמו שתמיד אני נותן אני מאוד אוהב את הערוץ שלך אני צופה בערוץ שלך עוד מ2015 שרק הייתה בהתחלה,😊
נראה מעולה מקווה לזכותמחכה לעוד סרטונים,🔥
שמח שחזרת נראה רמקול חמוד מאוד,🙂
שמח שחזרת נראה רמקול חמוד מאוד,☺️
היי אנטון איזה כיף לחזור מבית ספר ולראות את הסרטון החדש שלך נשמע ונראה אחלה רמקול אבל נראה לי שטרונסמרט הפסיד נתתי סאב בערוץ היוטיוב כבר מזמן ובאינסגרם גם שמתי ממזמן מקווה לזכות אנטון שהיה שבוע טוב לכולם ,😀
אנטון איזה כיף לראות אותך מידי פעםאחלה רמקולרק מה הקטע של יצרנים ליצור חיקוי כל כך דומה לjbl,😉
הרמקול נראה ונשמע מדהים פעם ראשונה שאני נתקלת במותג הזה אבל אולי הגיע הזמן לנסות גם אותו,😎
סרטון אש כרגיל ,🔥
וואו מלא מלא זמן לא ראיתי סרטונים בערוץ! אחלה של מחשב!! מה שכן בלפטופ הקודם אפשר פשוט לפתוח אותו לנקות לו את מערכת הקרוא והכל יעבוד פיקס!!! לא צריך להיות מקצוען בזה רק להיזהר ולעשות את זה לאט:) יש מלא סרטונים שמראים איך עושים זאת,😎
הרגת אותי עם הדיר באלק ,😂
זוכר עוד שקנית את המחשב הקודם,🥰
ראשון ,😮
אוהב את התוכן שלך מעניין,🔥
אוהב את התוכן שלך מעניין,💪
איך אני אוהב את יום שישי ,😉
אחי תמשיך ככה אני אוהב את הסירטונים שלך ,❤️
אצל הרבה יוצרי תוכן מורידים תגובות גם אני לא הבנתי מה הקטע אבל תיהיה רגוע זה לא רק אצלך אחלה סרטון כרגיל,😏
מעולה בדיוק התחלתי לגדל כלב ,🐩
חשוב לציין שתגעגעתי לסרטונים של טלפונים תודה רבה לך,👏
בינינו מגיע לך גם לייק גם תגובה וגם עוקב,🔥
אחלה סקירה אובייקטיבית לעניין ההתקנה מומלץ כן לחבר לקיר כדי למנוע גניבה קלה של המכשיר,🤙
השעון שלי לא תמיד מתאפס בחצות יש לך רעיון איך לפתור את הבעיה? תודה רבה ,🙏
השעון שלי לא תמיד מתאפס בחצות יש לך רעיון איך לפתור את הבעיה? תודה רבה ,😊
אין עלייך אנטון,💛
אין עלייך אנטון,🏆
אין עלייך אנטון,💪
בסרטון הזה אתם תראו למה מסוגל טלסקופ במחיר 200 ש&#39;&#39;ח!אני אישית התרשמתיאת דעתכם אשמח לקרוא בתגובות!  לינק לטלסקופ כמו בסרטון : https://aliski/yM6KT  לינק למחזיק טלפון לטלסקופ : https://aliski/HGyex5  חצובה כמו בסרטון : https://aliski/7VgHk1    הרשמה לקאשבק של קאשדו: לינק https://cashdocoil/?ref=3tk3hufc הרשמה לקאשבק של LETYSHOPS : לינק https://bitly/3wiKK64,⚡
בסרטון הזה אתם תראו למה מסוגל טלסקופ במחיר 200 ש&#39;&#39;ח!אני אישית התרשמתיאת דעתכם אשמח לקרוא בתגובות!  לינק לטלסקופ כמו בסרטון : https://aliski/yM6KT  לינק למחזיק טלפון לטלסקופ : https://aliski/HGyex5  חצובה כמו בסרטון : https://aliski/7VgHk1    הרשמה לקאשבק של קאשדו: לינק https://cashdocoil/?ref=3tk3hufc הרשמה לקאשבק של LETYSHOPS : לינק https://bitly/3wiKK64,🌴
ראשון ,😂
אוהב את הערוץ ממש כל סרטון יש לי התראהאבל לידיעה האיחוד לא תמיד טוב אם קניתי מכמה מוכרים בסוג משלוח הזה ביותר מ75 דולר אני עלול לשלם את המכס בגלל האיחוד כשזה בנפרד לא תמיד מגיע ביחד ומגיע בהפרשים גדולים יותר מ3 ימים,😁
סרטון אש ,🔥
אחרי שסיימתי לצלם את הסרטוןנתקעתי עם הקונסולה הזאת כמעט שעהבלי לקפל מצלמה ודברים מסביבמאוד ממכרלפחות בהתחלה :)   לינקים      https://aliski/xfsrsg - קונסולה בול כמו בסרטון :),1️⃣
אחרי שסיימתי לצלם את הסרטוןנתקעתי עם הקונסולה הזאת כמעט שעהבלי לקפל מצלמה ודברים מסביבמאוד ממכרלפחות בהתחלה :)   לינקים      https://aliski/xfsrsg - קונסולה בול כמו בסרטון :),👇
תודה על הסרטון אנטון כל הכבוד שזכרת את הנושא המלצה שלי מניסיון עם המכשירים הללו כדאי להשקיע סביב ה200 ש&quot;ח ולקנות psp יד 2 אפשר לשים עליו שפע אימולטורים ומשחקים בבחירה אישית ומגוונת ולשחק בצורה נוחהחג שמח ,🏵️
תודה על הסרטון אנטון כל הכבוד שזכרת את הנושא המלצה שלי מניסיון עם המכשירים הללו כדאי להשקיע סביב ה200 ש&quot;ח ולקנות psp יד 2 אפשר לשים עליו שפע אימולטורים ומשחקים בבחירה אישית ומגוונת ולשחק בצורה נוחהחג שמח ,😉
תודה על הסרטון אנטון כל הכבוד שזכרת את הנושא המלצה שלי מניסיון עם המכשירים הללו כדאי להשקיע סביב ה200 ש&quot;ח ולקנות psp יד 2 אפשר לשים עליו שפע אימולטורים ומשחקים בבחירה אישית ומגוונת ולשחק בצורה נוחהחג שמח ,💚
תודה על הסקירה לצערי אתה לא מקבל מספיק תמיכה חוץ מזה האוזניות נראה לי לא משהו ובמחיר מופקע למחשבתי שבת שלום אנטון ,👌
תודה על הסקירה לצערי אתה לא מקבל מספיק תמיכה חוץ מזה האוזניות נראה לי לא משהו ובמחיר מופקע למחשבתי שבת שלום אנטון ,👍
אחלה סרטון ,🔥
אין על הסרטנים שלך בעולם ימלךך ,👑
תודה רבה אנטון ,😀
שרדתי  סוף סוף סרטון ,🔥
שרדתי  סוף סוף סרטון ,❤️
שרדתי עד הסוף כמו תמיד ,❤️
לא נורא אנטון זה אומר שיש משהו טוב לראות באמצע הלילה כשהתינוק קם אתה יכול לשלוח את המרכיבים של הפלסטר? לא הצלחתי למצואאני אשמח לתת לך הסבר מתי כן ומתי לא להשתמש בו,😉
היי טל זה שקנה ממך את האוזניות מצאתי את אוזניות הישנות שלי אתה תוכל לבטל את ההזמנה ? ,🤔
פצצה ,💥
פצצה ,👑
ראשון,😂
סרטון פצצה  מה היינו עושים בלעדיך,💥
עוד סרטון נהדר תודה אנטון!,❤️
תודה על הסרטון אנטוןשבוע טוב ,😊
למרות הביקורות הלא הכי נהדרות על המוצר עדיין מקווה שאזכה בו בהגרלה  סרטון מצויין כרגיל!david353aminov@gmailcom,🥺
כל כך שמח שחזרת עוקב אחריך עוד מהימים שהיית ממליץ לקחת חטיף באנבוקסינג הארוך dani4moti1@gmailcom,😀
סרטון מעולה מייל omri8727@gmailcom,🍾
אנטון יא תותח  תודה על תוכן איכותי! david353aminov@gmailcom מקווה לזכות במקרן או באוזניות  האיירפודס יקרים לי מדי ,😍
אנטון יא תותח  תודה על תוכן איכותי! david353aminov@gmailcom מקווה לזכות במקרן או באוזניות  האיירפודס יקרים לי מדי ,😭
אנטון יא תותח  תודה על תוכן איכותי! david353aminov@gmailcom מקווה לזכות במקרן או באוזניות  האיירפודס יקרים לי מדי ,🥺
בול מה שאני צריך לחדר בבסיס ממש יעזור בלי קשר אחלה סרטון Matan245100@wallacoil,👍
הייי שלום לכם eliyak2851@gmailcom,🤓
סרטון טוב,👍
עוד סרטון מטורף ,😄
אחלה סרטון ,🔥
חחחח אחלה טלפון הייתי קונהיש לי את ה s21 ultra האמיתי הטלפון הזה נראה כמו טלפון שלקחו אותו מלפני 6 שנים בערך שינו לו קצת את הפריטים ושינו לו את המראה פשוט עצוב,🤣
שמע תותח כיף לראות אותך במיוחד יום אחרי יום באמת לא מבין למה יצרו אותו אני מעדיף את הנוקיה של פעם  ואהבתי 117 אינץ&#39;,😂
שמע תותח כיף לראות אותך במיוחד יום אחרי יום באמת לא מבין למה יצרו אותו אני מעדיף את הנוקיה של פעם  ואהבתי 117 אינץ&#39;,🤦‍♂️
רציתי לתת לייק ותגובה ולעשות את כל הפעולות כדי לזכות בהגרלה ואז נזכרתי על מה ההגרלה וויתרתי,😂
117 אינצ&#39; ,😂
117 אינצ&#39; ,🤒
פצצה של סרטון ,🤯
באו ננסה להגיע ל700 לייקים שיוטיוב יאהב את אנטון ,😊
הסרטון שלך מעניין,😀
פייר התגעגענו,😊
ממש דברים טובים ,❤️
ממש דברים טובים ,👏🏼
אחלה סרטון! תודה אנטון,😊
היי אנטוןאני צופה מאוד ותיק שלך אני מה1000 עוקבים הראשונים שלך ורציתי להגיד שאני ממש אוהב את הערוץ שלך ואני ממש שמח שחזרת ראיתי כמעט כל סרטון שהעלת לערוץ כולל החדשים אני קניתי היום אוזניות של שיומי (דרך אגב בגללך כי אתה תמיד אומר שהם חברה טובה) שנקראות Earbuds Basic 2 ובנתיים אני ממש מרוצה מהם לדעתי כדי שתזמין אותם ותראה לצופים ותגיד מה אתה חושב עליהם ,😅
היי אנטוןאני צופה מאוד ותיק שלך אני מה1000 עוקבים הראשונים שלך ורציתי להגיד שאני ממש אוהב את הערוץ שלך ואני ממש שמח שחזרת ראיתי כמעט כל סרטון שהעלת לערוץ כולל החדשים אני קניתי היום אוזניות של שיומי (דרך אגב בגללך כי אתה תמיד אומר שהם חברה טובה) שנקראות Earbuds Basic 2 ובנתיים אני ממש מרוצה מהם לדעתי כדי שתזמין אותם ותראה לצופים ותגיד מה אתה חושב עליהם ,😊
היי אנטוןאני צופה מאוד ותיק שלך אני מה1000 עוקבים הראשונים שלך ורציתי להגיד שאני ממש אוהב את הערוץ שלך ואני ממש שמח שחזרת ראיתי כמעט כל סרטון שהעלת לערוץ כולל החדשים אני קניתי היום אוזניות של שיומי (דרך אגב בגללך כי אתה תמיד אומר שהם חברה טובה) שנקראות Earbuds Basic 2 ובנתיים אני ממש מרוצה מהם לדעתי כדי שתזמין אותם ותראה לצופים ותגיד מה אתה חושב עליהם ,❤
במקרה הזמנתי גם את הסוללה והחיבור שלא ידעת מה זה זה חיבור ליטנינג של אפל,😁
אשמח מאוד אם תעשה אנבוקסינג על טלפון מסוים כמו poco m3 וכל מני אגב תוכן מטורף תמשיך כל!!!,👏
אשמח מאוד אם תעשה אנבוקסינג על טלפון מסוים כמו poco m3 וכל מני אגב תוכן מטורף תמשיך כל!!!,👍
בוודאי שהחזקתי עד סוף הסרטון ,😏
תודה על הסרטון אנטוןכרגיל צופה עד הסוף וממש שמח שהבאת גם מוצרים מאנבוקסינגים קודמיםאשמח אם תוכל להזמין גם מוצרי רטרוגיימינג (קונסולות שלטים/בקרים וכדומה) שחזרו לאופנה בשנתיים האחרונותתודה מראש ושבוע טוב ומבורך ,❤️
היי אונטן גם אני קנית את הכלור ממש טוב כל זמן קונה הוא מואלה,✌️
היי אונטן גם אני קנית את הכלור ממש טוב כל זמן קונה הוא מואלה,👏🏻
חייב לתקן אותך כי זה מטריף אותי או אנבוקסינג גדול או האנבוקסינג הגדול ,✌🏻
סרטון חזק וקל שרדתי עד הסוף ,💪
אוהב אותך מחכה בקוצר רוח לסרטונים חדשים שבת שלום ,🙏
אוהב אותך מחכה בקוצר רוח לסרטונים חדשים שבת שלום ,😍
מת עליך שבת שלום,❤
טלפון טובמותאם מאוד לגיימינגאחלה סרטון,❤️
אחלה עריכה מקצועי מאוד,👍
תענוג לראות את הסקירות שלך ,😏
התגעגענווווכמה כיף לראות אותך שוב תודה אנטון התותח,❤️
ברוך שובך נעלמתה כמו דנידין,🙃
דקה 0:57 לייק כל מי שיודע רוסית ,😂
איך התגעגעתי,😊
שנים אחי שנים,🙌🏻
כמה כיף שחזרת,😍
כמה זה עולה ,😁
וואו זה נראה כאילו אופטימוס פריים יצא מתוך החבילהשווה ומרתק ביותרתודה אנטון ,💚
כיף שחזרת התגעגענו ,💛
כיף שחזרת התגעגענו ,❤
וואו באמת שמח שחזרת,❤️
האיש שגרם לי לאהוב את שיאומי כיף שחזרת איש יקר,😍
שמח שחזרתה מחכה לסקירה,👍🏻
שמח שחזרתה מחכה לסקירה,😁
שמח שחזרת! מקווה שתישאר ,😎
כיף שחזרת ,😁
כמה טוב שחזרת,😌
הגיע הזמן ,❤️
למה הפסקת לעשות סירטונים??? ,😢
ראיתי את החתולה המדהימה שלך,😊
תודה אנטון ,💜
סרטון מצוין ממש אהבת! גם אני עושה סרטונים כאלה שמחה שיש עוד מישהו אחלה סרטון,😉
הקולפן מפלסטיק דפוק לגמרי ,☺️
מארק התותח תודה אנטון שבת שלום,😙
מארק התותח תודה אנטון שבת שלום,💜
היי אנטון זה עגלה שלי מקווה לזכות האימייל שלי: aviadavek6@gmailcomתודה רבהנעלי בית שיומי ( צבע אפור מידה 43-44 ) https://maliexpresscom/item/4000319320124html?trace=wwwdetail2mobilesitedetail&amp;scm=1007235341247360&amp;pvid=e560ed14-c055-4dc0-867f-a84747909527&amp;rmsg=do_not_replacement&amp;dp=bbd21310d8b462e3836f562b2c74e66b&amp;af=337709&amp;cv=47843&amp;afref=https%253A%252F%252Fwwwyoutubecom%252F&amp;mall_affr=pr3&amp;aff_platform=aaf&amp;cpt=1573435480987&amp;sk=VnYZvQVf&amp;aff_trace_key=1bbc91968d3e42379f15ccb21725571b-1573435480987-06604-VnYZvQVf&amp;terminal_id=fade67fc5f9048209258e169a5ff6b11אוזניות בלוטוס Tronsmart Spunkyhttps://maliexpresscom/item/4000252566331html?pid=808_0000_0105&amp;spm=a2g0nsearch-amplist4000252566331&amp;aff_trace_key=1bbc91968d3e42379f15ccb21725571b-1573435480987-06604-VnYZvQVf&amp;aff_platform=msite&amp;m_page_id=936amp-NmlhSz0nQapc6kI45axL_w1573435765899שעון ספורט (צבע כחול )https://maliexpresscom/item/4000123354098html?pid=808_0000_0109&amp;spm=a2g0nsearch-amplist4000123354098&amp;aff_trace_key=2707488a5c11448e910a89065ea65ce2-1573436378536-05952-UneMJZVf&amp;aff_platform=msite&amp;m_page_id=5001amp-NmlhSz0nQapc6kI45axL_w1573436506577,😉
אחלה אנטון שבעולם,😇
אחלה של ערוץ,👌
אחלה של ערוץ,❤
פייסבוק https://wwwfacebookcom/SlavaTiאינסטגרם slava_tishechkaטלגרם @SlavAgamמייל slava369@bezeqintnetעוקב אחרייך באינסטגרם פייסבוק טלגרם uגם כאןהעגלה שלי עד 100 דולר לפי המחירים של ה1111סה&quot;כ 9975 דולרhttps://wwwaliexpresscom/item/4000319320124html?spm=a2g0ocart001b973c00oxOJBU&amp;mp=1 - נעלי הביתhttps://wwwaliexpresscom/item/4000311174963html?spm=a2g0ocart0079363c00Sg5wAt&amp;mp=1 - צבע שקוף לMI9T PROhttps://wwwaliexpresscom/item/4000208244531html?spm=a2g0ocart0079363c00Sg5wAt&amp;mp=1 - אוזניות שיואמיhttps://wwwaliexpresscom/item/32889134640html?spm=a2g0ocart0079363c00Sg5wAt&amp;mp=1 - צבע סגול X2https://wwwaliexpresscom/item/32961867331html?spm=a2g0ocart0079363c00Sg5wAt&amp;mp=1 - צבע סגול,™
אין עליך אנטןן!!,🔝
אין עליך אנטןן!!,🔥
סרטון פצצה,🔝
סרטון פצצה,👌
סרטון פצצה,🔥
אחלה סירטוןAssafgal8@gmailcom,👍
אני ראיתי עד הסוף מאוד אוהב את הסרטונים שלך⁦⁩,♥️
סרטון ממש מושקע ויפה,🔝
סרטון ממש מושקע ויפה,🔥
לפני שאתה מעלה את הסקירה תעדכן את המכשיר,😀
הטלפון מטורף אני בדיוק צופה בסרטון הזה איתו,😉
תוצאות של ההגרלה הקודמת - http://bitly/2ZayZ4uלפון XIAOMI MI9T גרסא גלובלית! איך משתמשים בביטוח המכס - http://bitly/2J0gtlm   טלפון Xiaomi Mi9T גרסת גלובל 6/64 ב 26997$ + 23$ משלוח!כ ~ 980 ש&#39;&#39;ח! קופון BG8M9TCC  ממליץ לעשות ביטוח המכס בתוספת 14$ - לסמן Tariff Insurance בלבד בקופה!!! מחיר סופי כולל ביטוח המכס 28629$ כ 1011 ש&#39;&#39;ח! לינק - http://bitly/2FxaaE2   טלפון Xiaomi Mi9T גרסת גלובל 6/128 ב 29999$ + 23$ משלוח!כ - 1052 ש&#39;&#39;ח! קופון BG89T6C  ממליץ לעשות ביטוח המכס בתוספת 16$ - לסמן Tariff Insurance בלבד בקופה!!! מחיר סופי כולל ביטוח המכס 31829$ כ 1121 ש&#39;&#39;ח! לינק - http://bitly/2FslhxK ,✅
תוצאות של ההגרלה הקודמת - http://bitly/2ZayZ4uלפון XIAOMI MI9T גרסא גלובלית! איך משתמשים בביטוח המכס - http://bitly/2J0gtlm   טלפון Xiaomi Mi9T גרסת גלובל 6/64 ב 26997$ + 23$ משלוח!כ ~ 980 ש&#39;&#39;ח! קופון BG8M9TCC  ממליץ לעשות ביטוח המכס בתוספת 14$ - לסמן Tariff Insurance בלבד בקופה!!! מחיר סופי כולל ביטוח המכס 28629$ כ 1011 ש&#39;&#39;ח! לינק - http://bitly/2FxaaE2   טלפון Xiaomi Mi9T גרסת גלובל 6/128 ב 29999$ + 23$ משלוח!כ - 1052 ש&#39;&#39;ח! קופון BG89T6C  ממליץ לעשות ביטוח המכס בתוספת 16$ - לסמן Tariff Insurance בלבד בקופה!!! מחיר סופי כולל ביטוח המכס 31829$ כ 1121 ש&#39;&#39;ח! לינק - http://bitly/2FslhxK ,⏹
תוצאות של ההגרלה הקודמת - http://bitly/2ZayZ4uלפון XIAOMI MI9T גרסא גלובלית! איך משתמשים בביטוח המכס - http://bitly/2J0gtlm   טלפון Xiaomi Mi9T גרסת גלובל 6/64 ב 26997$ + 23$ משלוח!כ ~ 980 ש&#39;&#39;ח! קופון BG8M9TCC  ממליץ לעשות ביטוח המכס בתוספת 14$ - לסמן Tariff Insurance בלבד בקופה!!! מחיר סופי כולל ביטוח המכס 28629$ כ 1011 ש&#39;&#39;ח! לינק - http://bitly/2FxaaE2   טלפון Xiaomi Mi9T גרסת גלובל 6/128 ב 29999$ + 23$ משלוח!כ - 1052 ש&#39;&#39;ח! קופון BG89T6C  ממליץ לעשות ביטוח המכס בתוספת 16$ - לסמן Tariff Insurance בלבד בקופה!!! מחיר סופי כולל ביטוח המכס 31829$ כ 1121 ש&#39;&#39;ח! לינק - http://bitly/2FslhxK ,📢
תוצאות של ההגרלה הקודמת - http://bitly/2ZayZ4uלפון XIAOMI MI9T גרסא גלובלית! איך משתמשים בביטוח המכס - http://bitly/2J0gtlm   טלפון Xiaomi Mi9T גרסת גלובל 6/64 ב 26997$ + 23$ משלוח!כ ~ 980 ש&#39;&#39;ח! קופון BG8M9TCC  ממליץ לעשות ביטוח המכס בתוספת 14$ - לסמן Tariff Insurance בלבד בקופה!!! מחיר סופי כולל ביטוח המכס 28629$ כ 1011 ש&#39;&#39;ח! לינק - http://bitly/2FxaaE2   טלפון Xiaomi Mi9T גרסת גלובל 6/128 ב 29999$ + 23$ משלוח!כ - 1052 ש&#39;&#39;ח! קופון BG89T6C  ממליץ לעשות ביטוח המכס בתוספת 16$ - לסמן Tariff Insurance בלבד בקופה!!! מחיר סופי כולל ביטוח המכס 31829$ כ 1121 ש&#39;&#39;ח! לינק - http://bitly/2FslhxK ,➡️
אחלה סרטון!,👌
אחלה סרטון!,👍
אחלה ערוץ האינסטגרם-adarhaber,👌🏽
עשיתי הכול@orly_mekonenet (אינסטגרם) מקווה לזכות ,😜
היוטיוב הכי טוב שיש ביוטיוב אינסטגרם _taliahatuka,💙
אינסטגרם: ron_1995 בהצלחה ,🙏
איך בא לי ,🔋
סרטון אשש אפשר ליצור איתי קשר באינסטגרם: yakir053957,🔥
ראשונה האימייל שלי הוא agamfux1@gmailcomהאינסטגרם שלי הוא agamfux,✌
   הגרלה    ההגרלה תסתיים ב 22082019 תוצאות של ההגרלה הקודמת - http://bitly/2KnufOO תנאים לעשות מנוי לערוץ ולהפעיל את הפעמון - http://bitly/2ApZ4uQ להשאיר תגובה ובה לצייו איך אוכל ליצור איתכם קשר(אימיילאינטגרם או לינק לפרופיל הפייסבוקלינק חובה!!!)  במידה והזוכה לא עונה תוך 7 ימים הוא נפסל!,☑️
   הגרלה    ההגרלה תסתיים ב 22082019 תוצאות של ההגרלה הקודמת - http://bitly/2KnufOO תנאים לעשות מנוי לערוץ ולהפעיל את הפעמון - http://bitly/2ApZ4uQ להשאיר תגובה ובה לצייו איך אוכל ליצור איתכם קשר(אימיילאינטגרם או לינק לפרופיל הפייסבוקלינק חובה!!!)  במידה והזוכה לא עונה תוך 7 ימים הוא נפסל!,🔔
   הגרלה    ההגרלה תסתיים ב 22082019 תוצאות של ההגרלה הקודמת - http://bitly/2KnufOO תנאים לעשות מנוי לערוץ ולהפעיל את הפעמון - http://bitly/2ApZ4uQ להשאיר תגובה ובה לצייו איך אוכל ליצור איתכם קשר(אימיילאינטגרם או לינק לפרופיל הפייסבוקלינק חובה!!!)  במידה והזוכה לא עונה תוך 7 ימים הוא נפסל!,👇
בקיצור קונים שיאומי ,😉
אחלה סרטון,🔥
אחלה סרטון,❤
זה בגלל שהיא לא של שיאומי,😂
אני כבר שומע יותר מידי פעמים ביום שיאומי זה מתחיל להפחיד הם משתלטים על הכל ,😂
אחלה ערוץ!!תותח,👍🏻
אחלה ערוץ!!תותח,❤️
   לינקים      http://bitly/2M3BZaV - חיישן חכם לעציץ קופון BG8888PL   http://bitly/2JXJVaW - בקבוק ספריי קופון BGYJ555,2️⃣
   לינקים      http://bitly/2M3BZaV - חיישן חכם לעציץ קופון BG8888PL   http://bitly/2JXJVaW - בקבוק ספריי קופון BGYJ555,1️⃣
   לינקים      http://bitly/2M3BZaV - חיישן חכם לעציץ קופון BG8888PL   http://bitly/2JXJVaW - בקבוק ספריי קופון BGYJ555,👇
שם באינסטגרם: elirantbulאוהב אותך אנטון,👌
שם באינסטגרם: elirantbulאוהב אותך אנטון,🔥
הייי אחי נרשמתי לערוץ הפעלתי פעמון ונתתי לייק אהבתי את הסרטון והפייסבוק שלי הואאופק פינטו אתה תראה חולצה אדומה ושטח תודה אחי על ההגרלות שאתה עושה זה עושה לי יותר ויותר חשק לצפות שסרטונים שלך גאה בך אח שלי,🛎
הייי אחי נרשמתי לערוץ הפעלתי פעמון ונתתי לייק אהבתי את הסרטון והפייסבוק שלי הואאופק פינטו אתה תראה חולצה אדומה ושטח תודה אחי על ההגרלות שאתה עושה זה עושה לי יותר ויותר חשק לצפות שסרטונים שלך גאה בך אח שלי,❤️
הייי אחי נרשמתי לערוץ הפעלתי פעמון ונתתי לייק אהבתי את הסרטון והפייסבוק שלי הואאופק פינטו אתה תראה חולצה אדומה ושטח תודה אחי על ההגרלות שאתה עושה זה עושה לי יותר ויותר חשק לצפות שסרטונים שלך גאה בך אח שלי,🤩
עשיתי הכול אני חייב לזכות בשעות הזה נשבר לי השעון הקודם ה 3 ואבא שלי לא רוצה לקנות לי את ה 4  קישור לאינסטגרם שלי: https://wwwinstagramcom/p/Bz57s0RFbTC/?igshid=15ys77dykptadמקווה לזכות ,👍
עשיתי הכול אני חייב לזכות בשעות הזה נשבר לי השעון הקודם ה 3 ואבא שלי לא רוצה לקנות לי את ה 4  קישור לאינסטגרם שלי: https://wwwinstagramcom/p/Bz57s0RFbTC/?igshid=15ys77dykptadמקווה לזכות ,😭
אנטון עשיתי את כל השלבים אינסטגרם : dimarbazi,🙃
הו בדיוק רציתי לכתוב את זה :)מודד עוצמת האור בהחלט יכול לשמש לשימושים אחרים ויכול לחסוך לקנות עוד מכשיר יקר שעושה אותו דבר בערךואם כבר הגבתי אז ניכנס כבר להגרלה ככה זה צופים שקטים :)בטוויטר @shimi810 כן אני אחד מהגדולים שם  (נבוך),😀
עשיתי הכול האינסגרם שלי karin_avrajiv מקווה לזכות,😀
אימייל-shaharfaiga@gmailcomאינסטגרם-shaharfaiga_אינסטגרם שני-shahar_faigaאינסטגרם שלישי-spam_shahaפייסבוק-https://wwwfacebookcom/shaharfaiga5מקווה לזכות,🙏
אימייל-shaharfaiga@gmailcomאינסטגרם-shaharfaiga_אינסטגרם שני-shahar_faigaאינסטגרם שלישי-spam_shahaפייסבוק-https://wwwfacebookcom/shaharfaiga5מקווה לזכות,🤞
*לואיזה לא לוזיאנה מוצר מגניב רצח וסקירה מצויינת,😛
אם אני אזכה בהגרלה אז השם שלי באינסטגרם הוא: eyallevin16,🙏🏻
עשיתי את כל השלבים האינסטגרם שלי:omer_vanunu12,👌
   לינקים      - http://bitly/30R8YDu אקדח דבק חםאני משתדל להמשיך ולעמוד בקצבלייק מאוד יעזור להמשך!!!,1️⃣
   לינקים      - http://bitly/30R8YDu אקדח דבק חםאני משתדל להמשיך ולעמוד בקצבלייק מאוד יעזור להמשך!!!,👇
⁦סרטון טוב,👌
⁦סרטון טוב,👍
תודה אנטון אשמח לסרטונים על מוצרי גיימינג ו/או רטרו גיימינגקונסולות שלטים מתאמים ומיני פיסישוב תודה ,😊
רוצים תיקים של שיאומי,😜
התחתונים ,🤣
אלוואי שתבחר בי אבל נראה שלא אני רוצה לעשות מתנה לדוד שלי הוא בן 3 והוא ממש מבין בדברים כאלה,👍
אלוואי שתבחר בי אבל נראה שלא אני רוצה לעשות מתנה לדוד שלי הוא בן 3 והוא ממש מבין בדברים כאלה,❤️
רק שיומי אח שלי על תקשיב לאף אחד רק למה שאתה אוהב,👌
רק שיומי אח שלי על תקשיב לאף אחד רק למה שאתה אוהב,❤️
אני הלייק ה-655 הפעלתי פעמון נרשמתי לערוץ ושיתפתי את הסרטון שלך מאוד אהבתי את הדברים שלך מקווה שתצליח בתחום שלך אחי ואוהב אח יקר,🛎
אני הלייק ה-655 הפעלתי פעמון נרשמתי לערוץ ושיתפתי את הסרטון שלך מאוד אהבתי את הדברים שלך מקווה שתצליח בתחום שלך אחי ואוהב אח יקר,❤️
אני הלייק ה-655 הפעלתי פעמון נרשמתי לערוץ ושיתפתי את הסרטון שלך מאוד אהבתי את הדברים שלך מקווה שתצליח בתחום שלך אחי ואוהב אח יקר,🤩
אני הלייק ה 600 עשיתי סאב והפעלתי פעמון וגם אם לא אזכה אני אשאיר את הסאב והפעמון כי אתה באמת ערוץ טובהאינסטגרם שלי asaf ashkenazi 14 אני יודע שכנראה לא תבחר בי אבל הלוואייייייי שכןןןןן טוב בכל זאת אני אנסה תמשיך איך שאצה ערוץ מעולה,😀
סירטון טוב אינסטגרם: itayw9202,💪
מה קורה אנטון עשיתי את כל השלבים מקווה לזכות1 הפעלתי את הפעמון2 נרשמתי לערוץ3 עשיתי לייקיש לך את התוכן האהוב עליידרך ליצור קשרMaria__naviבאינסטגרם,👇
היי אנטון אני אשמח לזכות בהגרלה ובהצלחה לכולם *עשיתי את הדברים שביקשת 1 נתתי ליק 2 נירשמתי לערוץאינסטגרם miki_taga,✅
איזה חמודה החתולההההה,❤
1 נתתי ליק 2 נירשמתי לערוץ3 בבקשה תיצור איתי קשר לאינסתגרם השם שלי הוא(dvirtal),🙏
1 נתתי ליק 2 נירשמתי לערוץ3 בבקשה תיצור איתי קשר לאינסתגרם השם שלי הוא(dvirtal),✅
חולה עליך אנטון,👌
חולה עליך אנטון,❤
אנטון אתה פשוט מלך אתה מעביר לי את הזמן בכיף שאני חולה בחופש,😕
אנטון תודה על הסרטון על באמת רעיון נחמד להביא אורח מידי פעם (חוץ מלונה והחתולה) שיתן חוות דעת נוספת ויעזורנראה לי לפעם הבאה תזמין סקוואשים סליימים ודברים לילדים כשדוד אנטון עושה בייביסיטר,💜
טוב מאוד ,😃
תודה אנטון שבוע טוב ,💜
תודה אנטון שבוע טוב ,😊
   לינקים      http://aliski/wQ6V9E - לינקים לבוקסרים  http://grbest/W8_9e - פנס קטן של NITECORE ב 599  http://aliski/5CP4O - משטח לחיות  http://aliski/gX0hv - 100 גומיות לשיער  http://aliski/Nw0-p - גרביים חמות לחורף,4️⃣
   לינקים      http://aliski/wQ6V9E - לינקים לבוקסרים  http://grbest/W8_9e - פנס קטן של NITECORE ב 599  http://aliski/5CP4O - משטח לחיות  http://aliski/gX0hv - 100 גומיות לשיער  http://aliski/Nw0-p - גרביים חמות לחורף,👇
   לינקים      http://aliski/wQ6V9E - לינקים לבוקסרים  http://grbest/W8_9e - פנס קטן של NITECORE ב 599  http://aliski/5CP4O - משטח לחיות  http://aliski/gX0hv - 100 גומיות לשיער  http://aliski/Nw0-p - גרביים חמות לחורף,2️⃣
   לינקים      http://aliski/wQ6V9E - לינקים לבוקסרים  http://grbest/W8_9e - פנס קטן של NITECORE ב 599  http://aliski/5CP4O - משטח לחיות  http://aliski/gX0hv - 100 גומיות לשיער  http://aliski/Nw0-p - גרביים חמות לחורף,5️⃣
   לינקים      http://aliski/wQ6V9E - לינקים לבוקסרים  http://grbest/W8_9e - פנס קטן של NITECORE ב 599  http://aliski/5CP4O - משטח לחיות  http://aliski/gX0hv - 100 גומיות לשיער  http://aliski/Nw0-p - גרביים חמות לחורף,1️⃣
סרטונים ממכריםאינסטגרם: nuriel_yashar,🌟
עשיתי את הכל אם אני יזכה אתה יכול ליצור איתי קשר באינסטגרםMatan_official,👍
@zivalal99 אינסטגרם ונשארתי עד דקה 25,🙂
אוהב אותך אחי מת עליך ושתצליח בסאבים שלך שיהיה לך הרבה סאבים שיהיה לך הרבה לייקים מת עליך,👍
אתה מלך היוטיוב יגבר על חלל תודה רבה רבה על הסרטון הקטלני הזה מקווה לזכותהאיסטנגרם שלי הוא-helegharel,😜
אתה מלך היוטיוב יגבר על חלל תודה רבה רבה על הסרטון הקטלני הזה מקווה לזכותהאיסטנגרם שלי הוא-helegharel,✌
sh_deapool אולי אני אזכה פעם בחיים ,😂
אחלה של סירטון אוהב אותך Moshe_maimon18,❤
כרגענכון ל 1007 המחיר הוא 1999$ דולר http://bitly/2Wzz0ck - לקנייה קופון BGFT72,1️⃣
א נ ב ו ק ס י נ ג ה ג ד ו ל א נ ח נ ו מ ח כ י ם י א ח י ק ר ,😅
אחד הסרטונים שהכי אהבתי,👍
אחלה סרטון,👌
אחלה סרטון,❤
יש סרטון איזה כיף כמה זמן לא עשיתה סרטונים,🔥
תעלה סירטונים בבקשה ,🙏
ריח סיני אני אפילו אשתה מים,😅
ריח סיני אני אפילו אשתה מים,🤪
אנטון אלוף ,🏆
ואי שנים לא ראיתי סרטונים שלך  פעם הייתי קונה גם הרבה נגמלתי מזה קונה אולי פעמיים בשנה וזהו ורק מה שצריך,😀
הגעתי לאמצע של הסרטון אני ממשיך איתך עד הסוף,😁
אנטון ראיתי את הכל ,😉
סוף סוף סרטון ,🤘
אלוף ,🏆
כבר מכרת את האוזניות?,🤗
בתיאור של הסרטון שמת 2 קישורים לערוצי טלגרם שלך אבל עשית בשתיהם את אותו קישור,🤔
בתיאור של הסרטון שמת 2 קישורים לערוצי טלגרם שלך אבל עשית בשתיהם את אותו קישור,🔗
אנטון התגעגעתי אליך ,💓
סרטון טוב ,👌
התגעגענונראה מבטיח לעומת המחירתודה אנטון ,❤
אתה יכול בבקשה לעשות סקירה על xiaomi redmi note 7/7 pro פליייז אני מבקש,🤞
שכחתי שהערוץ הזה קיים ,😶
אחלה של סרטון עם אפשר לפעם הבאה לנסות לקצר טיפה בשביל שלא ישעמם מת עליך אנטון,❤
אנטון אנחנו מתגעגעים אלייך בבקשה תחזור,💪🏽
אנטון אנחנו מתגעגעים אלייך בבקשה תחזור,🙏🏽
״כבלים קצרים של 20 מטר״ ,😂
פייי איזו השקעהאנטון כל הכבוד ,😊
אני אשמח מאוד לטלפון כי לאחותי יש יום הולדת 9 ואצלנו המשפחה לקנות לה טלפוןבכל זאת עם לא אני עדיין ישאר מעריץ שלך,😊
אני אשמח מאוד לטלפון כי לאחותי יש יום הולדת 9 ואצלנו המשפחה לקנות לה טלפוןבכל זאת עם לא אני עדיין ישאר מעריץ שלך,😛
חולה עילך מאז שאני צופה בך באמת שכל סרטון שלך הוא מעניין עד הסוף,👍
תודה על הסרטוןאהבתי את איכות הצילום והעריכהשאפו אנטון עבודה נהדרת ,😊
אני אישית מעדיף הכללל!!!!אין עלייך אנטון!!,😎
אני אישית מעדיף הכללל!!!!אין עלייך אנטון!!,😇
העיייי אני רוצה לזכותתת ,❤️
אחי תודה רבה על ההגרלות לא מובן מאליו מקווה לזכות במשהו פעם ראשונה בחיים שלי ,👍
מה שלומך אנטון ,😃
הלוואי וכל היוטיוברים היו משקיעים בשביל הצופים שלהם כמוך וברור שעשיתי הכל בשביל ההגרלה מקווה לזכות,😍
עשיתי את  ואת השאר התנאים,👍🏻
חג שמח ושנה טובה לך אנטון ולכולם,😀
לייק לפני צפיה אוהב אותך אנטון כבר 4 שנים! אתה היית בין הסאבים הראשונים שלי עוד כשקיבלתי את הטלפון הראשון חח מאז אתה תמיד הסאב הכי הכי שלישהיה הלך חג שמח!↨,♥
אף פעם לא הבנתי למה צריך את זההאם מישהו עובר בטלוויזיה את השליש הראשון של הווליום בשימוש רגיל?טוב בכל מקרה תודה רבה אנטון היקר מאחל לך שנה טובה מלאה באושר עושר שמחה אהבה ובעיקר בריאות,💜
אף פעם לא הבנתי למה צריך את זההאם מישהו עובר בטלוויזיה את השליש הראשון של הווליום בשימוש רגיל?טוב בכל מקרה תודה רבה אנטון היקר מאחל לך שנה טובה מלאה באושר עושר שמחה אהבה ובעיקר בריאות,💛
אף פעם לא הבנתי למה צריך את זההאם מישהו עובר בטלוויזיה את השליש הראשון של הווליום בשימוש רגיל?טוב בכל מקרה תודה רבה אנטון היקר מאחל לך שנה טובה מלאה באושר עושר שמחה אהבה ובעיקר בריאות,💙
אף פעם לא הבנתי למה צריך את זההאם מישהו עובר בטלוויזיה את השליש הראשון של הווליום בשימוש רגיל?טוב בכל מקרה תודה רבה אנטון היקר מאחל לך שנה טובה מלאה באושר עושר שמחה אהבה ובעיקר בריאות,😊
אף פעם לא הבנתי למה צריך את זההאם מישהו עובר בטלוויזיה את השליש הראשון של הווליום בשימוש רגיל?טוב בכל מקרה תודה רבה אנטון היקר מאחל לך שנה טובה מלאה באושר עושר שמחה אהבה ובעיקר בריאות,💚
חג שמח ושנה טובה! ,🍅
חג שמח ושנה טובה! ,🍫
מקרן  קול של סמסונג או LG נמכרים ב - 550-450 שח לכן אין טעם לרכוש את אלו,🎥
מת עליך ועל הערוץ שלך,🙏
אחלה,👍
סרטון מעולה אנטון!אני אשמח אם תעשה אנבוקסינג הארוך או שתעשה יותר אנבוקסינגים קטנים או שבכלל תעשה הרבה יותר אנבוקסינגיםאבל בלי שום קשר סרטון מעולההה,👌
סרטון מעולה אנטון!אני אשמח אם תעשה אנבוקסינג הארוך או שתעשה יותר אנבוקסינגים קטנים או שבכלל תעשה הרבה יותר אנבוקסינגיםאבל בלי שום קשר סרטון מעולההה,👍
סרטון מעולה אנטון!אני אשמח אם תעשה אנבוקסינג הארוך או שתעשה יותר אנבוקסינגים קטנים או שבכלל תעשה הרבה יותר אנבוקסינגיםאבל בלי שום קשר סרטון מעולההה,💪
אני גם קניתי לא בדקתי לפני ולא ראיתי את הסקירה שלךאני קניתי לפני חודש את הנייד החדיש בלה בלה בלה מתאים לחצר וכל הבלוף של חברת CoolAirלא מומלץ בכלל מאוור ברכב של שנות ה 80 יותר טוב !!אני נפלתי ב 350 שח ללא צינון בכלל !מקווה שאתם לא !,🙏
אני גם קניתי לא בדקתי לפני ולא ראיתי את הסקירה שלךאני קניתי לפני חודש את הנייד החדיש בלה בלה בלה מתאים לחצר וכל הבלוף של חברת CoolAirלא מומלץ בכלל מאוור ברכב של שנות ה 80 יותר טוב !!אני נפלתי ב 350 שח ללא צינון בכלל !מקווה שאתם לא !,🥵
תודה רבה ,🌹
זה קולר לא מזגן זה טוב במקומות יבשים כמו אילת וירושלים ולא כשמאוד חם לא מתאים בכלל למקומות עם לחות גבוהה עדיף מאוור טוב למי שאין כסף למזגן אפילו עדיף לשים קרחון מול המאורר מאשר להשתמש בדארק הזה,😂
חחחחחבשלי המים זולגים החוצה,😮
חחחחחבשלי המים זולגים החוצה,😒
אתה יכול לקנות או לבקש שיביאו לך לסקירה ואנבוקסינג את המצלמה בשם instax mini 9 מומלץ מאיביי!!! בבקשה,❤
יש שם פורטנייט?זה משחק שאני זוכר מהילדות,😂
אנטון אחלה סרטון כרגיל (#ישן ),😉
צפייה נעימה חברים לא לשכוח להגיב ולשים לייק :) וכמובן להירשם להגרלה שווה - http://bitly/2trV4Zs http://tme/konimbesin - טלגרם חדש רק לדילים מגירבסט!  http://tme/konimbesin - ערוץ טלגרם לדילים אונליין ,👉
צפייה נעימה חברים לא לשכוח להגיב ולשים לייק :) וכמובן להירשם להגרלה שווה - http://bitly/2trV4Zs http://tme/konimbesin - טלגרם חדש רק לדילים מגירבסט!  http://tme/konimbesin - ערוץ טלגרם לדילים אונליין ,👈
אני ממש אהבתי את הנעל במיוחד ביחס למחירעלתה לי 190 ש&#39;&#39;ח ויש המון צבעים לבחירה צפייה נעימה! http://bitly/2trV4Zs - הגרלה שווה    לינקים     http://aliski/Bcohxg -הנעל זמינה במגוון צבעים http://aliski/ldfoh - חנות הרשמית של LI NING בעליאקספרס,👈
אני ממש אהבתי את הנעל במיוחד ביחס למחירעלתה לי 190 ש&#39;&#39;ח ויש המון צבעים לבחירה צפייה נעימה! http://bitly/2trV4Zs - הגרלה שווה    לינקים     http://aliski/Bcohxg -הנעל זמינה במגוון צבעים http://aliski/ldfoh - חנות הרשמית של LI NING בעליאקספרס,👉
אני ממש אהבתי את הנעל במיוחד ביחס למחירעלתה לי 190 ש&#39;&#39;ח ויש המון צבעים לבחירה צפייה נעימה! http://bitly/2trV4Zs - הגרלה שווה    לינקים     http://aliski/Bcohxg -הנעל זמינה במגוון צבעים http://aliski/ldfoh - חנות הרשמית של LI NING בעליאקספרס,👇
אני ממש אהבתי את הנעל במיוחד ביחס למחירעלתה לי 190 ש&#39;&#39;ח ויש המון צבעים לבחירה צפייה נעימה! http://bitly/2trV4Zs - הגרלה שווה    לינקים     http://aliski/Bcohxg -הנעל זמינה במגוון צבעים http://aliski/ldfoh - חנות הרשמית של LI NING בעליאקספרס,2️⃣
אני ממש אהבתי את הנעל במיוחד ביחס למחירעלתה לי 190 ש&#39;&#39;ח ויש המון צבעים לבחירה צפייה נעימה! http://bitly/2trV4Zs - הגרלה שווה    לינקים     http://aliski/Bcohxg -הנעל זמינה במגוון צבעים http://aliski/ldfoh - חנות הרשמית של LI NING בעליאקספרס,1️⃣
תגובה 7 ולייק 5 וצפייה שלישית ,😋
אנבוקסינג עם חבילות קטנותצפייה נעימה :) http://bitly/2trV4Zs - הגרלה [✓]http://tme/konimbesin - טלגרם חדש רק לדילים מגירבסט![✓]http://tme/konimbesin - ערוץ טלגרם לדילים אונליין,👉
אנבוקסינג עם חבילות קטנותצפייה נעימה :) http://bitly/2trV4Zs - הגרלה [✓]http://tme/konimbesin - טלגרם חדש רק לדילים מגירבסט![✓]http://tme/konimbesin - ערוץ טלגרם לדילים אונליין,👈
קצר וקולע יחסית למחיר זה טלפון ממש טוב ,👍🏻
קצר וקולע יחסית למחיר זה טלפון ממש טוב ,👌🏼
קצר וקולע יחסית למחיר זה טלפון ממש טוב ,😂
קצר וקולע יחסית למחיר זה טלפון ממש טוב ,👌🏻
קצר וקולע יחסית למחיר זה טלפון ממש טוב ,😬
צפייה ראשונה לייק ראשון ותגובה ראשונהמת עליך,💙
אשמח לתגובתם למטה וכמובן ללייק :) צפייה נעימה!http://bitly/2I4oyC0 - לקנות ממני את המכשיר ב 95$ כולל משלוח - נמכר,👈🏼
אתה תעשה סקירה ל-xiaomi mi 8טלפון שממשיך את ה-mi 6אחלה סרטון ,👌
אתה תעשה סקירה ל-xiaomi mi 8טלפון שממשיך את ה-mi 6אחלה סרטון ,😃
הסרטון מעולה תמשיך בפינה הזאת ,😀
שוקל קילו וחציהכוונה היא לתכולתו - 15 ליטריםאחלה סקירה תודה רבה!,😆
שוקל קילו וחציהכוונה היא לתכולתו - 15 ליטריםאחלה סקירה תודה רבה!,👌🏼
הזמנתי תודה רבה לך תבורך,🔥
הזמנתי תודה רבה לך תבורך,🙏🏼
אנטון מה עם הסכין,😂
לייק 5,👆
תעשה אנבוקסינג לאייפון x,😂
אחלה סרטון אנטון!ממש אהבתי תמשיך ככה!,😀
אחלה סרטון אנטון!ממש אהבתי תמשיך ככה!,😄
חחחחח אנטון כמה מוצרים אתה ערוץ הקניות! ,😂
חחחחח אנטון כמה מוצרים אתה ערוץ הקניות! ,😉
אחלה סרטון,👍
אחלה אנבוקסינג ,🤙
אני מת על הערוץ הזה,👍
עוד סרטון מעולה !!!!!!!!!,😄
סרטון פצצה יתותח,👌
רוצה מאוד לזכות באוזניות,🙏
מת עליך אתה אחד היוטיוברים הכי טובים בעולם (ואני לא מגזים) ,👍
ימלךךך אחלה אנבוקסינג,👑
אוהב אותך תמשיך איך שאתה יוטיובר הכי טוב ,❤
סרטון יפה מאוד ,👏
תודה על כל ההשקעה אנטון,😀
איך אני אוהב סרטונים של שישי ,😂
איך אני אוהב סרטונים של שישי ,😵
וואחד קליקבייטאז איזה אתה יותר טוב? :)במגוון מחירים מוצרי תינוקות - אלה דברים חשובים צריך להשוות אתה יודע ,😀
אתה יכול לעשות על ציפסים ושוקולדים,😓
ממכר זאת לא המילה חחחתקשיב לי ותיקח צ&#39;יפס בטעם מייפל בייקון ובטעם גבינה ממש טעים!(אני אבוא לטעום)+ממליצה לקנות שם ויטמינים למינהם במחירים מצחיקים+שמן קוקוס גם במחיר טוב+כל מיני תבלינים מעניינים אני בטוחה שישמש אותכם במטבח,😅
ממכר זאת לא המילה חחחתקשיב לי ותיקח צ&#39;יפס בטעם מייפל בייקון ובטעם גבינה ממש טעים!(אני אבוא לטעום)+ממליצה לקנות שם ויטמינים למינהם במחירים מצחיקים+שמן קוקוס גם במחיר טוב+כל מיני תבלינים מעניינים אני בטוחה שישמש אותכם במטבח,😁
אנטון אהבתי ממש את הסיקורים אתה ללא ספק ערוץ האנבוקסינג הכי גדול בארץ ואני הייתי שמח לראות סיקור של השעון,⌚
אנטון אתה יכול לקנות מדפסת תלת מימד זולה ולהראות לנו ולהגיד אם כדאי או לא ? בבקשה ותודה על הסרטון,😁
800מלך,👍
חולה עליך נשארתי עד סוף הסרטון בלי לדלג והעצה שלי שתעשה אנבוקסינג על משחקי ילדים עד גיל 13 אוהב אותך בייי,😙
חולה עליך נשארתי עד סוף הסרטון בלי לדלג והעצה שלי שתעשה אנבוקסינג על משחקי ילדים עד גיל 13 אוהב אותך בייי,👍
חולה עליך נשארתי עד סוף הסרטון בלי לדלג והעצה שלי שתעשה אנבוקסינג על משחקי ילדים עד גיל 13 אוהב אותך בייי,🙋
אני סוג של חדש בערוץ וזה כיף לשבת ביום שבת לראות את הסרטונים אתה מצחיק וזה כיף לצפות בך וזה תוכן טוב תמשיך ככה,❤
וואי וואי אנטון אחרי סירטון כזה נראה לי אתה צריך חופשה בתשלום משיאווומי  חחתודה רבה על הסירטון ,😂
וואי וואי אנטון אחרי סירטון כזה נראה לי אתה צריך חופשה בתשלום משיאווומי  חחתודה רבה על הסירטון ,❤
ימלךךךך אין עליך⁦⁩,❤️
אם היה שקל על כל מתאם טייפ סי שרכשת באינטרנט הייתי מיליונר !סרטון מעולה כרגיל,🚶
ימלך אין כמוך,👑
אף פעם לא שוכח תלייק ,😜
סוף סוף המשך כך ,😚
כל כך הרבה זמן חיכיתי לזה ,😊
צבע חומה,😂
תעשה אנבוקסיג על הדירה ,😄
סרטון טובתהנה בבית החדש,👻
סרטון טובתהנה בבית החדש,👍🏻
סרטון טובתהנה בבית החדש,🏡
בבקשה תעשה הגרלה,🙏🏼
גם לי בדיוק הגיעה מיטה כזאת וכן הצעצוע נהרס מהר (לונה יפיפיה),🐶
גם לי בדיוק הגיעה מיטה כזאת וכן הצעצוע נהרס מהר (לונה יפיפיה),🐕
איזו מושלמת היא!!איזה סוג היא?,😍
נראה שלונה לא מרוצה כול כך מהמעיל חהחהחה איזה פרצוף חמודה ,😃
נראה שלונה לא מרוצה כול כך מהמעיל חהחהחה איזה פרצוף חמודה ,🐕
אני רואה שהשעון עוד לא נמכר תוריד במחיר ואני קונה רציתי פשוט לקנות לא תדע מאיפה זה נפל לך מלפני שנים,😂
אוהב אותך ,😘
כשאתה רואה את הסרטון אחריי שעה והכל נמכר ⁦⁩,☹️
סרטון מצוין ממש אהבת! גם אני עושה סרטונים כאלה שמחה שיש עוד מישהו אחלה סרטון,😊
סרטון מצוין ממש אהבת! גם אני עושה סרטונים כאלה שמחה שיש עוד מישהו אחלה סרטון,😜
אני צפיתי בהכוללל!!! אני בטוח שתזכה בתחרות לא כי אני אוהב אותך (אני כן אוהב אותך אבל זה לא קשור)אני חושב שאתה תזכה כי כול אחד ואחד פה שצופה בך חושב ספציפית שמגיע לך לזכות כי אתה עושה דברים שאף אחד אחר לא עושה בארץ בהצלחה!,♥
הזמנתי חבילה ב 1111 והיא הגיעה לי תוך 10 יום,😂
צפיתי עד הסוף ונרשמתי מזמן מלך ,🎥
צפיתי עד הסוף ונרשמתי מזמן מלך ,📸
צפיתי עד הסוף ונרשמתי מזמן מלך ,👑
צפיתי עד הסוף ונרשמתי מזמן מלך ,🏆
צפיתי עד הסוף ונרשמתי מזמן מלך ,🏅
ראיתי את כללל זהההה (על מהירות 125)הצבעתי לך בטקס של טופ גיק!,🤣
אותו בן אדם זכה בהגרלות פעמיים? חחחח כמה מזל לבן אדם אחד אני גם אם יהיו שני משתתפים ושני פרסים אני לא אזכה,😂
עוד לא התחלתי לצפות אבל אני יודע שזה לא אני,😔
מציאון בסין,☺
מציאון בסין,😊
מכירה בהפתעה,😉
כל הכבוד בחורף גם ,🙌
חחח לי נסעיה חינם רכב חברה ולינה חינם משפחה באילת,😂
תודה על הסרטון אנטון מאוד שימושי אני הייתי רגיל להשתמש במוצר שדורש מתח חשמלי (בשביל הרצת משחקים בפלייסטיישן 3)מה שכן אם על באמת רוצים שזה ישמש כזיכרון גיבוי רצוי לערוך בדיקת סקטורים פגומים ואיחוי לפני ששמים את הקבצים היקרים לנו על הדיסק הקשיח כי בדרך כלל לא סתם הדיסקים האלו עפים למגירה לצבור אבקאני חושב שהשימוש העיקרי למכשיר הזה הוא דווקא sos לחילוץ הקבצים לפני שאומרים עליהם קדיש,👍
יאללה מחרר!! מחכים בקוצר רוח,😃
יאללה מחרר!! מחכים בקוצר רוח,😀
יאללה מחרר!! מחכים בקוצר רוח,😄
נרשמתי ועשיתי הכל כבר ממזמן מקווה לזכות בהצלחה לכולםואנטון אחלה ערוץ תמשיך לעשות מה שאתה עושה תודה,😅
נרשמתי ועשיתי הכל כבר ממזמן מקווה לזכות בהצלחה לכולםואנטון אחלה ערוץ תמשיך לעשות מה שאתה עושה תודה,😜
נרשמתי ועשיתי הכל כבר ממזמן מקווה לזכות בהצלחה לכולםואנטון אחלה ערוץ תמשיך לעשות מה שאתה עושה תודה,😉
נרשמתי ועשיתי הכל כבר ממזמן מקווה לזכות בהצלחה לכולםואנטון אחלה ערוץ תמשיך לעשות מה שאתה עושה תודה,🤘🏻
עשיתי הכלל,😘
עשיתי הכול אנטון ,❤
אשמח מאוד לקבל תפלאפון,🙏
אנטון אני שיתפתי עשיתי לך לייקים על הכל אני צופה שלך כבר הרבה זמן מאוד אהבתי את הערוץ אני כל הזמן מנסה לזכות בהגרלות שלך אף פעם לא זכיתי מקווה שעכשיו כן עשיתי את כל הבקשות פירסמתי גם אשמח להשתתף,🙏
מזל טוב,❤
ומזל טוב ,😅
מורחים ביצה ,😅
פאק מה גם אני נולדתי ב311,😂
מזל טוב אנטון,🔥
מזל טוב ,😍
ריח סיני  הרגת אותי!,😂
מזל טוב ,😎
מזל טוב ,😋
מלא מלא מזל טוב ומאחלת לך בעיקר שתמשיך לעשות סרטונים כאלו מדהימים תמיד תמיד!,❤️
תודה רבה על הסקירה אנטון!לא הראת איך האוזניות יושבות על הראש חוץ מזה סקירה מעולה אתה עושה עבודה טובה תמשיך ככה,😀
אנטון אני אשמח ממש אם תשים יותר דילים על כרטיסי מסך בטלגרם תודה רבה ושבוע טוב ,😃
אנטון אני אשמח ממש אם תשים יותר דילים על כרטיסי מסך בטלגרם תודה רבה ושבוע טוב ,🙌
תגיד לי מאיפה אתה קונה את הטלפונים ואת זה,👆
ימלך בבקשה סקירה ,🤗
כמו תמיד אחלה סרטון אנטון,😎
לא שחכת לחתוך איזשהו חלק  5:44,😉
שלום אנטון אתה אחלה יוטיובררק רציתי להמליץ לך על הרחפן JY018 אני הזמנתי אותו מאתר גירבאסט הוא מתקפל ויכול ליהכנס לכיס וניתן לשליטה דרך הפלאפוןהרחפן יציב מאוד ויש לו יכולות ממש טובות ממליץ מאוד,👌
הי אנטון אני ממש אוהב לראות את הסקירות והאנבוקסיג שאתה עושה אני רשום לערוץ שלך כבר המוןןןן זמן ותמיד אני שמח לקבל התראות חדשות מהערוץ שלך ואני מאחל לך בהצלחה בהמשך הדרך בערוץ,❤
הי אנטון אני ממש אוהב לראות את הסקירות והאנבוקסיג שאתה עושה אני רשום לערוץ שלך כבר המוןןןן זמן ותמיד אני שמח לקבל התראות חדשות מהערוץ שלך ואני מאחל לך בהצלחה בהמשך הדרך בערוץ,💧
אשמח לקבל אותם,😎
היי אני חייבת ממש את אזרתך אני צריכה לעשות החזרות לא יודעת איך האם תוכל לעזור לי ???,🙏
אני מחכה למוצר ההזוי הבא (של שיואמי),😂
סרטון מעולה ואתה יכול לישלוח קישור למצלמה מהסירטון הקודם המצלמה שעולה 70 דולר אתה קראתה למצלמה הזאת המצלמה האגדית ואמרתה שתשים לינק ולא שמתה מקווה שתענה ותישלח לינק,👍
סרטון מעולה!,👌
ובאמת יש לך אחלה של ערוץ סרטונים מאד מעניינים ודברים מגניבים תמשיך להעלות סרטונים,👍
אנטון יא תותח כבל עם מסך 4K ,😂
ראשונה ,😄
למה איכות כזאת??,😭
מלך אתה כל כך משקיע בערוץ ופשוט מגיע לך כל סאב וסאב שווה מאוד לקחת 5-15 דקות מהחיים שלי ולצפות ממך פשוט כיף לצפות אנטון תודה!אשמח שתצמיד,😄
אוזניות ,✌
אני רוצה לזכות בבקשה במיקרופון,😁
אחלה סרטון ,😊
היי אני רשומה עם פעמון ולייק לסרטון מאוד רוצה לזכות ,😀
אני משתתף בהגרלה!!,😀
קוניםםםםם בסיןןןןןןןןןןןןןןןןןמלך ,♥
רוצה ללכת לישון אבל אתה לא מצליח ?!?!?!?!לך לסרטון של אנטון ,😀
אנטון אתה צודק בהחלט! לדעתי אם היית שם אנבוקסינג במקום face cam אז לדעתי הסרטון יהיה יותר מעניין לצפייה!כמו שעושים קומנטרי אז שמים למשל סי אסבמיוחד שזה סרטון של 18 דקותכך לתשומת ליבך,😃
ואוי מרוב חפירות על כבלים הכלים במוח התבלגנו וחסר לי כמה כבלים ,😁
מחאת הקונים: די עם הכבליםסתם אוהב את הסרטונים שלך מה שתעשה אני אראה!,☺
ממש כיף לצפות באנבוקסינגים הארוכים האלה תמשיך לעשות אותם,😄
לא יכול לשמוע יותר את המילה כבלים ,😂
נשארתי עד הסוףף !!! סרטון מעולההה ,😝
ערוץ טובאתה יכול בבקשה לעשות סרטונים על שעוני טלפון,👍
אחלה סרטון! ,♥
תתחדש אנטון מצלמה פצצה ,👌
נראה אדיר הראש/תופסן של הפלאפון מסתובב? (אורך לרוחב ולהפך/ זווית רחבה)מנגינת הרקע מיותרת ומעט מציקה לטעמי (לא עד כדי כך נורא),👍
עם היו שולחים לי את הצלב איתי מוריד את זה באסלה ,😂
גם אני קיבלתי היום את הכבל (יש כבר שניים),🙂
יא מלך _____,👑
זה שווה את זה חושב,😂
אנטון אני חדש בערוץ ועזרת לי מאוד בבחירת מוצרים מאלי אקספרס אז תודה על זה:) אם תוכל לסקר משטח קירור למחשב זה יהיה מעולה,👍
אני יקיר,😞
סרטון מעולה אנטון! ,❤️
אחלה סרטון ומאוד מעניין כל העיניין הסולרי וגאנג׳טים אלה נשמח לעוד דברים מעניים כאלה,👍
זה יקר מידי לאנשי העם הפשוטיםוגם גדול מידי,😂
זה עניין  תעשה סקירה על מטען סולרי,🙂
ראשון,😂
עשיתי הכל מקווה לזכות ,😀
עשיתי הכל אני רשום כבר לערוץ נתתי לייק עשיתי עוקב לייק ושיתוף בפייסבוק ומילאתי את התופס מקווה לזכות,😄
תודה על הסרטון אנטון האם יש אפשרות להזמין גם חלפים למשקפיים במקרה ונשבר או מתבלה חלק (ידית למשל או תומך) ?,😊
אני מתחנן תזמין גו פרו אני צריך לדעת איזה להזמין בבקשה עוד פעם אני מתחנן!!!! אם תעשה תודה!,😀
תודה על הסקירה אנטון לא נשמע כמו מכשיר ששווה 1700₪ על אף כל הזיכרון וה&quot;קדמה&quot; שיש בו,😊
המכשיר שלי מגיע ל- 49° בטעינה,😞
סרטון מצוין ממש אהבת! גם אני עושה סרטונים כאלה שמחה שיש עוד מישהו אחלה סרטון,😜
סרטון מצוין ממש אהבת! גם אני עושה סרטונים כאלה שמחה שיש עוד מישהו אחלה סרטון,😊
זאת סכין לתפוח לא לאבטיח,🤦
מלך מלך !!,😍
מלך מלך !!,😘
אני קניתי מאוורר מברזל שעושה המון רוח ב14 ש&quot;ח מאוד שווה ממליץ למי שרוצה לדעת קניתי מ urbanica אני לא יודע אם רשמתי נכון אבל תסלחו לי,😊
אהבתי ,😂
אהבתי ,😁
רק אני מתגעגע לפתיח? ,🤔
Cyanogen כבר איבדה תמיכה ונוצרו חלופות פשוט המפתחים עזבו אותה כי לא הייתה רווחיתסרטון טוב ,✔
הערוץ והקבוצה הכי מדהימים ברשת אתה עושה עבודה נהדרת ורואים את ההשקעה המדהימה שלך בשבילנואני מקווה שלמרות המעבר למשרד נזכה לראות/לשמוע את לונה מידי פעם (גם היא חלק מערוץ היוטיוב)המון בהצלחה ,😊
אנטון יש לך ערוץ מעניין וטוב! גאה להיות בין הסאבים הראשונים,❤️
אני רוצה להזמין מלא דברים אבל אין לי מי שיזמין לי יש מצב אתה צר איתי קשר ועוזר לי תודה תדבר איתי אני יביא לך את המיספר שלי,😜
תעשה סרטון איך אתה מסדר את המשרד שלך/על המשרד שלך,❤
אני פעם ראיתי אותך במחשב (מה שאני רואה איתו עכשיו זה טלפון) ורק נרשמתי דרך המחשב ושחכתי ממך  אבל באמת אהבתי אותך אני לא ישקר וראיתי אותך מלא מלא פעמים אוהבת,😅
אני פעם ראיתי אותך במחשב (מה שאני רואה איתו עכשיו זה טלפון) ורק נרשמתי דרך המחשב ושחכתי ממך  אבל באמת אהבתי אותך אני לא ישקר וראיתי אותך מלא מלא פעמים אוהבת,😘
אני אשמח להשתתף בהגרלה אני הכי אוהבת את הטלפון החדש של גאלקסי למה ? כי הוא ממש טוב ואני מסתדרת איתו למה אני רוצה לזכות בהגרלה?  כי לאבא שלי יש עוד מעט יום הולדת והוא אמר שהטלפון שהראת בסרטון ממש טוב והוא היה כל כך רוצה שהיה לו את הטלפון בכיס שלו אז אני חושבת שזה ישמח אותו אם אזכה אוהבת  ניקול גוטמן לינק לטלפון http://wwwsamsungcom/il/smartphones/galaxy-s8/?cid=il_ppc_google_galaxys8launch_20170504&amp;gclid=CjwKEAjw-LLKBRCdhqmwtYmX93kSJAAORDM6Qd2FIpeKgPaI0u2OdD9NSH4L_GxT229bXsfVwwwBNBoCGiPw_wcB,❤
אני רוצה את השיומאי כיוון ששמעתי שיש לו מצלמה מעולה ולי יש טלפון עם מצלמה לא טובה אשמח לזכות! לינק https://mlightintheboxcom/he/red-mi-4x-5-0-miui-4g-smartphone-dual-sim-octa-core-13-mp-3gb-32-gb-black_p5636135html?prm=1350מת על הערוץ שלך ומקווה לזכות! למרות שאני יודע שאני לא יזכה,😶
Xiomi בכלל שנשבר לי הטלפון ואין לי תקציב לקנות חדש,😭
השרת האחרון של סיאס 16 נסגר כבר מזמן,😭
הערוץ שלך אחלה אהבתי את העכבר גיימינג עם יהיו יותר אנבוקסינגים על עוד סמארטפונים זה יהיה מושלם!!!!!!,😎
אודיו שוב לא טוב ,😩
חייב לציין שלא ממש שמעתי הפרעות והתאורה היית סבבה לגמרי באמת אייכות תמונה טובה וסאונד סבבה לגמרי תמשיך ככה אנטון ,😃
תודה על האנבוקסיג גדול ,😀
כמה חיכיתי לאנבוקסינג ארוך,😃
רגע אין עברית בתוך ההגדרות ,🤔
מתי תתחיל להזמין דברים מעניינים/מגניבים ,🤦‍♂️
מתי תתחיל להזמין דברים מעניינים/מגניבים ,😫
אנטון חולה על הערוץ שלך ראיתי את כל הסרטונים פשוט ערוץ ממש טובאשמח שתפנק אותי במשהולא משנה מהמשתף את כל החברים שלי על הערוץ שלך,👌
אנטון חולה על הערוץ שלך ראיתי את כל הסרטונים פשוט ערוץ ממש טובאשמח שתפנק אותי במשהולא משנה מהמשתף את כל החברים שלי על הערוץ שלך,😜
אם נגיד בנסיעה לא יהיה לך כוס אז למה שמים רותחים יהיה לך?חחח ,💋
אחלה פינה ,👍
ישששששש זכיתי ,❤
רציתי ליזכות,😭
&quot;אני בחיים לא יעשה סרטון על שיאומי&quot; האיום הכי גדול שלך ,😂
תודה רבה אחי מידע יקר וחשוב נמנעתי מלקנות את השואב שלהם בגלל כל הסינית הזאת עכשיו חושב לקנות כי זה עולם אחר ,🙌
מחכה למצלמה שהמלצת לי!!,🤗
זה מגניב רצח וואו!,😱
תודה על הסירטוןחג פסח כשר ושמח אנטון אשמח אם תוכל לשוב לעשות סקירות גם על מוצרים/משחקים לילדים ודברים כמו צעצועים ובגדיםתודה רבה ושבת שלום ,💕
תודה על הסירטוןחג פסח כשר ושמח אנטון אשמח אם תוכל לשוב לעשות סקירות גם על מוצרים/משחקים לילדים ודברים כמו צעצועים ובגדיםתודה רבה ושבת שלום ,😊
נרשמתי ואני מאוד רוצה לזכות מילאתי את כל הפרטים ונראה לי שיש לי בעיה עם הפרטנר שלך אני כל כך רוצהההה לזכותתתתתתתתת,😆
הלוואי שאני אזכהההההה!!!!!יש לי מחר יום הולדת ואני ממש אשמח לטלפון חדש (אפילו שזה נגמר ב184),😉
אני רשום קבאר,👌
אני רשום קבאר,💓
עכשיו אתה אומר לפני יומיים קניתי טלפון חדש!,😂
עכשיו אתה אומר לפני יומיים קניתי טלפון חדש!,😢
הלוואי ואני יזכה אני בלי פלאפון ועבדתי חודש לקבל חדש בסוף הבוס שלי לא שילם נקווה לזכות,👏
בהצלחה לכולם,❤
בהצלחה לכולם,🎸
אלוף האלופים ,👑
אם תרצה לתקן רק שתידע מתה עלייך,💃
אם תרצה לתקן רק שתידע מתה עלייך,💋
החדר שלך נראה כמו סניף דואר ,😊
אני כבד שמיעה וקורה פעמים שאני מנסה גם לקרוא שפתיים כדי ללמוד קצת יותר איך להשתמש בחושים אחרים חוץ מהשמיעה כדי להבין את מה שאו רים לי,😅
אני לא חושב שאני יכול לסרב לאף סרטון נוסף של אנטון לא משנה מה הנושא,🌚
חשבתי לקנות כזאת ואוי!תודה עזרת לי מאוד אנטון,😅
איזו מתוקה הכלבה זאת לונה?שבת שלום ,😊
איזו מתוקה הכלבה זאת לונה?שבת שלום ,😍
כןןןןןןןןן בבקשה תוציא סקירה על הכפתור החכם של שיאומי שמראה מתי הם רעבים וכל זהיש לי כלבהואני באמת רוצה לדעת מתי היא רעבה ואם היא ישנה טובולפעמים שהיא בורחת לי אז אני יוכל לחפש אותהבבקשה תעשה סקירה,❤️
סרטון מצוין ממש אהבת! גם אני עושה סרטונים כאלה שמחה שיש עוד מישהו אחלה סרטון,🙃
סרטון מצוין ממש אהבת! גם אני עושה סרטונים כאלה שמחה שיש עוד מישהו אחלה סרטון,😝
יפה אתה גבר ,😎
יפה אתה גבר ,💪
משעממממממם ,❗
משעממממממם ,😒
צפיתי את כל הסרטון תמשיך כך יפה מאוד,👌
צפיתי את כל הסרטון תמשיך כך יפה מאוד,👍
צפיתי את כל הסרטון תמשיך כך יפה מאוד,😎
נחמד אבל יצא קצר,😟
סרטון יפה  יש לי שאלה זה גם מכבה את האור ? וזה מספיק בטוח לשים את הסיסמא של האינטרנט?,😉
שאפו הגרלה אחי! אוהבים את הערוץ שלך ,♥
ברכות לזוכה ,😀
אחלה סקירה אבל מה עם הסקירה על ה teclast tbook?,👍
היי אנטון תודה על הסרטוניםושאלה: תוכל לשים לי קישור של המגנט של הכבלים בקנייה מעלי אקספרס?אם יש כמובן,👍🏻
ישמצב שתקנה את המצלמה ותעשה אולי אנבוקסינג+סיקור בבקשהה??,❤
איך התגעגעתי לחבילות מויטקוסט,😍
תודה אנטון רציתי לשאול האם ישנם דמי משלוח שצריך לשלם בהזמנה?,😊
אין איזו חבילה אחת גדולה עם כל סוגי הצ&#39;יפס? משגע אותי להזמין כל פעם בנפרד,😂
טועמים בסין אחלה סירטון!,🤗
אודיי תודה רבה לך אתה עוזר מאווד,❤
ממש אהבתי ,👍
יש עוד אנבוקסינג ,😊
יש עוד אנבוקסינג ,👍
האיכות הראשונה נשמעת מעניינת מאודאנטון תודה רבה אתה אלוף תמשיך ככה,👍
חשוב לי להגיד שאתה באמת עושה אתזה טוב כיף לצפות בסירטונים שלךוכל השאר אני לא צופה כי הם חא מעניינים אבל אצלך מעניין והכל לא מובן מאליו תמשיך ככה ,👌
כל כך התגעגעתי לשמוע ״ריכוז המבצעים החדש״,❤️
אנטון אתה תותח תאמין לי ,♥
היי אני גם מכור להזמנות מסין ומתכנן להעלות תוכן דומה מידי פעם בעתיד בערוץ שלי אתה תותח ,👍
היי אני גם מכור להזמנות מסין ומתכנן להעלות תוכן דומה מידי פעם בעתיד בערוץ שלי אתה תותח ,😉
קיבלתי התראה ,😉
עשו לך בבושקה עם החבילה הזו ⁦,😂
הרגע הזה שלאנטון אין מה לקנות סרטון מעולה,😂
אבל האיתי מעדיף נוקיה ,🤣
אבל האיתי מעדיף נוקיה ,😋
יאח אנטון חולה עליך כפרה ,😘
יאח אנטון חולה עליך כפרה ,😳
אני אוהב אותך ,🎈
מגניב אחי אגב אין על הפנטום 4 מחכה שתעלה תוכנית משלך על הפנטום אח שלי,😀
יפה ,🙂
דרך חרא מקס חחח,😂
יש לך אונליין שם בסוני? כי יש לי סוני ואני רוצה להיות חבר שלך שם,😂
תתחדש  תגיד באמזון מקבלים גם מאסטר קארד בינלאומי ?,👍🏻
איך הכובע יהיה שבור?,😂
&quot;פטרייה בצורת קקי&quot; חחחחחחחחחחח גדול אתה,😂
תעשה unboxing כיף לראות את הunboxing שלך ,😁
למה אתה קונה חולצה בקסטרו ולא באסוס,😉
יפה תודה !  אני בהתלבטות אם מטען אלחוטי זה מוצר מיותר או לא אבל יבוא יום שאני אקנה גם את זה חח ,😜
יפה תודה !  אני בהתלבטות אם מטען אלחוטי זה מוצר מיותר או לא אבל יבוא יום שאני אקנה גם את זה חח ,😍
תזמין דברים טובים ומעניינים לאנבוקסינג ,🙃
אתה ,🔝
מלך ,👍
מזל ששיומי לא מוכרים סמים אחרת גם את זה היתה קונה ,😄
תזמין משהו ממש יקר ומעניין ותעשה אנבוקסינג מגיע לנו ,😁
סרטון מעולה כרגיל,👌
היי יש לי שאלה פעם היית מלמד בבעת ספר אהל שם ברמת גן ？ אשמח אם תענה ,😜
ארתור יש לך ערוץ סוס!תשנה את האינטרו של פתיחת הסרטונים זה כבר ישן,😑
אתה יכול ליקנות בגדים מסין וליסקור בערוץ?ערוץ תותך,😉
כל הכבוד אנטון,😘
הזמנתי כאלה הם פצצה(יש לי אותם חודש),💥
אנטון,😙
יש לך ערוץ מאד מענין ועוזר תמשיך ככה,👌🏻
אני חושב שתלך איתו למעבדה ואז תעשה סקירה,😎
אים יש לך כסף מיותר שאקנה את העדשות ב60,💱
אים יש לך כסף מיותר שאקנה את העדשות ב60,💱
סרטון מעולה ,👌
סוף סוף משהו שהוא לא שואב אבק או טלפון ,👍
אמרת ״עוד דבר אחרונה״ ,😁
מזל טוב לזוכים,👍
זה ממש מעניין סרטונים שהם לא רק על גאדג&#39;טים חשוב מידי פעם לגוון ולעשות גם כאלה זה ממש נחמד מציעה להזמין מותגים מוכרים וגם כאלה שלא ולחוות עליהם דעה סרטון מצויין כרגיל ,👍
אנטון אתה יכול להמליץ לי על טלפון טוב וזול חוץ מזה,☝
אסור סכין גילוח! ,😋
נתתי לייק ראשון,👍
סוף סוף לא טלפון ,👍
נרשמתי בהצלחה,😇
אחלה הגרלה אין ספק שאתה משקיע בצורה מדהימה מקווה לזכות,😅
אלללה אחלה ערוץץ בהצלחה לכולם,❤
אלללה אחלה ערוץץ בהצלחה לכולם,🚀
צופה ותיק של הערוץ בזמן האחרון כל פעם שאני צופה צצות פרסומות באמצע הסרטון  ממש מעצבן,😐
יום יבואו ואני אצפה בפתיחת הקופסה ה1000 שלך  מתקרב ל200 ,😂
יום יבואו ואני אצפה בפתיחת הקופסה ה1000 שלך  מתקרב ל200 ,😉
מה עם הסקירה על הmi4c ? ,😔
סרטון מצוין ממש אהבת! גם אני עושה סרטונים כאלה שמחה שיש עוד מישהו אחלה סרטון,😝
ממש הואב ,👍
השערה של האישה הסיניתת,😂
אחלה סרטון שמתי לייק,👌
ביאסת אותי עם החיקוי הזה,😪
אנטון יש לי את האוזניות ביטס (המקוריות) חוץ מזה שאני מאוד אוהבת את העיצוב של זהמאוזניות עצמם ומהסאונד אני מממש ממש מאוכזבת הם עלו לי כל כך הרבה כסף לדעתי הן לא שוות את המחיר המוגזם  יש לי אוזניות פשוטות מאליאקספרס שנקנו במשהו כמו 8 דולר והן הרבה יותר טובות מהביטס פשוט חבל לשפוך את הכסף על האוזניות האלו,😨
אנטון יש לי את האוזניות ביטס (המקוריות) חוץ מזה שאני מאוד אוהבת את העיצוב של זהמאוזניות עצמם ומהסאונד אני מממש ממש מאוכזבת הם עלו לי כל כך הרבה כסף לדעתי הן לא שוות את המחיר המוגזם  יש לי אוזניות פשוטות מאליאקספרס שנקנו במשהו כמו 8 דולר והן הרבה יותר טובות מהביטס פשוט חבל לשפוך את הכסף על האוזניות האלו,😢
נראה שעדיף לקנות בלודיו אוזניות של מייזו,🤔
תמשיך עם טאבלטים וגם טאבלטי מחשב אין עליך,👌🏼
קצת הגזמת שהשארת את המשפט הזה חצי סרטון,😄
אני מצטער על כל הבלאגןבסוף אני כן אוכל להגיעאני ממש מצטער אנטוןנתראה ב-25,😜
מבואס רצח אני לא יכול לבוא ואני צופה מאוד ותיק,😿
בא לי לבוא חבל שלא אוכל ,😏
מתי הגרלה ?,😎
הקליפ בהתחלה הרג אותייי!! ,😂
מזל טוב עידן,🎉
מתכון טעים בשביל אחיקח בננה תוריד את הקליפה ותקפיקח 2-3 תמרים (תלוי במתיקות שאתה רוצה) תוציא את הגרעין ותקפיאחצי כוס מים 4-6 קוביות קרחאפשר גם חלב במקום מיםהתמרים זה בעיקר בשביל המתיקותיהיה לך גם חתיכות תמרים שזה מוסיף לטעםתהנה!תגיד לי איך יצא לך ואם אהבת! אני כשהיה לי בלנדר הכנתי בכל פעם(קניתי חדש לא מזמן ונשבר בגלל הקרח ): )אני מאמין שאזמין את זה אם זה יעלה במחיר הנכון אתה אחלה ארוץ נורא אוהב את הסרטונים שלך ואת התוכן!אשמח אם תעשה על עוד מוצרים כמו הבלנדר למטבח! (:,😊
מתכון טעים בשביל אחיקח בננה תוריד את הקליפה ותקפיקח 2-3 תמרים (תלוי במתיקות שאתה רוצה) תוציא את הגרעין ותקפיאחצי כוס מים 4-6 קוביות קרחאפשר גם חלב במקום מיםהתמרים זה בעיקר בשביל המתיקותיהיה לך גם חתיכות תמרים שזה מוסיף לטעםתהנה!תגיד לי איך יצא לך ואם אהבת! אני כשהיה לי בלנדר הכנתי בכל פעם(קניתי חדש לא מזמן ונשבר בגלל הקרח ): )אני מאמין שאזמין את זה אם זה יעלה במחיר הנכון אתה אחלה ארוץ נורא אוהב את הסרטונים שלך ואת התוכן!אשמח אם תעשה על עוד מוצרים כמו הבלנדר למטבח! (:,😁
אחלה סירטון אנטון ,👌
אחלה סרטון,👍🏿
אחלה סרטון,👌🏾
וואו מפגש שיקחת אותה אני גר בת&quot;א אבל לא חושב שאבוא קח בחשבון שאולי יהיה שם מלא צחוקים ושטויות ואולי לא תספיקו לדבר על הנושאים שאתה מתכנן אני חושב שמדריכים כאלה אפשר תמיד לעשות בסרטונים המעולים שאתה מעלה ,👍
ביג לייק לסרטוןבנוסף אני חושב שריכוז המבצעים הבא שתעשה תעשה אותו יותר על גאדג&#39;טים בגלל שחלק מהצופים יהיה להם יותר מעניין(כמוני)אשמח עם תיתן על זה מחשבה!נבשאני מדבר על גאדג&#39;טים אני מדבר על כרטיסי זיכרון מטענים ניידים וכו,😝
תדבר בבקשה על קניה ומכירה בeBay ונראה לי שעדיף שתעשה שידור חי לאלה שלא יכולים לבואתודה על הסרטונים,😃
תיק מגניב ונוח מאוד הזמנתי אותו בצבע שחור לפני כמה חודשים :) הכי יפה זה ה secret pocket ,😉
שאתה מדבר מהר זה גורם למי שצופה בך להיות לחוץ כמוך כמו שאתה נראה בסרטון התגובה לא נועדה להעליב חלילה,☺
הורגות אותי התגובות של &quot; זה לא מסין אני מכיר את המותג&quot;,😂
האנבוקסינגים הגדולים הכי מעניינים אני אישית אוהבת ,👍🏻
עשיתי הכל ואחלה ערוץ מגיע לך יותר,👌
עשיתי הכל ואחלה ערוץ מגיע לך יותר,😉
נרשמתיאיזה כייף שיש הגרלה הלוואי ואזכה ואביא את זה לאבא שלי או לאחייום מצויין,😆
נרשמתיאיזה כייף שיש הגרלה הלוואי ואזכה ואביא את זה לאבא שלי או לאחייום מצויין,😀
תותח כרגיל ,😍
תותח כרגיל ,😘
עשיתי הכל ,🤘
תודה על הפירגון אנטון שמח לעזור ,😊
דואר טורקי אני במקומך לא היתי פותח ,😜
יש גם בני אחד עשרה,😜
אחי תלמד לא לקחת ללב לכל דביל שאומר משהו אני מרוצה מהפעילות של הערוץ וכל מה שאתה עושה למען כולם!אז תודה על הכל אחי ,😊
אחי תלמד לא לקחת ללב לכל דביל שאומר משהו אני מרוצה מהפעילות של הערוץ וכל מה שאתה עושה למען כולם!אז תודה על הכל אחי ,👍
&quot;יש לי בעיה עם אנשים מטומטמים&quot;,😂
מזל טוב אנטון 2 מיליון צפיות ,😎
מעולה להזמין מסין אני צריכה רצועות לשעון בארץ זה עולה כמו בית ובסין זה עולה 6 7 שקל עכשיו בסין יש סוג שאהוב עלי וזה בד בארץ אין את זה,🙄
יש מצב שנראה אותך עם אחד השעונים שהזמנת?,😊
רק חבל שאי אפשר להוריד לשם פוקימון,😂
כמו שאמר הראל זה חיקוי של העיצוב של ה Samsung Gear S2 Classic אבל הם לא כללו ממש את הכל הפיצ&#39;רים של העיצוב כמובן כמו הטבעת מסביב שהיא גם לוקחת חלק באופן השימוש במקור שלההאנבוקסינג כמו תמיד קצר וענייני אנטון ,👌
כמו שאמר הראל זה חיקוי של העיצוב של ה Samsung Gear S2 Classic אבל הם לא כללו ממש את הכל הפיצ&#39;רים של העיצוב כמובן כמו הטבעת מסביב שהיא גם לוקחת חלק באופן השימוש במקור שלההאנבוקסינג כמו תמיד קצר וענייני אנטון ,👍
ריכוז מעולה תודה ,👍
אנטון אני יכול להגיד בברור כבר קניתי את הדגם הזה מאיביי הרמקול הזה נשמע יחסית חזק ויש לו בסים ממש טובים לפי דעתי לרוץ לקנות ,👍
אנטון אני יכול להגיד בברור כבר קניתי את הדגם הזה מאיביי הרמקול הזה נשמע יחסית חזק ויש לו בסים ממש טובים לפי דעתי לרוץ לקנות ,😃
תבקש מהרופא משפחה הפניה לפסיכולג זה יעזור,😜
יעשו חיקוי לחיקוי,😂
כבר יש אנדרואיד 7 ,😐
לייק !,👍
ברגע זה הרווחת ביושר את הלייק,👌
יותר מחצי מהסרטון הוא על התאורה,😂
הייתי רוצה להיות גומי ,😂
הייתי רוצה להיות גומי ,👍
לא יודע אם שמת לב אבל היום הערוץ קיים שנתיים 2 ביולי ,☺
יש לו קשקשים  מת עלייך!!,😂
יואוווווו אנטון איזה קצב כל הכבוד וואוו,👍
כל הכבוד לך!!! אנבוקסינג מעולה,👍
היי אנטון האם אתה מעוניין ברחפן של syma x5sc-1 שמעתי שהוא פצצה למתחילים ודרך אגב רחפן כזה לא בקלות נישבר כי הזכרת בסרטון שלקנות מוצר ללמוד ולרסק אז עם הרחפן הזה אפשר לרסק אותו באהבה כי 90% לא יישבר ,😂
חשבתי שיש פה סיני קטן בפניםוואי קרעת אותיי,😂
״אני כבר אצור איתך קשר אתה נראה בסדר״That&#39;s what she said ,😏
אנטון תעשה לי שניצל יש לי מתכון סודי בו נעשה החלפות,😋
תמשיך בהגרלות מושקעות כאלה,👌
שכחת לפתוח תרחפן הקטן,😼
תזמין את האוזניות מעניין אם הם באמת איכותיות אחלה סרטון! ,👍
אמרת סוללות במקום אוזניותאתה ענק אנטון כבר מחכה לשבוע הבא לאנבוקסינגיםםםםם,😄
מוצר בליאדי ,😂
תודה אחלה ערוץ,😘
תותח אתה אנטון תמשיך ככה! באמת כל הכבוד על הכנות מחכה לסרטון של דיבור חופשי או משהו בסגנון ,😉
המהירות הכפולה נשמעת כמו ערוץ הקניות ,😂
בהצלחה לכולם,👍
בהצלחה לכולם,😝
הרגע הזה שאין פייסבוק,😢
חחח מסכן כמה נרטבת,😥
מקווה שהסירטון הבא היום לא יהיה מאכזב כמו זה חג שמח ,🙂
אחלה אנבוקסינג,👌
אחלה אנבוקסינג,👏
תודה,👍
שתיים בלילה!:-:-),😱
שתיים בלילה!:-:-),👍
ביננו למי אין את הבלטות האלה בבית?,😜
יפה שהקשבת לי,😄
ב5:35 ראו אותך,😂
אולי תעשה סרטון של מאחורי הקלעים? תראה את השולחן המפורסם ואת התוכנת עריכה שלך אפילו הדואר שאתה מביא חבילות,😁
מי שמוריד סאב = הפסד שלו ,☺
חחח אנטון אני מתה מצחוק אתה מדבר מדבר תוך כדי שאתה פותח את החבילה ואז פתאום מה זה?,😂
חם מאד ,😂
איך ניהיתה רציני ,😂
מגיע לך יותר מי 10000 כל הכבוד על השקעה והזמן של הסירטונים זה לא מובן מאליו נהנת לצפות בהם בזמן החופשי שלי,👌
מגיע לך יותר מי 10000 כל הכבוד על השקעה והזמן של הסירטונים זה לא מובן מאליו נהנת לצפות בהם בזמן החופשי שלי,👍
מגיע לך יותר מי 10000 כל הכבוד על השקעה והזמן של הסירטונים זה לא מובן מאליו נהנת לצפות בהם בזמן החופשי שלי,❤
תודה על כול הסירטונים גבר ומזל טוב על 10000 מנווים תמשיך להעלות סירטונים,☺
איך אתה מגדיר ריח סיני?,😁
אנטון בהצלחה אני מאוד אוהב את הסירטונים שלך תמשיך כך,💪
כן התכוונתי לפיצוי ותודה שענית,😃
אחלה של אוזניות ‏היה לי ed3 ו‏אהבתי אותם מאוד וקניתי את ed9 גם הם טוב מאוד תודה על סרטון ‏שכנע אותי לקנות ‏אותם ,😀
אנטון!!! הכותרת Aliexpress,😼
יש חברה טובה יותר משיומי?,😜
הזמנתי את הרפיטר של שיואומי והוא עובד אפילו טוב בשביל להפעיל אותו צריך להוריד את האפליקצייה של שיואומי( mi home),👍
אנטון הרגת אותי בסרטון הזהה!!,😂
אנטון הרגת אותי בסרטון הזהה!!,😂
בטעם ילדה קטנה,😂
ישש!! סופסוף זה יצא חיכיתי כל כך הרבה זמן! אנטון אתה מלך לא הרגשתי איך עבר 22 דקות!ושאפו על הסבלנות עם הכלבה שאוכלת לך בלי סוף,😆
למה יש לך מגן ורוד ,😂
בדיוק היום קיבלתי את החצובה הזאת והיום אלך להביא מהדואר כבוד שהזמנתי מאותו מוכר שלך,😄
אני לא חושב ששמת נכון את הנענע  החלק התחתון זה סוחט פירות להכין מיצים וכאלה ככה שאתה סוחט למשל תפוז ישר לתוך הבקבוק ויש מיץ טרי סרטון מעולה!,😜
ראשון,😛
חח עוד שיאומי עוד שיאומי עשית אותי מלירדארים,😂
זה עכבר לא כזה טוב לגיימינג אני משחק הרבה והיא לי כל מיני עכברים אבל הוא זל ולא טוב לדעתי,😌
אחלהה ,😃
אחלהה ,😄
תפנה למוכר של המתאם,😁
תתחדש!!!,👏
תעשה סירטון על j7 אני רוצה ליקנות אבל אני לא יודעת עים הוא טוב,👌🏻
תעשה סירטון על j7 אני רוצה ליקנות אבל אני לא יודעת עים הוא טוב,😏
מה עם שיומי,😂
מה עם שיומי,😃
אנטון אני מספר 9 ותמיד יוצא מספרים גדולים,😔
מתי תעשה לאייפון 7?,🙏
פעם הבאה תחקור לפני שאתה עושה משהו על אייפון אחרת אתה באמת יוצא פיתה,😉
פתיח ממש חמוד,👍
3 סרטונים ב24 שעות הכל בסדר ? ,😀
הוא יתן בוקס עם היד השניה ,😂
תודה לא ידעתי מה לעדות עם חצי מהדברים,😍
תודה לא ידעתי מה לעדות עם חצי מהדברים,😍
קונים בסין זה יותר טוב מיזהוהוא מעצבן,😃
הצלתה לי תחיים תודה אלוף,💚
אלק 80 מגה פיקסל,😂
אגב היה לי כזה הוא היה מ ע פ ן,😂
שומעים פיקס אחי אחלה אנבוקסינג ,👍🏼
וזה גם לא דומה ג&#39;לקסי 2,😂
אבל חדש באתרי קניות עולה 70 שקל,😂
חחחחחחחחחח אלהיםםם זה מטורףףף,🤣
 בוללל,🤣
חח מטאטא של שיאומי הרגת אותי,😂
זה מטאטא של שיאומי,😂
&quot;האנבוקסינג הקטן&quot; שם לפינהממש אחלהה ,😂
&quot;האנבוקסינג הקטן&quot; שם לפינהממש אחלהה ,😜
יהיה ממש כייף אם באמת תיהיה פינה כזו,😊
כן תעשה עוד אנבוקסינגים קטנים ,😃
שבוע טוב,😀
לא יכלתי לראות,😢
לא יכלתי לראות,😭
מי עשה,👎
איזה כיף שחזרתה אנתון היה לי משעמם שההיתה בחופש,😢
אנטון סרטון מעולה ,😜
הייי אתה פשוט מדהים  חייבת לציין שראיתי את כל הסירטונים שלך  אני ממש אוהבת אותם  תמשיך לעלות סרטונים ,😂
הייי אתה פשוט מדהים  חייבת לציין שראיתי את כל הסירטונים שלך  אני ממש אוהבת אותם  תמשיך לעלות סרטונים ,😊
הייי אתה פשוט מדהים  חייבת לציין שראיתי את כל הסירטונים שלך  אני ממש אוהבת אותם  תמשיך לעלות סרטונים ,😃
הייי אתה פשוט מדהים  חייבת לציין שראיתי את כל הסירטונים שלך  אני ממש אוהבת אותם  תמשיך לעלות סרטונים ,❤️
לי יש ערוץ ממש מתחיל אשמח לקבל אצלך פרסום בחינם ,😀
תמשיך ככה יגבר אחלה סירטונים ,😜
למה אתה צריך SOLIDWORKS? ,😪
תתחדש ,👌
סרטון מעולה אנתון הזמנתי פעם מהמוכר הזה שעון דומהוהזיוף היה לא משהו,😐
במה אתה עובד?,🤔
אחלה טלפון נראה למרות שיש לי אייפון שש פלוס אבל הוא נראה משהו מטורף,😂
סרטון מעולה אנתוןטלפון ברמהמומלץ למי שמחפש טלפון איכותי וזולרציתי להזמין אותו לסקירהאבל ממש לא מזמן יצא xiaomi redmi note 3אז כנראה שהזמין אותו,👌
איזה חמודד אתה איך אתה משקיעה בערוץ כל הכבוד באמת,💜
תתחדש,👌
אין לי חברים שרואים את הסירטונים שלך  אשם שלי אסלאם,😢
תזמין דברים מעניינים יותר זה לא כזה מעניין מכונת גילוח או בוקסר ,😂
אחלה סרטוןשבת שלום,😀
הסרטון דיי מגניב וניראה איכותי ,👍
אתר טוב וזול אזמנתי 6 דברי תודה רבה,😁
סרטון יפה יותר מכול הטלפונים והכול בגלל שזה שימושי אז בסך הכול סרטון יפה,👍
אנטון אני יודע שאני חופר אבל שאלה אחרונה צריך לכתוב מספר דירה מתי שמזמינים מאלי אקספרס איפה שכותבים רחוב,😧
כמו תמיד אנבוקסינג מוצלח,😃
מחכה לסקירה המלאהאנטון אתה  כרגיל,👑
דוגי ,😂
ראשון ,😂
א טוב תודה,☺
אנטון אחלה סרטון כל הכבוד לך ,👍🏽
סרטון יפה אהבתי,👍
כל הכבוד לזוכים,🎉
עשיתי העל ובהצלחה לכולם והגרלה שווה,😊
עשיתי העל ובהצלחה לכולם והגרלה שווה,✌
היי תקשיב אני לא יכולה לעשות לייק זה לא נותן לי,🙁
היי תקשיב אני לא יכולה לעשות לייק זה לא נותן לי,☹️
היי תקשיב אני לא יכולה לעשות לייק זה לא נותן לי,😕
מבאס היה לאחי חבילה להגיעה לישראל והיה לו בעיה עם הכתובת של הבית (הכתובת היתה נכונה) וזה חזר לחנות ולא טרחו אפילו להשעיר פתק על הדלת או לידפוק בדלת חבל,😪
אין עליך אנטון הערוץ הכי טוב בישראל,👌
כמה זמן להביא כוס מים,😉
תודה שעניתה לי,😜
תמשיך להעלות סירטוני,👍
בחיי אתה מסביר מעולה,😁
כול הציפסים שאתה קונה מחול יש בשווצריה הקטנה ברמת גן בזול מאוד משהו כמו 15 שקל שקית גדולה תמיד אני קונה וזה כשר ,🤗
כול הציפסים שאתה קונה מחול יש בשווצריה הקטנה ברמת גן בזול מאוד משהו כמו 15 שקל שקית גדולה תמיד אני קונה וזה כשר ,😎
אחלה סרטון תמשיך כךאוהב את הערוץ שלך,😀
ואני אראה לאמא שלי את האתר הזה כי היא פשוט מבזבזת אלפי שקלים בחניות טבע על החטיפים הבריאים האלה ממש תודה וגם ככה יצא לנו להכיר עוד סוגי חטיפים שאולי גם לא מוכרים פה בארץ הקטנה שלנו אז תודה ואחלה סרטונים תמשיך ככה,👌🏻
ואני אראה לאמא שלי את האתר הזה כי היא פשוט מבזבזת אלפי שקלים בחניות טבע על החטיפים הבריאים האלה ממש תודה וגם ככה יצא לנו להכיר עוד סוגי חטיפים שאולי גם לא מוכרים פה בארץ הקטנה שלנו אז תודה ואחלה סרטונים תמשיך ככה,😜
ושנה טובה! ,👍
אנטון מגיע לך יותר צפיות וסאבים בלי ההגרלה אתה מלך בסרטונים וגם יודע לפנק תצופים רק בגללך התחלתי לקנות ב gearBest וכו&#39;וסתם מתי ההגרלה ואיך נרשמים,😜
אחלה של אנבוקסינג אנטון כל הכבוד ,👏🏻
תודה רבה ,😃
אחלה סירטון,😏
סוף סוף משהו לבנות ,😜
תמשיך עם אנבוקסינגים ארוכים ,👍
מה שיש בקצה של העט מחיר כביכול מחק זה סתם סוג של גומי לא ממש מיוחד ומה שבאמת מיוחד בעט מחיק זה בעצם הדיו שלו והדיון רגיש לחום וקור דיו של העט מתחמם הדיו הופך ללבן ואם שמים את הדף שמחקת ממנו את הדברים במקפיא לכמה שניות אז מה שכתבת יחזורכלומר הגומי שבקצה של העט מחיק הוא סתם מחמם את הדיו ולא עושה שום דבר אחראני אשמח מאוד עם תעשה ניסוי שתשתמש במייבש שיער או מצית אם אתה תשתמש במצית כדי לחמם את הדף אני מציע לך להשתמש במייבש שיער כי זה רק אוויר חם ולא יכול לשרוף את הדף ואני ממש אוהב את הערוץ שלך,👍
תענה אולי?,😑
תודה לך על התוכן הנפלא וכל מה שאתה עושה בשביל הערוך מקווה שתיהיה הגרלה או משהו לכבוד זה (אין לי מזל בכלום ),😅
כל הכבוד ,👍
מזל טוב חולה על הערוץ שלך תמשיך ככה!!,👏🏻
מזל טוב חולה על הערוץ שלך תמשיך ככה!!,‼️
תגובה ראשונה,😃
היא אנטון אני מעוניין לקנות את המכשיר שיש עליו הנחה ההוא ב100 דולר חברה שלי קנתה אותו לפני בערך שבוע והוא עלה לה 209 דולר גם היא קנתה אותו בפנדה או אחד האתרים שמוכרים את המכשיר אז בקיצור רציתי לשאול עד מתי המבצע נמשך?????? תענה מהר כמה שאתה יכול תודה,😄
שיתפתי בפייסבוק אני מנוי ועשיתי לייק לגיבסט אני בהגרלה? אשמח אם תענה לי,☺
מזל טוב לשנה!!!!איזה כיף הגרלהעשיתי את כל החוקים!!!!!! מקווה לזכות במצלמה,♥
ראשון,😃
אחלה של סירטון אנטון ,👍
קניתי במקרה את אותה המכונית לפני חודשיים בערך עשיתי עליה סרטון קצר ממש ויפהשלח הודעה בפרטי ואני אשלח לך,👌
אנטון תודה רבה על הסרטונים היום הגיעה לי הסוללה של שיאומי 10000mah ואני מאוד מרוצה ממנהואם אתה יכול בזמן הקרוב לעשות את הסקירה על השעון החכם של zeblaze כי אני שוקל לקנות אותו תודה,👍
אנטון תודה רבה על הסרטונים היום הגיעה לי הסוללה של שיאומי 10000mah ואני מאוד מרוצה ממנהואם אתה יכול בזמן הקרוב לעשות את הסקירה על השעון החכם של zeblaze כי אני שוקל לקנות אותו תודה,😀
אנטון באמת כל הכבוד שאתה משקיע כל כך הרבה בערוץ בין אם זה במובן של זמן ובין אם זה במובן של כסף פשוט ש א פ ו ענקי ,👏🏻
עשית לי חשק לאכול,😢
אנטון אתה מעביר לי את הזמן כל הזמן ואני ממש ממש אוהב לצפות בסרטונים שלך  במיוחד באלה של החבילות הגדולות הדברים הקטנים גאדג&#39;טים תודה רבה לך!,😉
אנטון בסרטון הקודם הגבתי לך שהסאונד חזק מידי ועכשיו תיקנת את זה והרבה יותר קל לראות את הסרטון! תודה רבה ,😃
אנטון יש מצב אתה מזמין לי כמה דברים אני ישלם כפול אין לי מושג בהזמנות מחול וחסרים לי כמה דברים שפשוט אין אותם בארץ תודה גבר ואין על הסירטונים שלך ,😘
אנטון יש מצב אתה מזמין לי כמה דברים אני ישלם כפול אין לי מושג בהזמנות מחול וחסרים לי כמה דברים שפשוט אין אותם בארץ תודה גבר ואין על הסירטונים שלך ,😕
 לא נותן לך לייק מה תעשה?,😃
הגיע לי השעון אבל יש לי בעיה מוזרה חיברתי אותו לבלוטוס ואז יש פונקציה שאתה יכול לשמוע שירים דרך השעוןהוא רושם לי איזה שיר מופעל אבל לא שומעים אשמח לעזרה,👆
התאורה הרבה יותר טובה מהסירטון הקודם,👍
פחות טוב ,😔
גרוע,😐
יש מצב אתה מכיר לי את הרקדניות שם שרקדו בשיר Dark Horse ? ;)אחלה סרטון ,♥
באמת זה הכי טוב שראיתי,😃
אמרת פלסטר מעץ על הפאזל,😂
אנטון יש לך ערוץ יוטיוב מצויין ,👌🏻
שוב פעם התבלבלת בין החיבוריםחיבור לשקע החשמל במכשיר הזה הוא micro usbולא מיני כמו שאמרתחוץ מזה מחכה בקוצר רוח לסקירה המלאה,😉
מקווה לזכות בהצלחה לכולם ,☺
אשמח אם תענה במהירות,🙏🏼
הייתי אחד מתחת לגבריאל ,😓
סוף סוף אפשר לראות שיש אנשים שבאמת מתעניינים ומבינים בכל מה שקשור לקניות באינטרנט ומזל טוב לערוץ הגיע הזמן 2000!!!!!!!,👍🏻
בן אדם גרמת לי אוגמת נםש 80$ כמעט נפל הטלפון מהידיים טוב שאתה רושם שזה שקל ולא דולר ,😂
רעיון טוב אבל אולי כדאי שתעשה שיעורי בית לפני הסרטון טוב טוב שלא תפספס משהו אחרי הכל זה רק 60 שניות (אישית הייתי אומר אולי אפילו 90 שניות בשביל לא להלחיץ)אלוף אתה,👍
רעיון טוב אבל אולי כדאי שתעשה שיעורי בית לפני הסרטון טוב טוב שלא תפספס משהו אחרי הכל זה רק 60 שניות (אישית הייתי אומר אולי אפילו 90 שניות בשביל לא להלחיץ)אלוף אתה,✋
למה שלא תעשה עוד סקירה בדקה?,😎
הכפתור לא תמיד עובד !!! הזמנתי של xiaomi מקורי והתקנתי את האפליקציה גם חלק מהפומקציות לא עבדו אז היה לי אסוס פדפון 1 לא יודע מה עכשיו אבל גם בסקרים בערוצי רוסיים הם רובם לא עובדים עם כל הפונקציות אחי שחכת אותי אההה?  ,😆
אני בכיתה ה׳ ואני מידה 42,😁
כי זה יותר קל לדבר מאשר להתכתב וחוץ מישה אין פייסבוק ואני לא יודע איך להיכנס לפורום,🐛
טלפון לא משהו היית כבר קונה לנובו פי780 ההוא סוסון עבודה עם 4000 בטריה וגם עוד מעט יהיה לו אנדרויד 5 אבל אח שלי תתחדש מי אני שאגיד לך מה טוב בישבילך  דבר איתי לא כאן יש לי הצעה ,😎
מי ביקש ממך כסף?,😂
אני הזמנתי את cx-30 והוא לא טוב בחלל בשווה לקודרוקופטר החר אתה שקרתה השלט לא אובד והוא נשבר מהר מאוד לא כדי להזמין לcx-30 אין שליטה בחלל בלתי אפשרי להזן אתו המצלה לא טובה בחלל הריזה טובה הוא לא טוב,😡
אני הזמנתי את cx-30 והוא לא טוב בחלל בשווה לקודרוקופטר החר אתה שקרתה השלט לא אובד והוא נשבר מהר מאוד לא כדי להזמין לcx-30 אין שליטה בחלל בלתי אפשרי להזן אתו המצלה לא טובה בחלל הריזה טובה הוא לא טוב,😠
הא כן?! לאיפה עברת? מזל טוב!!!,😛
אחי אני יכול אם אתה רוצה אני בן אדם אמין יש לי מוצרים אני ישלח לך אותם תעשה עליזה סקירה ותשלח לי אותם בחזרה ודרך אגב אני אשדודי,😊
העיקר הכוונה הגרלה שווה🖒,😆
העיקר הכוונה הגרלה שווה🖒,😅
זהו נירשמתי ועכשיו חסר לך שאני לא זוכה ב xiaomi ,😆
יפה,💪
יפה,👏
יפה,✌️
יפה,👍
אני מציע להוריד מהדפדפן blackmarket/appdroidבעיקרון התוכנות עושות את אותה הפעולהומה שהאפליקציה עושה זה פשוט להוריד אפליקציות בלי סיבוכים שתהנהמקווה שתהנה ושתוציא את הסקירה מהר,😊
עדכון חשוב תודה!!! ותרגיש טוב!!!,😊
תודה רבה ,👍
אפשר על דילדו ?,😅
קרש מעץ? ,😅
הסרטון יפה מאוד תמשיך ככה,👍
לייק ,👍
תתלפון מחתיבר כמו שעון ככם?,😉
הרסת לי את הילדות,😂
תודה רבה על ההסבר אנטון מאוד מפורט והכל ואשמח אם תוכל לעשות סקירה של שעון של חברת שרק פשוט הזמנתי דגם שאין עליו הרבה סקירות ביוטיוב אז אם תוכל להזמין sawback angelshark type b אני אשמח מאוד ראיתי כמעט חמישים סרטונים היומיים פשוט אני מאוד מתעניין בקנייה באינטרנט כמוך תודה רבה כולם מצויינים ,👍
יש לאחי את המכונית מכונית מעולה ממליץ לכולם!,😂
נורא אוהבת את הסרטונים שלך,❤
מה לעזעזל אתה עושה עם כל הפלאפונים האלההה,😂
