עידן רייכל וכל הפרויקט אתה פשוט אלוף השראה לחיים ובכלל לחברה שלנו מחכה לראות אותך אותכם בלוחמי הגטאות אלופים אילן דמתי מאיה אברהם אני כל כך מחוברת לשירים אוהבת אותך אותכם ,🏆
עידן רייכל וכל הפרויקט אתה פשוט אלוף השראה לחיים ובכלל לחברה שלנו מחכה לראות אותך אותכם בלוחמי הגטאות אלופים אילן דמתי מאיה אברהם אני כל כך מחוברת לשירים אוהבת אותך אותכם ,❤️
תותח!!!!!שיר מדהים!!!!!!אחד הזמרים הגדולים של ישראלכמה טוב לנו שיש אותם!!!!!!,💘
תותח!!!!!שיר מדהים!!!!!!אחד הזמרים הגדולים של ישראלכמה טוב לנו שיש אותם!!!!!!,🇮🇱
מקסים עידן כרגיל כמו תמיד בהצלחה ויום טוב ,🥰
מקסים עידן כרגיל כמו תמיד בהצלחה ויום טוב ,🌹
עידן ,❤️
עידן ,🔥
רייכל גם ברחבת הריקודים תודה אלוףףף! ,❤️
וואווווו מטורף אחשליייי זה אששששששששש ,🔥
וואווווו מטורף אחשליייי זה אששששששששש ,🔊
וואווווו מטורף אחשליייי זה אששששששששש ,🎧
כיף לשמוע גם בחתונות,💓
כיף לשמוע גם בחתונות,🙏
קרודקס המלך,🔥
ממעמקים קראתי אליך תוציא עוד שיר דחוף פצצות,😢
ממעמקים קראתי אליך תוציא עוד שיר דחוף פצצות,✨
ממעמקים קראתי אליך תוציא עוד שיר דחוף פצצות,😥
ממעמקים קראתי אליך תוציא עוד שיר דחוף פצצות,💥
ממעמקים קראתי אליך תוציא עוד שיר דחוף פצצות,😮
אלוף שיר מאוד יפה שיר סוף הדרך שיר להיט כל פעם מפתיע אותי מחדש בהצלחה בכל אחי,👍
העידן של עידן רייכל יחשב התקופה הטובה ביותר בעידן המודרני ,🏅
אחד מהשירים היפים ביותרפשוט וואוווווו,👏🏻
בא לבכות כששומעת את השיר איזה זכרונות אם רק היה אפשר לחזור הייתי &quot;טסה&quot;,💗
אחד השירים היפים פשוט מרגש שיר כמו כפפה ליד לקול ולבצוע של מרגלית צנעני הלב שלי מתכווץ כל פעם שאני שומעת אני דומעת נשבעת פשוט מרגש ויפה ! זמרת מרגשת לשיר ולחן מושלם,♥️
מושלם תענוג לשמוע בהצלחה,💗
איזה כייף שאת את  אומרים שיין משתבח עם הזמן ואני בטוח שאת יודעת מה אומרים על ויסקי  את וויסקי סינגל מאלט מהזן הכי נדיר שקיים עולם ,🍓
איזה כייף שאת את  אומרים שיין משתבח עם הזמן ואני בטוח שאת יודעת מה אומרים על ויסקי  את וויסקי סינגל מאלט מהזן הכי נדיר שקיים עולם ,❤️
איזה כייף שאת את  אומרים שיין משתבח עם הזמן ואני בטוח שאת יודעת מה אומרים על ויסקי  את וויסקי סינגל מאלט מהזן הכי נדיר שקיים עולם ,😄
איזה כייף שאת את  אומרים שיין משתבח עם הזמן ואני בטוח שאת יודעת מה אומרים על ויסקי  את וויסקי סינגל מאלט מהזן הכי נדיר שקיים עולם ,🙏🏼
איזה כייף שאת את  אומרים שיין משתבח עם הזמן ואני בטוח שאת יודעת מה אומרים על ויסקי  את וויסקי סינגל מאלט מהזן הכי נדיר שקיים עולם ,🎁
וואו וואו וואומרגול ורייכל אגדה!,❤️
הזמן מביא לי געגוע ערב ערב ,💛
הזמן מביא לי געגוע ערב ערב ,💫
וואוו סוף סוף עידן רייכל חוזר לביצועים הישנים של הפרוייקט ,😍
איזה שיר אימאלה נזכרתי לפני 40 שנה עוד שם ברוסיה הינו יושבים על הספספל כול שכנים צעירים בשכונה כול הלילה נוסטלגיה,❤
איזה שיר אימאלה נזכרתי לפני 40 שנה עוד שם ברוסיה הינו יושבים על הספספל כול שכנים צעירים בשכונה כול הלילה נוסטלגיה,❣
איזה שיר אימאלה נזכרתי לפני 40 שנה עוד שם ברוסיה הינו יושבים על הספספל כול שכנים צעירים בשכונה כול הלילה נוסטלגיה,🌹
איזה יופי,😱
עידן החביב ישראלי אמיתי כבוד גדול לזמר הישראלי,💕
עידן החביב ישראלי אמיתי כבוד גדול לזמר הישראלי,🇮🇱
איזה לחן איזה שילוב איזה מילים!! מהמם!! תודה על זה ,🙏
איזה לחן איזה שילוב איזה מילים!! מהמם!! תודה על זה ,❤
איזה נכס אתה עידן,😍
יוצר גאון איזה שילוב מושלם ,❤
צמרמורת! שילוב מנצח עידן ומרגול כל שיר של עידן רייכל מושלם ומשמעותי ,❤
שילוב יפה אחלה עידן רייכל,❤
שילוב יפה אחלה עידן רייכל,💙
אלוף גאון ,🎤
אלוף גאון ,💟
שיר אליפותתת אחלה פרויייקט,😚
שיר אליפותתת אחלה פרויייקט,❤️
אתה מהמםםם ומרגש ברמות מטורפות בהצלחה ילד יקר,💚
שיר מקסים עידן ויונתן מאוד נעים כל הכבוד ,❤️
שיר מקסים עידן ויונתן מאוד נעים כל הכבוד ,🙏🏻
לכל מי שאיבד מישהו יקר השיר הזה פשוט מפרקקק מרגש מאוד,🙏
שיר מרגש מאוד יהונתן שר מהמם ועם המון רגש כאח שכול בטוחה שהשיר מקבל עבורו משמעות רבה יותר,💞
לא יכולה לנשוםמושלם ותודה,💚
ואוו אין לי מילים איזה שיר עם הרבה משמעות שיר מנצח ,❤️
תותחים!,🙏
תותחים!,❤
תודה,💞
כמו כל שיר של עידן מדהים ומרגש וקול מושלם לבחור הזה!!!,❤
כתיבה משמעותית ומרגשת  והשירה בכלל אמאלה,❤️
וואוו איזה שיר איזו שירה מהממת ונקיה  השיר קורע ופוצע ,🙌
וואוו איזה שיר איזו שירה מהממת ונקיה  השיר קורע ופוצע ,💔
מרגש מאוד! השירים הנוגעים ובחירת הזמרים אתה אלוף עידןוהזמר שר נפלא נקי וחםתודה,‼️
מרגש מאוד! השירים הנוגעים ובחירת הזמרים אתה אלוף עידןוהזמר שר נפלא נקי וחםתודה,🙏🏻
וואו שיר מהמם ומרגש!,❤
אהבה מאוקראינה,😥
אהבה מאוקראינה,🇮🇱
אהבה מאוקראינה,🇺🇦
אלוף תוחת על שיר מאוד יפה שיר סוף הדרך שיר להיט כל פעם מפתיע אותי מחדש בהצלחה בכל אחי,❤
אלוף תוחת על שיר מאוד יפה שיר סוף הדרך שיר להיט כל פעם מפתיע אותי מחדש בהצלחה בכל אחי,👍
כל יצירה שיוצאת לעולם פשוט מרגשת מחדש! בהצלחה לשניכם ! ,✨
נוגע ללב ,💓
תותחח אוהב אותך,❤️
כמו כל שיר של עידן מדהים ומרגש וקול מושלם לבחור הזה!!!,❤
אתה מדהים תמשיך לשיר את שירך זה הכי קרוב לכוונת המשורר הכי אמין ,❤️
טוב מאוד,🌙
טוב מאוד,🙂
כי אין עליך מרגש תמיד ,♥️
מקסים,♥️
שיר ערש ללב תודה עידן על יצירות מופת שעושות טוב כל כך,🙏🏻
שיר ערש ללב תודה עידן על יצירות מופת שעושות טוב כל כך,♥️
מדהים יש לך קול שפשוט זורם ומחמם את הלבאין כמו השירים שלך!,❤
אין מילים באמת כמה שזה טוב,❤️
בסוףףף אין על אייל גולןן,🤪
שיר מקסים ונוגע עידן יודע לקלוע בול ללב ולרגש אהבתי מאוד,❤
מגניב פשות קסם חיבוק מאיטליה ,❤️
מגניב פשות קסם חיבוק מאיטליה ,🇮🇹
מגניב פשות קסם חיבוק מאיטליה ,🇮🇱
מגניב פשות קסם חיבוק מאיטליה ,🙏
מרגש השירה והכתיבה שלך כל כך עמוקה חודרת עמוק ללב ,❤
ביצוע מדהים תודה עידן ,👌
מוקדש לאמא שלי,❤️
ביצוע מדהים תודה עידן ,👌
הרבה יותר מוצלח מהגירסה הקודמת ,😃
מכל הכוכבים אתה מעביר קול רגוע משתק מרגש,👉
מכל הכוכבים אתה מעביר קול רגוע משתק מרגש,♥️
תודה,❤
תודה,🤍
איזה שיר מושלם !!!,😍
אין מילים באמת כמה שזה טוב,❤️
שיר מהמםיפה ומרגשאהבתי!!!,🌹
מם,💯
מושלםם,💕
איזה כיף! גאה לקחת חלק בפרויקט איתךיאאלה תרימו ווליום ותתחילו לרקוד :),❤️
גם הגרסה הזאת מקסימה תענוג לפתוח כך את הבוקר תודה לך עידן,🌺
גם הגרסה הזאת מקסימה תענוג לפתוח כך את הבוקר תודה לך עידן,🌿
שיר מדהים ,😀
אין אין אין דברים כמוך רייכל תודה לך על שירים יוצאים מין הכלל שירים מהממים מלאים ברגשאלוף,❤️
אין אין אין דברים כמוך רייכל תודה לך על שירים יוצאים מין הכלל שירים מהממים מלאים ברגשאלוף,🙏🏻
אין אין אין דברים כמוך רייכל תודה לך על שירים יוצאים מין הכלל שירים מהממים מלאים ברגשאלוף,😉
אלוף ,💯
אלוף ,🇮🇱
אלוף ,💙
וואוו! מקסים כל כך,❤
אוי זה מהמם,❤️
לגמרי רגע של אושר ,♥️
קסם כמו תמיד,👑
אוי זה מהמם,❤️
מדהים אתה עידן!! טוב שאתה קיים,❤
מהמם ,😌
מדהים יפה ממש,❤
מושלם ומרגיע לנוכח התקופה ההזויה בה נימצאים רבות לבבות באי ידיעה ,🎼
מושלם ומרגיע לנוכח התקופה ההזויה בה נימצאים רבות לבבות באי ידיעה ,🎤
מושלם ומרגיע לנוכח התקופה ההזויה בה נימצאים רבות לבבות באי ידיעה ,👍
מושלם ומרגיע לנוכח התקופה ההזויה בה נימצאים רבות לבבות באי ידיעה ,❤
לפעמים שירלא צריך הרבה~רק מילים מדוייקות וליווי מלטף של פסנתר•רגעים קטנים של אושר,🍃
וואווו,😍
האדם הזה פאר היצירה ! רגעים של אושר כל יצירה שלך שמגיעה לעולםבמילה אחת זכינו ,✨
האדם הזה פאר היצירה ! רגעים של אושר כל יצירה שלך שמגיעה לעולםבמילה אחת זכינו ,❤️
מקסים,❤️
דיי רייכל זה מושלם אתה לא מפסיק להפתיע אותיאין עליך רייכל אתה פשוט נדירהקול שלך מרגש אותיבקיצור רייכל אתה תותח מרגש ובעיקר נדיר,❤️
דיי רייכל זה מושלם אתה לא מפסיק להפתיע אותיאין עליך רייכל אתה פשוט נדירהקול שלך מרגש אותיבקיצור רייכל אתה תותח מרגש ובעיקר נדיר,😉
דיי רייכל זה מושלם אתה לא מפסיק להפתיע אותיאין עליך רייכל אתה פשוט נדירהקול שלך מרגש אותיבקיצור רייכל אתה תותח מרגש ובעיקר נדיר,💗
הניגון והרגש שאתה מביא איתך תמיד מביא שירים שכיף לשמוע עלה והצלח,♥️
 תודה לכולם על רגעים של אושר,❤
אין על עידן רייכל,♥️
אני אוהב אותך עידן רייכל!:-),🙌🏻
אני אוהב אותך עידן רייכל!:-),🙏🏻
ואווו איזה שיר עידן אין עלייך ,👏
ואווו איזה שיר עידן אין עלייך ,👍
עידן ימושלם! אני מסיימת כיתה ו ובחרו את השיר שלך בשביל שיר הסיום שכל השכבה שרה! המון אהבה מבית ספר אלמוג במעלה אדומים!!,❤️
זה שיר ממש מרגש עוד מעת אני מסימת כיתה ד ואני ממש עצובה כי אני לא היה יותר עם המורה שלי והיתה לי שנה נהדרת איתה והשיר הזה זה השיר של הכיתה היא אמרה לנו תודה עידן,🙏
איזה שיר יפה נדיר עידן רייכל ,❤️
השיר הכי יפה ששמעתי אי פעם,❤
שתדע שזה השיר למסיבת סיום שלי לכיתה ו&#39; המורה שלי מכורה לשירים שלך וגם אני ,❤️
תמיד מרגש מחדשיוצר ומוזיקאי בחסד עליון,👑
תמיד מרגש מחדשיוצר ומוזיקאי בחסד עליון,💜
יפה,😊
יפה,❤
‏השירים האהובים עליי הם שלך,❤️
‏השירים האהובים עליי הם שלך,💛
‏השירים האהובים עליי הם שלך,❤️‍🔥
שיר ממש יפה ,❤
מטורףףףףףףף אלוף !!!!!,🤍
שירים טובים יש לך עידן רייכל ,❤
שיר יפהפהתודה שאתה מעניק לנו הרבה מאוד רגעים של אושר,❤
שיר סופר מרגש שחודר עמוק לנשמה ועושה געגועים עזים לארץ! ,❤️
שיר סופר מרגש שחודר עמוק לנשמה ועושה געגועים עזים לארץ! ,♥️
איזה שיר אימאלה איזה מילים פשוט מושלם,🥰
איזה שיר אימאלה איזה מילים פשוט מושלם,😘
איזה שיר אימאלה איזה מילים פשוט מושלם,😍
איזה שיר אימאלה איזה מילים פשוט מושלם,🥰
איזה שיר אימאלה איזה מילים פשוט מושלם,😘
איזה שיר אימאלה איזה מילים פשוט מושלם,😍
איזה שיר אימאלה איזה מילים פשוט מושלם,🥰
איזה שיר אימאלה איזה מילים פשוט מושלם,😘
איזה שיר אימאלה איזה מילים פשוט מושלם,😍
אהבתי את השיר,🥰
וואו איזה שיר מדהים כמה נכונות ומדוייקות המילים והביצוע מהמםםם,❤
ואל תפחד מהעצב תמיד הוא ילך ויבוא ,🦋
תודה לאלוהים שיצר דבר מופלא שכזה,🥰
שיר מעולה ויפה,👏
אתה נכס צאן ברזל ! ,❤
שיר מהמם מעריצה שלך,✨
אין על עידן רייכל  זמר ענק שיר ענק אני אומרת הקליפ צולם בערבה ,😀
אין על עידן רייכל  זמר ענק שיר ענק אני אומרת הקליפ צולם בערבה ,👍
אין על עידן רייכל  זמר ענק שיר ענק אני אומרת הקליפ צולם בערבה ,☝️
שיר נוגע עמוק ומיוחד! ,👏
ואוו ואוו ואוו איזה רימיקססס אמלה פגזזזזאין עליך עידן,❤️
ואוו ואוו ואוו איזה רימיקססס אמלה פגזזזזאין עליך עידן,👑
ואוו ואוו ואוו איזה רימיקססס אמלה פגזזזזאין עליך עידן,😍
הכנסתי לפלייליסט שלי תודה!! ,💖
ממש כיף לשמוע את כל הרמיקסים לשיר  תודה לכל הדיג׳אים שלקחו חלק  ולזוכה הגדול שלנו א-ל-י מ-ת-נ-ה  #ככהמיוםליום,🙏🏼
ממש כיף לשמוע את כל הרמיקסים לשיר  תודה לכל הדיג׳אים שלקחו חלק  ולזוכה הגדול שלנו א-ל-י מ-ת-נ-ה  #ככהמיוםליום,🤩
מוכשר איש מקסים ,👏
מוכשר איש מקסים ,🌹
הגרסה החיה נפלאה אבל הרמיקס עם טריפל זה מדהים שלום אלקהיים מצפון אפריקה ,😉
הגרסה החיה נפלאה אבל הרמיקס עם טריפל זה מדהים שלום אלקהיים מצפון אפריקה ,🇩🇿
ואוו איזה כיף לשמוע עוד פעם ועוד פעם יש לך קול מרגיע וכיף לאוזניים מלךך,❤️
ואוו איזה כיף לשמוע עוד פעם ועוד פעם יש לך קול מרגיע וכיף לאוזניים מלךך,👑
ואוו איזה כיף לשמוע עוד פעם ועוד פעם יש לך קול מרגיע וכיף לאוזניים מלךך,😍
עידן אתה יוצר אחד יחד ומיוחד זכינו בך שנה טובה לכל עם ישראל,🌹
עידן אתה יוצר אחד יחד ומיוחד זכינו בך שנה טובה לכל עם ישראל,🌺
עידן אתה יוצר אחד יחד ומיוחד זכינו בך שנה טובה לכל עם ישראל,🌿
אין עליך אוהבת אותךאתה גאווה לעם ישראך ולמדינה!חלום שלי שתגיב לי,❤
בואנוס איירסמתי המופע הזה התקיים?,❤️
ואווו איזה יופי אין דברים כאלה כל כך כיף לשמוע את זה באוזניים פשוט מהמם,✨
ואווו איזה יופי אין דברים כאלה כל כך כיף לשמוע את זה באוזניים פשוט מהמם,❤️
ואווו איזה יופי אין דברים כאלה כל כך כיף לשמוע את זה באוזניים פשוט מהמם,💗
ואווו איזה יופי אין דברים כאלה כל כך כיף לשמוע את זה באוזניים פשוט מהמם,🤍
עידן התותח שתהיה לך שנה טובה עם מלא שירים מוצלחים ,♥️
אין לי מילים רייכל זה פשוט מושלם באמת איזה יופי שרק תמשיך ותצליח,❤️
אין לי מילים רייכל זה פשוט מושלם באמת איזה יופי שרק תמשיך ותצליח,🙏🏻
סיפור נחמד שנה טובה ובריאות טובה עידן ,🌿
סיפור נחמד שנה טובה ובריאות טובה עידן ,🌹
אני מוקסם מזה שאני הבן אדם ה107 שצופה בזה והלייק ה8 ,❤️
רייכל כל שיר כל גרסה אחרת של שיר זה פשוט מושלם תמשיך ואמן תצליח בכל מעשיי ידייך,❤️
רייכל כל שיר כל גרסה אחרת של שיר זה פשוט מושלם תמשיך ואמן תצליח בכל מעשיי ידייך,🙏🏻
רייכל כל שיר עם גרסה אחרת זה מיוחד תמשיך תמיד ליצור ולעשות דברים יפים,✨
רייכל כל שיר עם גרסה אחרת זה מיוחד תמשיך תמיד ליצור ולעשות דברים יפים,❤️
רייכל כל שיר עם גרסה אחרת זה מיוחד תמשיך תמיד ליצור ולעשות דברים יפים,🙏🏻
איזה יופי איזה יופי פשוט אין מילים לכל השירים האלו שרק תמשיך ותצליח בהכללל,❤️
איזה יופי איזה יופי פשוט אין מילים לכל השירים האלו שרק תמשיך ותצליח בהכללל,🙏🏻
איזה יופי איזה יופי פשוט אין מילים לכל השירים האלו שרק תמשיך ותצליח בהכללל,😍
ואוו רייכל רק להקשיב ולחייך כל פעם מחדש אין עליךך באמת,❤️
ואוו רייכל רק להקשיב ולחייך כל פעם מחדש אין עליךך באמת,🙏🏻
ואוו רייכל רק להקשיב ולחייך כל פעם מחדש אין עליךך באמת,👑
רייכל אין דברים כאלה זה כל כך יפה כל גרסה משלה מהממתאין עליך,✨
רייכל אין דברים כאלה זה כל כך יפה כל גרסה משלה מהממתאין עליך,❤️
רייכל אין דברים כאלה זה כל כך יפה כל גרסה משלה מהממתאין עליך,👑
יפה מאוד,❤
רייכל אתה פשוט מהנה כל פעם מחדש אלוף ,💗
רייכל אין דברים כאלההה,❤️
רייכל אין דברים כאלההה,😍
רייכל השירים שלך כל כך מיוחדים זו גרסה מיוחדת לשיר ואם תבואי אליי פשוט אין מילים,❤️
רייכל השירים שלך כל כך מיוחדים זו גרסה מיוחדת לשיר ואם תבואי אליי פשוט אין מילים,🔥
ואוו רייכל אין מילים כל פעם שמסתיים השיר אני מחזירה להתחלה כדי לשמוע שוב,❤️
אתה פשוט הטוב ביותר ,💯
אימלהה השיר האהוב עליי מכולם וואי דמעות של התרגשות אתה יוצר גאון אין עלייך ! אל תפסיק עם מה שאתה עושה לעולם ! אוהבים אותך מלאא ,❤️
אימלהה השיר האהוב עליי מכולם וואי דמעות של התרגשות אתה יוצר גאון אין עלייך ! אל תפסיק עם מה שאתה עושה לעולם ! אוהבים אותך מלאא ,😍
אין מילים רייכל אין מילים אני מקשיבה לכל השירים האלו ואני רק מחייכת ומתי שהוא מסתיים אני מחזירה להתחלה,✨
אין מילים רייכל אין מילים אני מקשיבה לכל השירים האלו ואני רק מחייכת ומתי שהוא מסתיים אני מחזירה להתחלה,❤️
אין מילים רייכל אין מילים אני מקשיבה לכל השירים האלו ואני רק מחייכת ומתי שהוא מסתיים אני מחזירה להתחלה,👑
ואוו רייכל אין דברים כאלה אין עליךךךך השירים כל כך עדינים שזה יפה,❤️
ואוו רייכל אין דברים כאלה אין עליךךךך השירים כל כך עדינים שזה יפה,💗
ואוו רייכל אין מילים פשוט אין מילים  זה פשוט רק להקשיב ולחייך אין עליך רייכל ,❤️
ואוו רייכל אין מילים פשוט אין מילים  זה פשוט רק להקשיב ולחייך אין עליך רייכל ,🤍
ואוו רייכל אין מילים פשוט אין מילים  זה פשוט רק להקשיב ולחייך אין עליך רייכל ,😍
יואו רייכל אין לי מילים באמת,❤️
אין שום בעיה נחכה בסבלנות לימים הטובים והמאושרים שמחכים לנו אחרי ראש השנה תשפ&quot;ב!!!,💐
ואווו אין מילים פשוט רק להקשיב ולחייך אין עליךךך עידן,❤️
ואווו אין מילים פשוט רק להקשיב ולחייך אין עליךךך עידן,🙏🏻
ואווו אין מילים פשוט רק להקשיב ולחייך אין עליךךך עידן,💖
ואווו אין מילים פשוט רק להקשיב ולחייך אין עליךךך עידן,😇
מלך אתה מביא עתיד טוב יותר למדינת ישראל,♥️
מלך אתה מביא עתיד טוב יותר למדינת ישראל,❤
אין מילים לתאר את התחושה…………,🧚‍♂️
אין מילים לתאר את התחושה…………,🥰
אין מילים לתאר את התחושה…………,🎶
הלייק ה18,😱
ונראה שעבר זמן עלינו זמן להתנקות לתת לכל לקרות,🤍
אין מילים כל פעם שמסתיים כל השירים אני מחזירה אותם להתחלה כדי לשמוע שוב!,❤️
אין מילים כל פעם שמסתיים כל השירים אני מחזירה אותם להתחלה כדי לשמוע שוב!,👑
הייתי שם זה ליד הבית שלי ,💪
איזה יופי שרק תמשיך בכל הכוח!,❤️
איזה יופי שרק תמשיך בכל הכוח!,🙏🏻
איזה יופי שרק תמשיך בכל הכוח!,👑
מוש מוש מוש,💖
זהו עידן של יום חדש,❣️
אנא תמשיך ליצור ,🎯
נפלא עידן חן חן ,🥰
שאפו על העיבוד ,👏🏽
שאפו על העיבוד ,😎
איזה פרשנות מדהימה לשיר וואו ,❤️
תודה שאתה קיים ,❤️
תודה עידן על שיר מהמם,🕳
תודה עידן על שיר מהמם,👏
בס״דיפה מאוד אקוסטית וואו וואו טוב מאוד ! נֶהְדָר,🎵
בס״דיפה מאוד אקוסטית וואו וואו טוב מאוד ! נֶהְדָר,👏
בס״דיפה מאוד אקוסטית וואו וואו טוב מאוד ! נֶהְדָר,✡️
בס״דיפה מאוד אקוסטית וואו וואו טוב מאוד ! נֶהְדָר,👍
בס״דיפה מאוד אקוסטית וואו וואו טוב מאוד ! נֶהְדָר,💜
עידן רכייל ,🤣
עידן רכייל ,❤
עידן רכייל ,🖕
איזה שיר מהמם! שיר רגוע ויפה פשוט אין עליך!!,💕
איזה שיר מהמם! שיר רגוע ויפה פשוט אין עליך!!,❤️
אני לייק 160,😅
תודה עידן ,💙
אין על השירים שלךאתה ,👑
מקסים ,🤩
תודה עידן על שיר מהמם,🕳
תודה עידן על שיר מהמם,👏
מקסים ,🧡
אי אפשר איתך באמת ,😜
אי אפשר איתך באמת ,😅
אלוף שאתה,👑
אלוף שאתה,👍
אלוף שאתה,❤
בהצדעה לך לעולם מפוארת נפלאה בת מלכות יהודה וישראל  תנצב&quot;ה ,♥
בהצדעה לך לעולם מפוארת נפלאה בת מלכות יהודה וישראל  תנצב&quot;ה ,🌷
בהצדעה לך לעולם מפוארת נפלאה בת מלכות יהודה וישראל  תנצב&quot;ה ,🌹
 פרוייקט שיחזור שירת תימן   השיר &quot;ספרי תמה&quot; בביצועי יאיר חדאד  על פי הלחנים הקדומים מתימןלחן 1 https://wwwyoutubecom/watch?v=achAxWW-Hpsלחן 2 https://wwwyoutubecom/watch?v=KSk5esL1FAw,🎼
 פרוייקט שיחזור שירת תימן   השיר &quot;ספרי תמה&quot; בביצועי יאיר חדאד  על פי הלחנים הקדומים מתימןלחן 1 https://wwwyoutubecom/watch?v=achAxWW-Hpsלחן 2 https://wwwyoutubecom/watch?v=KSk5esL1FAw,🌼
 פרוייקט שיחזור שירת תימן   השיר &quot;ספרי תמה&quot; בביצועי יאיר חדאד  על פי הלחנים הקדומים מתימןלחן 1 https://wwwyoutubecom/watch?v=achAxWW-Hpsלחן 2 https://wwwyoutubecom/watch?v=KSk5esL1FAw,🎶
ענק,🎼
געגועים למלכת הזמר העברי,♥️
כמה אהבה ,🙌
כמה אהבה ,❤
עידן מרגש מאוד תודה וחנקת אותי בסוף עם הבן ז יואו אני לא מפסיק לצחוק ,😂
עידן מרגש מאוד תודה וחנקת אותי בסוף עם הבן ז יואו אני לא מפסיק לצחוק ,🤣
צמרמורת תודדדה ענקית ,💖
הי אני הלייק ה100,😂
הי אני הלייק ה100,🤩
יש כמה גאונים מוזיקליים בישראל אין ספק שעידן אחד מהם,🧡
שלום מצפון אפריקה ,😁
שלום מצפון אפריקה ,✌️
להיט ,🔥
מדוייקקקק,🎯
וואוו פשוט כל השירים שלך מושלמיםםם רק תמשיך ליצר עוד,💕
וואוו פשוט כל השירים שלך מושלמיםםם רק תמשיך ליצר עוד,👌
וואוו פשוט כל השירים שלך מושלמיםםם רק תמשיך ליצר עוד,🙏
וואוו פשוט כל השירים שלך מושלמיםםם רק תמשיך ליצר עוד,❤
אין אין אין עליכם~! איך אני אוהב את הסאונד הזה~! פצצצצה~! ,😍
הצגהההה!  כמה כשרון,🔥
שיר איכותי שילוב נהדר בין הקול הייחודי של עידן והפקה נהדרת של טריפל ,🙌
שיר איכותי שילוב נהדר בין הקול הייחודי של עידן והפקה נהדרת של טריפל ,🔥
הפקה מעולה! ,🔥
רמה גבוהה ,🔥
אחד הקטעים שייצאו בתקופה האחרונה ,🔥
אלופים ,🙏🏽
אלופים ,❤️
שילוב מנצח! אוהבת מאוד ! ,❤️
שילוב פגאזזזזזזז תמשיכו בכל הכח,🏆
פשוט מעולה  לדעתי מתעלה על הגירסא השניה !!  השיר הזה יפה מאוד בדאנס ! טריפל אלופים !!!,👏🏻
פשוט מעולה  לדעתי מתעלה על הגירסא השניה !!  השיר הזה יפה מאוד בדאנס ! טריפל אלופים !!!,❤️
איזה גרסה מגניבה יא אלופים,👏
שיר נדיר וביצוע מדוייק תאווה לאוזניים טריפל על האיכות ועידן על השמחה בלב  זיווג הגון שהוליד להיט 10מיליון קל,🙌🏼
אף פעם לא מאכזבים ,❤️
אף פעם לא מאכזבים ,👑
איזה יופי של גירסה! מרגש!!! בראבו אלופים! ,😊
איזה יופי של גירסה! מרגש!!! בראבו אלופים! ,❤
@TripL מוכשרים ברמות!!!!!! שיר מדהיםםםם,🔥
Tripl חבורה של אנשים ויוצרים נדירים!!!!ביצוע מדהים!!!!!!!!!!!!,🔝
מצויןןןןןןןןן שלכם!! עפתי על זה,😍
וואו מעולה!!!!! ,❤️
אלופיםםם ,🔥
ליאור ברוש יא מלך ,❤️
ליאור ברוש יא מלך ,👑
אין אלופים כאלה! ,❤️
איזה שילוב היסטריי!! כל מה שטריפל נוגעים בו אליפותת ,🔥
איזה שילוב היסטריי!! כל מה שטריפל נוגעים בו אליפותת ,♥️
ואוווו אליפות ,❤️
מהמם! אלופים,🤩
אלופים שאתם!! איזה כיף שיש שיר חדש ,❤
בואנה אתה מפציץ כמו שישראל מפציצה את עזה…,🔥
בואנה אתה מפציץ כמו שישראל מפציצה את עזה…,🙏
אויי איזה שיר נפלא ⚘,❤
מהמם שיתוף פעולה מושלם,♥️
מהמם שיתוף פעולה מושלם,😍
אחים שלי המוכשרים איזו עבודה בישראל איזו הפקה כל הכבוד ,❤️
ביצוע ברמה גבוהה ביותר ,🙌
ביצוע ברמה גבוהה ביותר ,❤️
שיר מדהים,❤
יואו אתם אלופים!!!! אמאלה השילוב הזה של טריפל ועידן זה שילוב נדיר!!! איזה כיף של שיר! הולכת להשמיע אותו בכל החופים ביוון (ויש הרבה!) ,😎
יואו אתם אלופים!!!! אמאלה השילוב הזה של טריפל ועידן זה שילוב נדיר!!! איזה כיף של שיר! הולכת להשמיע אותו בכל החופים ביוון (ויש הרבה!) ,🧿
טריפל אלופים ,🔥
מדהים אחים!,🙌🏻
מדהים אחים!,🔥
הדבר הכי טוב שקרה מאז לחם פרוס ,😍
מושלם מושלם מושלם,💖
מושלם מושלם מושלם,🥰
מושלם מושלם מושלם,❤
אתה מרגש אותי מאוד גם לי אבר משהו בחיים וזה מאוד מרגש אני תמיד אוזר לאשתי שהי צריך אותי ואשיר שלך מאוד מרגש תודה על השירים שלך ריגשתה אותי,😂
ננח נחמ נחמן מאומן,😎
ננח נחמ נחמן מאומן,🤗
אני לא הקול שלך כך מרגיע!!!!,❤️
שומעת בריפיט מאוהבת בשיר,💜
ענק מאז ומעולם ,❤️
גאון,💚
זה השיר הכי יפה ששמעתי,🥰
זה השיר הכי יפה ששמעתי,😍
השיר מהמםםם הכי יפה!!,❤
אוהב אותך עידן רייכל יאח אתה זמר האהוב שלי כל הנסיעה לאילת שמתי את שאריות של החיים,❤
אוהב אותך עידן רייכל יאח אתה זמר האהוב שלי כל הנסיעה לאילת שמתי את שאריות של החיים,😍
ככה מיום ליום ,💔
ככה מיום ליום ,💗
שיר מהמם עדין אין עליך ,❤️
איזה שיר מקסים ומרגשממש מציאותיכל שיר אצליךגדולאני מעריצה שלך,👍
איזה שיר מקסים ומרגשממש מציאותיכל שיר אצליךגדולאני מעריצה שלך,🌹
מאוהבת  כמו תמיד! כבר אמרתי?,😍
מי שלא נתן לייק לזמר המושלם הזה מוזמן לעשות מהררר,❤
בורא עולם נתן לך מתנה הכישרון האדיר שלך ואתה משתמש בו מצורה הכי נכונה עם הרבה צניעות וענווה אשריך משמח כל לב תמשיך ,🙏
בורא עולם נתן לך מתנה הכישרון האדיר שלך ואתה משתמש בו מצורה הכי נכונה עם הרבה צניעות וענווה אשריך משמח כל לב תמשיך ,🌹
עידן רייכל כגודל גדלותו כך גודל ענוונותו חן וחסד יסובבוהו מזרח ומערב יקיפוהו בהוד והשלום האמת מביאות לנו את האהבה הטהורה מאחל שלא יפסיק להשמיענו זו המנגינה נגינת הלב הטהור ,😍
אהבתיאיזה קול יפיפה,❤️
אהבתיאיזה קול יפיפה,😍
מי שאוהב את עידן שניתן לייק ,😜
כולם אמרו לי תעזבי אבל מי בכלל יכול לשכוח ?!! ,😢
כולם אמרו לי תעזבי אבל מי בכלל יכול לשכוח ?!! ,😔
אין עלייך! מלכה,👑
שיר,💥
שיר מרגש ויפה ,❤
שיר מהמם!עדן את מלכה,💛
מתגעגעת אותך לא עליך? שיר יפה לא מסתדר לשונית,😉
מחכה לגירסה שבה אתה שר לבד את השיר המדהים הזה,♥️
עידן רייכל עושה פרוייקט חדש כותב מנגן לזמרים מוכרים! שיר מדהים חבל שקצר אחלה עידן ואחלה עדן ,💗
ואווומרגש מדיי,❤
איזה יופי של לחן וביצוע ,🙌🏾
תניח תפילין אחי! השם אוהב אותך ומחכה לך ,❤
תניח תפילין אחי! השם אוהב אותך ומחכה לך ,😍
מתגעגעת אותך המון כלב בן כלב (ממוקה),😝
כנסו לשמוע את הקאבר שלי לשיר המדהים הזה https://wwwyoutubecom/watch?v=z41qXsS_OQs,💗
מתגעגעת אותך נשמע מוזר,😅
&quot;מתגעגעת אותך&quot; אני בוכה,🐒
תגידו מה אתם סטומים לא עסיתם בגרות בעיברית ?? כותבים &quot; מיתגעגעת אלייך &quot; לא &quot; אותך &quot; מה יש לא להבין ,🤦‍♀️
איתי לוישרית חדדאייל גולן https://youtube/_sZsk90SslA,💥
תוציאו קריוקי,🔝
אמאלה!!! ממש מושלם רק הסוף לא כ&quot;כ מתחבר ליששמעתי אותו פעם ראשונה הייתי בטוחה שנכבה לי המסך חח באתי להדליק וראיתי שנגמר השיר ,😅
אמאלה!!! ממש מושלם רק הסוף לא כ&quot;כ מתחבר ליששמעתי אותו פעם ראשונה הייתי בטוחה שנכבה לי המסך חח באתי להדליק וראיתי שנגמר השיר ,🤦🏻‍♀️
מצמררשילוב מנצחאשמח לתרגום לעברית,💕
אתם גדולים!!! ,🇮🇱
אלווווופים ויפים,🥰
אמאל&#39;ה איזה ביצוע מ ה מ ם !!!! צמרמורותתתתהכי מתאים שיש וגם הנגן איזה אלוףף בקיצור הכי טוב שיש ,🤗
אמאל&#39;ה איזה ביצוע מ ה מ ם !!!! צמרמורותתתתהכי מתאים שיש וגם הנגן איזה אלוףף בקיצור הכי טוב שיש ,😯
ביצוע מושלם  גדול ، وسلام على الجميع ,💚
איזה ביצוע שילוש מנצח! מארק עידן רייכל ונסרין וואווו!!אתם חייבים לייצר עוד תוצרים בחיבור הזה ,❤
אלופה אחת,🤍
אנשים ברמת כשרון מוסיקלי כל כך גבוההמסוגלים לעשות מוסיקה עם כל אחד ומכל דברתענוג צרוף תמשיכו ליצור ולתת מזון לנשמה שלנו,💝
יפה,🤪
יפה,👋
גדלתי על השיר הזה !ואווו,👑
לקח לך זמן;) מ ה מ ם ביותר,👏🏽
אלדד אתה כזה מלך גם אצל ישי ריבו עשית את זה וזה פשוט מושלם!!שנייכם מסיקאלים מטורפים!!!!תודה ענקית,❤
פשוט קסום,🍃
זה מדהים!,🙏
גם אם עידן ינגן רק עם חליל זה יהיה מושלם ,🔝
נסרין את זמרת מדהימה כמה כייף שאת כאן ,❤
רק מלראות ״עידן רייכל ונסרים קדרי״ עברה בי צמרמורתביצוע מושלם ,❤️
כשרונות במפגש מרגש,❤
אין מילים כישרון מכל הכיוונים ,❤
אין מילים כישרון מכל הכיוונים ,😍
שיר מהמם,❤
קסמים אתם עושים ,❤
ביצוע מהמם!,🙏
כמו יריח מתמלא ומתרוקן …,❤️
אין יום אחד שיעבור בלי שאחשוב עליך,🥀
יואוו איזו מדויקת זהבה מפחיד  אלופה ,❗
יואוו איזו מדויקת זהבה מפחיד  אלופה ,❤️
יואוו איזו מדויקת זהבה מפחיד  אלופה ,☺️
זמרת מדהימה עם קול שמרגש כל פעם מחדש בכל סיגנון שירה את מדהימה שיר מהמם ומרגש ,💖
איך עידן רייכל יודע לבחור את הזמרים שבדיוק מתאימים לשירים שלו זה פשוט מדהים שיר מרגש ומושלם ,❤️
שיר פשוטטט מושלםםםם ,🏆
שיר פשוטטט מושלםםםם ,👏
מושלמת! ,❤️
לא אהבה כזות לא מוצאים פשוט זהבה כזות לא מוצאים ,🥰
גדולים זהבה בן את זהב טהור איזה איכות קולית וטוהר גם בקול מקומך בפנתאון הלאומי ובלב כולנו עידן רייכל זה עידן רייכל איזה שיר כרגיל הורס ברמות ,🖖
גדולים זהבה בן את זהב טהור איזה איכות קולית וטוהר גם בקול מקומך בפנתאון הלאומי ובלב כולנו עידן רייכל זה עידן רייכל איזה שיר כרגיל הורס ברמות ,😍
הלוואי שתזכי באח גדול ,❤
מדהימה,❤
אני לומדת עברית על השירים של עידן רייכל ,❤
זהבה בן בביצוע ניפלא מתגעגעת לשמוע אותך יותר חיזרי אלינו עם עוד שירים ,🙏
כשאומרים לי גאווה ישראלית - ישר עולה לי בראש עידן רייכל⁦⁩,♥️
ימלך,👑
מדהים,👑
אוומיגדמי פה לפני המאה??ביצוע מטווורףף,🤗
אפשר לא לאהוב את השירים שלך תגיד לי ?כל היום חייבת לשמוע 20 פעמיים את אותו שיר ,❤
מושלם ,👏🏽
מושלם ,🔝
מושלם ,🎶
המלךךךךךךךךךךךךאיזה שיר,🙀
גרסא פנאןןןןןןןןן,💛
ווווואוווווווו ,♥️
מהמם אחד פליז תענה לי,😍
אלוף עידן,❤️
אלוף עידן,🙏🏼
זה קטלני!!!!!,💥
תודה רבה על הזכות!מקווה שתאהבואל תשכחו לעקוב אחריי באינסטגרם: shavianmusic,❤
עידן עידן מה אפשר לאמר מלבד התודהשיר מהמם!!,👌
מי כאן ב2022? שיר מושלםם,♥
מי פה באוגוסט 2021 ? שיר מעולה! ואני רוצה להודיע על פתיחת ההצבעה לשיר השנה תשפ&quot;א בגלגלצ בעוד שבועיים בערך!  גם &quot;למה ככה עצובה&quot; יהיה מועמד שם! בבקשההה תצביעו לשיר הנדיר הזה! מאוד מגיע לו להיות גבוה,😍
מי פה באוגוסט 2021 ? שיר מעולה! ואני רוצה להודיע על פתיחת ההצבעה לשיר השנה תשפ&quot;א בגלגלצ בעוד שבועיים בערך!  גם &quot;למה ככה עצובה&quot; יהיה מועמד שם! בבקשההה תצביעו לשיר הנדיר הזה! מאוד מגיע לו להיות גבוה,🙏
מי פה באוגוסט 2021 ? שיר מעולה! ואני רוצה להודיע על פתיחת ההצבעה לשיר השנה תשפ&quot;א בגלגלצ בעוד שבועיים בערך!  גם &quot;למה ככה עצובה&quot; יהיה מועמד שם! בבקשההה תצביעו לשיר הנדיר הזה! מאוד מגיע לו להיות גבוה,💜
סתיו בגר מה זאת ההפקה המטרפת הזאת?!?! ,🔥
מי זה בגר הזהחשבתי ברי סחרוף,🥱
מי זה בגר הזהחשבתי ברי סחרוף,🤔
עידן רייכל האלוףףףףףףף,❤
עידן אתה גדולכל שיר שלך בצבע ,❤
מזדהה עם השיר לצערי ,😔
כל פעם מפתיע מחדש,❤️
עידן מלחין שירי ערסים? ,😂
אחלה שיר,🌈
מהמם ,❤
זה מתחיל במילים האלה ואס אתה עובר לטיק טוק אוי לא אתה מתחיל לאבד את זה ,😰
עקבו אחרי הערוץ שלי עכשיו עלה סרטון חדש - כנסו ותראו מה יש בערוץ,✨
עקבו אחרי הערוץ שלי עכשיו עלה סרטון חדש - כנסו ותראו מה יש בערוץ,😇
יפהההה מאודדדד!!! כבר הספקתי לעשות קאבר עם קול חמוד רצח,🤩
מתי כבר תצא גרסה מלאה של השיר? אקוסטית ומושלמת בדיוק ככה ,🥰
רק מתוך הרגשת הריחוק משתוקקים לקירוב כך גדלה האהבה לגבהים חדשים שנילמד לאהוב במשפחה ברחוב את הזולת ואת כול האנושות שכול הריחוק שמרגישים בנינו יהפוך לקירוב בין הלבבות ולהרגשת ביטחון ואהבת אחים,🤗
רק מתוך הרגשת הריחוק משתוקקים לקירוב כך גדלה האהבה לגבהים חדשים שנילמד לאהוב במשפחה ברחוב את הזולת ואת כול האנושות שכול הריחוק שמרגישים בנינו יהפוך לקירוב בין הלבבות ולהרגשת ביטחון ואהבת אחים,💖
רק מתוך הרגשת הריחוק משתוקקים לקירוב כך גדלה האהבה לגבהים חדשים שנילמד לאהוב במשפחה ברחוב את הזולת ואת כול האנושות שכול הריחוק שמרגישים בנינו יהפוך לקירוב בין הלבבות ולהרגשת ביטחון ואהבת אחים,💞
אהבה כזו אתה,♥️
מרגש כל כך,♥️
מדהים⁦⁩,❤️
היי אני ספורטאית שמתאמנת כבר המון שנים עד גיל 14 וחצי ובמסלול שמתחרים בתחרויותתמיד הייתי פייטרית אבל את האמת שבזמן האחרון ירדה לי קצת המוטיבציה בעיקר בגלל דברים שמחוץ להתעמלות בלגן עם ההורים שחושבים שאני מתאמנת יותר מדי ולא מספיק לומדת וכל מני ועכשיו אחרי ששמעתי אותך שר זה פשוט נתן לי כוח והזכיר לי כמה אני אוהבת מה שאני עושה⁦⁩⁦⁩⁦⁩ החלום שלי להקים חוג משלי לאקרובטיקה לילדות!!! בשביל זה אני צריכה ידע בענף שבעיקר בא מניסיון אישי ומטעויות שלי שאני לומדת איך לתקן בתרגילים ויש הרבה אז תודה רבההההה,♥️
היי אני ספורטאית שמתאמנת כבר המון שנים עד גיל 14 וחצי ובמסלול שמתחרים בתחרויותתמיד הייתי פייטרית אבל את האמת שבזמן האחרון ירדה לי קצת המוטיבציה בעיקר בגלל דברים שמחוץ להתעמלות בלגן עם ההורים שחושבים שאני מתאמנת יותר מדי ולא מספיק לומדת וכל מני ועכשיו אחרי ששמעתי אותך שר זה פשוט נתן לי כוח והזכיר לי כמה אני אוהבת מה שאני עושה⁦⁩⁦⁩⁦⁩ החלום שלי להקים חוג משלי לאקרובטיקה לילדות!!! בשביל זה אני צריכה ידע בענף שבעיקר בא מניסיון אישי ומטעויות שלי שאני לומדת איך לתקן בתרגילים ויש הרבה אז תודה רבההההה,🙈
שיר מקסים אוהבת מאוד,🎤
שיר מקסים אוהבת מאוד,❤️
שיר מקסים אוהבת מאוד,🎸
אתה פשוט הכי הכי הכי טוב! ,😍
ואאאו,👍
ואאאו,🤩
בן אדם מדהים,❤
שיר יפה מאוד,❤
לייק מי שאוהב את עידן רייכל וחושב שהוא הזמר הכי טוב שיש במדינה⁦⁩,♥️
מהמםתותח שמפציץ בשירים מעלפיםם,🌷
מהמםתותח שמפציץ בשירים מעלפיםם,❤
מהמםתותח שמפציץ בשירים מעלפיםם,🤗
אתה מציל את המוזיקה הישראלית ,❤️
ימלך ,❤
אוהבת את כל השירים שלך עדן,❤
טיימינג מושלם להחזיר את התמימות לעם בזמן שהטירוף בחוץ,🙏🏾
טיימינג מושלם להחזיר את התמימות לעם בזמן שהטירוף בחוץ,😍
זמר ויוצר אלוף ⁦⁩,💯
זמר ויוצר אלוף ⁦⁩,👑
זמר ויוצר אלוף ⁦⁩,🇮🇱
זמר ויוצר אלוף ⁦⁩,💙
שיר מדהים!!!! אשמח ממש אם תעלו אותו לספוטיפי,🙏
אין דברים כמוך ,🙏
אין דברים כמוך ,😍
מצויין שיר ,😍
סוףסוף!! מאז הראיון עם ניקי גולדשטיין חיכינו מדהים כהרגלך רק תמשיך ליצור ,🙏
בשירים של עידן רייכל זה נעשה (לייק) ונשמע עידן ימלך מתים עליך,😂
בשירים של עידן רייכל זה נעשה (לייק) ונשמע עידן ימלך מתים עליך,🤟
בשירים של עידן רייכל זה נעשה (לייק) ונשמע עידן ימלך מתים עליך,👊
נכס למדינת ישראל,🥰
מדהים,♥️
כל כך מתגעגעת אליו,😭
כל כך מתגעגעת אליו,😔
שיר שפורט על מיתרי הלב ,❤
מדהים,🙏
מדהים,♥️
מדהים,🎸
וואי איזה שיר מהממם כל השירים שלך יפים אה ורייכל אתה הזמר האהוב עליי השירים שלך מזכירים רגשות ויש לך שירים מרגיעים שאי אפשר להפסיק לשמוע החלום שלי זה לפגוש אותך אני אוהבת את השירים שלך מאוד מאוד מאוד וגם נולדת עם אמא שלי באותו יום והיא גם אוהבת להאזין לשירים שלך ממנו קרן ורומי ,😍
תותח העולם!!!איזה כיף הגרסה הזאת זה ממש יפה,💞
לפני 3 שנים כתבתי לרייכל מכתב אחד מהדברים שהיו במכתב הייתה בקשה להקליט את הגרסה המדהימה הזו לcada dia היום זה קרה התרגשות שיא אין סוף להערכה רייכל,❤️
עידן תעשה גם את sabe deus !!! ,🙏
אין לי כחחחחחחחחחחחחחחחחחחחחחחחחח לדבר הזה,💙
אין לי כחחחחחחחחחחחחחחחחחחחחחחחחח לדבר הזה,💚
אין לי כחחחחחחחחחחחחחחחחחחחחחחחחח לדבר הזה,💗
אין לי כחחחחחחחחחחחחחחחחחחחחחחחחח לדבר הזה,💛
אין לי כחחחחחחחחחחחחחחחחחחחחחחחחח לדבר הזה,💜
שיר מהמם ביופיו!!!,💖
שיר מהמם ביופיו!!!,😘
וואו איזה בן אדם ואמן גדולל אוהבת מלאא תצליחח ,💗
וואו איזה בן אדם ואמן גדולל אוהבת מלאא תצליחח ,😍
מקסים,❤
אתה אומן גדול תצליח אחי!!,🔥
אתה אומן גדול תצליח אחי!!,🌟
אתה אומן גדול תצליח אחי!!,🌹
כבוד למוזיקה הישראלית  אלוףףףףף ,💓
כלכך מחכה כבר לשבת בהופעות שלך יותר מידי זמן לא שמעתי עידן רייכל לנשמה ולשפיות תודה שאתה מוציא את השקט בתוך הטירוף ,‼️
יאווו איך אני חולה עליך אתה אלוףףףףף,😁
אני יכולה לשמוע את קולך ואת המוסיקה שלך כל יום כל היום עד סוף החיים,🙏🏼
אני יכולה לשמוע את קולך ואת המוסיקה שלך כל יום כל היום עד סוף החיים,♥️
בבקשה תשימו בספוטיפיי,🙏
למה זכיתי לטוב הזה ,🥰
למה זכיתי לטוב הזה ,🙏
כמה יפה מלטף ורגוע …נשאר טעם של עוד ,❤️
נגמר מידי מהרררר כשרון ,🙏
נגמר מידי מהרררר כשרון ,💙
עידן אתה מלך,❤
חזק לעידן רייכל! ממש המוסיקה שלך מוצאת חן בעיני!It&#39;s a good Job!!,😉
באמת פשות בנאדם מקסים וחוש קצב מוזיקלי מטורף יטותך עידן פשות מטורף מי שחושב שאני צודק שאיטן לי בלייק שיר פגזז,🔥
אלוף ,❤
הזמר הישראלי הכי טוב,♥️
מהמ רק חבל שרק דקה ו9 שניות,🤗
אלוף ,❣
ברכות נהדרות ממקסיקו ,🇲🇽
ברכות נהדרות ממקסיקו ,😍
יפה לך אנגלית,👌
יפה לך אנגלית,👏
שלום ישנו זמר מתחיל בשם הראל אסף(harel asaf) שמנסה להצליח בתחום הקאברים בבקשה תצתרפו לערוץ היוטיוב האישי שלו תעזור /י לו להצליח בכל זאת מגיע לו על כל המאמצים שהוא דופק  https://youtube/Z44s-NXyA4o,☺
שלום ישנו זמר מתחיל בשם הראל אסף(harel asaf) שמנסה להצליח בתחום הקאברים בבקשה תצתרפו לערוץ היוטיוב האישי שלו תעזור /י לו להצליח בכל זאת מגיע לו על כל המאמצים שהוא דופק  https://youtube/Z44s-NXyA4o,💜
שלום ישנו זמר מתחיל בשם הראל אסף(harel asaf) שמנסה להצליח בתחום הקאברים בבקשה תצתרפו לערוץ היוטיוב האישי שלו תעזור /י לו להצליח בכל זאת מגיע לו על כל המאמצים שהוא דופק  https://youtube/Z44s-NXyA4o,😯
זה כל כך טוב ,💪
זה כל כך טוב ,⚡
זה כל כך טוב ,❣
רמיקס טיל!!!! עידן ושלומי זה ,🔥
מעולה ,❤
זה מעולה! שלומי כהרגלו מפציץ! ,💟
מהמם!!! ,❤️
מהמם!!! ,🔥
יוצר מוכשר ! גאווה לישראל ! כל שיר שלך נכנס לחדרי הלב ,❤️
מנגינה אלוהית ,🙏🏿
מוכשר ,🤴
מוכשר ,👏
יווווווווואוווווו עף לי המוחחחחח⁦⁩⁦⁩⁦⁩,‼️
יווווווווואוווווו עף לי המוחחחחח⁦⁩⁦⁩⁦⁩,♥️
יסס עופר יתותחח,✌
יסס עופר יתותחח,❤
יסס עופר יתותחח,🎶
הי חברים פתחתי ערוץ של סקירת נעליים העלתי סקירה על האולטרה בוסט 2020! אשמח שתרשמו,🙏🏻
ימלך הזמר היכ טוב בעולם⁦⁩⁦⁩⁦⁩⁦⁩⁦⁩⁦⁩⁦⁩⁦⁩,❤️
שלום מברזיל אוהב את השיר הזה יהיה בסדר ,❤
וואוו שיר מושלם,❤
איזה שיר!! איזה מילים!! איזה לחן!! רייכל אף פעם לא מאכזב,💪
איזה שיר!! איזה מילים!! איזה לחן!! רייכל אף פעם לא מאכזב,❤
איזה שיר!! איזה מילים!! איזה לחן!! רייכל אף פעם לא מאכזב,👍
מהמם! אהבתי,❤
ראשון מדהים מדהים,😊
כל שיר שתוציא מושלם אלוףףף,❤
יש ימים שלא יכולה לנשום אולי יש לך קורונה,😱
מזה הדבר מזה עידן מה הולך פה נסריןאיזה ביצוע איזה שיר איזה תמימות איזה עוצמה ושקט ריסקתם לי תנשמה,❤
אהובים שלי!!!,❤️
אהובים שלי!!!,👑
מדהימים⁦⁩,❤️
מהמם,😃
ערבה שירים יפים שלחה עידן ריכל,🤩
ערבה שירים יפים שלחה עידן ריכל,😀
ערבה שירים יפים שלחה עידן ריכל,😃
ההופעה הכי יפה של הפרויקט! הכי ישראלי ,💙
רק עידן ריכל יכול להוציא שיר כל כך יפה,😍
מלך⁦⁩,♥️
פשות מלך,💋
שיר שכייף לשמוע שוב ושוב ,💞
אלוף איזה שיר יפה ,😘
אין דברים כמוך עידן! האומן הכי טוב במדינה שלנו,♥
כל כך יותר טוב מהמקור אחי שאפוו,😂
כל כך יותר טוב מהמקור אחי שאפוו,😉
לא מפסיקה לשמוע לשיר הזהואו!אין עליך עידן ,😍
יאלוף אחד ,❤
עידן ראיתי אותך מדליק משואה ,✌
עידן ראיתי אותך מדליק משואה ,👏
עידן ראיתי אותך מדליק משואה ,👍
ביצוע גאוני,🌟
גאוני,❣️
מהמםאיזה שילוב יפה,💟
מקסים ,🦅
מקסים ,♥️
מקסים ,🖤
נסרין אחת הזמרות האיכותיות שישמדהימהשיר מהמם ביותרשילוב מנצח עם עידן רייכל המוכשר ,💕
נסרין אחת הזמרות האיכותיות שישמדהימהשיר מהמם ביותרשילוב מנצח עם עידן רייכל המוכשר ,👍
נסרין אחת הזמרות האיכותיות שישמדהימהשיר מהמם ביותרשילוב מנצח עם עידן רייכל המוכשר ,💜
נסרין אחת הזמרות האיכותיות שישמדהימהשיר מהמם ביותרשילוב מנצח עם עידן רייכל המוכשר ,🧡
 שיר פצצה ,☀
 שיר פצצה ,💛
עידן המדהים ונסרין שילוב מנצח ,👏
עידן ונסרין איזה שילוב מנצח הדמעות והצמרמורות נגעו בי לאורך כל השיר מאמינה שזה אתם שתביאו את השלום  באהבה מפלורידה I truly believe that you and artists like you are going to bring the peace to the world Keep up the good work!!!! together with our prayers we surly will win the radicals,❤️
עידן ונסרין איזה שילוב מנצח הדמעות והצמרמורות נגעו בי לאורך כל השיר מאמינה שזה אתם שתביאו את השלום  באהבה מפלורידה I truly believe that you and artists like you are going to bring the peace to the world Keep up the good work!!!! together with our prayers we surly will win the radicals,👏
עידן ונסרין איזה שילוב מנצח הדמעות והצמרמורות נגעו בי לאורך כל השיר מאמינה שזה אתם שתביאו את השלום  באהבה מפלורידה I truly believe that you and artists like you are going to bring the peace to the world Keep up the good work!!!! together with our prayers we surly will win the radicals,🙏
עידן ונסרין איזה שילוב מנצח הדמעות והצמרמורות נגעו בי לאורך כל השיר מאמינה שזה אתם שתביאו את השלום  באהבה מפלורידה I truly believe that you and artists like you are going to bring the peace to the world Keep up the good work!!!! together with our prayers we surly will win the radicals,✌️
תותחית עללללל עם תותח עלללללל !!!!! איזה שיר !!!! שלמות !!!!נסרין את מהממממממממת !!!! איזה ווקאל !!! איזה רגש !!!! לבכות מרוב אושר !!!,❤
ולתפארת מדינת ישראל,🇮🇱
כל שיר שעידן מעורב בו -יוצא מדהים ונעים ואינטיליגנטישרק ימשיך ליצור ולהפיץ מטובו,♥️
כרגע הייתי בהופעה שלך בפרנקפורט והיה באמת ממש מהמם אני מאכל לך המון הצלחה ותמשיך להנות ב&quot;Corona-Tour&quot; ,👍
הייתה אחלה הופעה וגם הוידאו ארט מהמם ,❤️
הקול שלו ממכר המוזיקה ואיך שהוא שר את השיר מדליק ומאוד ענק ,❣️
הקול שלו ממכר המוזיקה ואיך שהוא שר את השיר מדליק ומאוד ענק ,🇺🇸
הקול שלו ממכר המוזיקה ואיך שהוא שר את השיר מדליק ומאוד ענק ,🦋
וואו! מדהים כמו תמיד  כמה כישרוןן,💗
נדיררר,💥
למה כולם מחייכים??? זה שיר כל כך עצוב! ,😥
אלוף האלופים,❤️
מושלםםם הביצוע הכי יפה של השיר,❤
מושלםםם הביצוע הכי יפה של השיר,🌹
26 זהיהוהאוהב אותך עידן ריכל עד הנצח,😂
26 זהיהוהאוהב אותך עידן ריכל עד הנצח,💖
אמלה אלוף עולם!!!איזה מרגש!!נב מישהו יודע איך קוראים לגיטריסט המהמם שלו????? ,😱
וואוו!! מדהים  שיר מדהים ואומן מוכשר ברמות  כל הכבוד ותודה רבה על שתמיד משמח אותי ,😘
וואוו!! מדהים  שיר מדהים ואומן מוכשר ברמות  כל הכבוד ותודה רבה על שתמיד משמח אותי ,💗
וואוו!! מדהים  שיר מדהים ואומן מוכשר ברמות  כל הכבוד ותודה רבה על שתמיד משמח אותי ,💞
שיר טוב וגם אוהבת את כל השירים שלו עידן רייכל אתה מלך ותמיד תישאר מלך אוהבת כל שיר שלך פשוט במילה אחת אתה מלאך לא מובן מאלב⁦⁩⁦⁩,🇮🇱
שיר טוב וגם אוהבת את כל השירים שלו עידן רייכל אתה מלך ותמיד תישאר מלך אוהבת כל שיר שלך פשוט במילה אחת אתה מלאך לא מובן מאלב⁦⁩⁦⁩,♥️
פשוט מדהייםם,💥
פשוט מדהייםם,🥰
אומן בחסד,❤
זה נשמע ליפסינג ,🙄
חיים עידן אלוף העולםמוכשר ברמה גבוההקול שיוצא ממך נוגע מלטף מרגש אוהבת אותך,🔥
חיים עידן אלוף העולםמוכשר ברמה גבוההקול שיוצא ממך נוגע מלטף מרגש אוהבת אותך,❤
הרבה יותר יפה מהגרסא המקורית! מדהים,❤️
עידן רייכל מספר 1,❤
עילפוןןן,❤
גירסה מהממת יותר מהמקור,🧡
מאד מרגש לשמוע אותך רק עם החבר שלך הפסנתר מאד אהבתי שיר מרגש והכל כתוב מלמעלה באהבה מנצרת ,💐
מאד מרגש לשמוע אותך רק עם החבר שלך הפסנתר מאד אהבתי שיר מרגש והכל כתוב מלמעלה באהבה מנצרת ,🌹
יפה בצורה יוצאת דופן ,⚡
יפה בצורה יוצאת דופן ,🎧
 אהבתי,💕
מהמםםם אין מילים !! ,💥
מהמםםם אין מילים !! ,👑
מהמםםם אין מילים !! ,💯
התמכרתי לשיר הזהמאזינה לו בלופיםשוב ושובאחד הטובים מאי פעםיהורם גאון המלך,👑
אם הייתי שדרן רדיו הייתי שם את השיר הזההההההה,❤️
מרגש ומעלה חיוך בגיל 80 קול עמוק וצלולתודה יהורם גאון רק אושר,🙏
תענוג לחזור לפעםשיר מקסים,❤
שילוב מנצח של יהורם גאון ועידן רייכלב&quot;ה שזכינו!!השיר יפה כל כך עדין ורך מתנגן ישר לתוךנימי הלב בתוספת הסירטון יישר כל כח!המשיכו בבקשה לשתף פעולה העם זקוק לשירים נהדרים שכאלו,👏
שילוב מנצח של יהורם גאון ועידן רייכלב&quot;ה שזכינו!!השיר יפה כל כך עדין ורך מתנגן ישר לתוךנימי הלב בתוספת הסירטון יישר כל כח!המשיכו בבקשה לשתף פעולה העם זקוק לשירים נהדרים שכאלו,👍
מדהים,😊
מדהים,❤
התרגשות,❤️
אני רק עכשוי שומעת את זה אמאל&#39;ה שיר מהמםם  כל הכבודד,😍
כייף לשמוע את יורם גאון עם שיר מקסים במיוחד תודה לך עידן על כל מה שאתה עושה תמשיך לרגש אותנו ,💃🏻
כייף לשמוע את יורם גאון עם שיר מקסים במיוחד תודה לך עידן על כל מה שאתה עושה תמשיך לרגש אותנו ,🇺🇸
כייף לשמוע את יורם גאון עם שיר מקסים במיוחד תודה לך עידן על כל מה שאתה עושה תמשיך לרגש אותנו ,💜
גאונים יורם&amp;עידן מוכשרים אין על הקול הייחודי היוצא מגרונכם יישר כוחאוהבת אתכם ,🌟
גאונים יורם&amp;עידן מוכשרים אין על הקול הייחודי היוצא מגרונכם יישר כוחאוהבת אתכם ,😗
גאונים יורם&amp;עידן מוכשרים אין על הקול הייחודי היוצא מגרונכם יישר כוחאוהבת אתכם ,🥇
צמרמורות ,❤
דמעות וואו !!!!יהורם גאון בשירה נטו ללא מניירות של כוכבי ריאלטי נטו אהבה ⁦⁩,❤️
פשוט מקסים ומרגש!!! בכל פעם כשהשיר נשמע אי אפשר שלא להזיל דמעה,❤
מסכן יורהם בשיר,😥
מקסים! וכל מילה נוספת מיותרת,😍
איך פיספסתי את זה ?!?!?! ,❤️
שיר כל כך יפה אז למה כזה קצר?,😎
עידני אוהבת אותך גאון היצירות שיוצאות ממך ישר מגיעות לביתי יוצר מיוחד תמשיך קדימה לצעוד בין מיתרי קולך לבין חיבור היצירהאוהבת אותך,✡
עידני אוהבת אותך גאון היצירות שיוצאות ממך ישר מגיעות לביתי יוצר מיוחד תמשיך קדימה לצעוד בין מיתרי קולך לבין חיבור היצירהאוהבת אותך,😗
עידני אוהבת אותך גאון היצירות שיוצאות ממך ישר מגיעות לביתי יוצר מיוחד תמשיך קדימה לצעוד בין מיתרי קולך לבין חיבור היצירהאוהבת אותך,🥇
מושלם !!!!!!!עדן תותח !!!!,❤️
איזה עדן זה!!!!!!!!!מהממממם!,🥰
איזה עדן זה!!!!!!!!!מהממממם!,😘
איזה עדן זה!!!!!!!!!מהממממם!,😍
וואו איזה שילוב מדהים באמת מרגש בטירוף,💘
שניים מוכשרים ואהובים עליי במיוחד ביצוע יפהפה ונוגעעדן עלה והצלח ,🙏
שניים מוכשרים ואהובים עליי במיוחד ביצוע יפהפה ונוגעעדן עלה והצלח ,💓
שניים מוכשרים ואהובים עליי במיוחד ביצוע יפהפה ונוגעעדן עלה והצלח ,💖
עדן מאירי תותח ועידן רייכל עוד יותר פשוט מלאך איזה נשמה גבוהה כמה פירגון יש בו⁦⁩⁦⁩,❤️
נתן+ויוה=לנצח נצחים,❤
שיר מהמם וזמר מוכשר,❤
אין אין עליומהמםמלטף את הלבבותנו,❤
כל שיר שלך קולע בול! כי כשאתה אומן אתה לא צריך הרבה להתאמץ הכשרון נשפך ממך והלאה! מאוהבת  מאז ולתמיד!,😍
מי למלה  השם ,❤
שיר פשוט מדהיםםם!אני רק בת 12 ואני ממש אוהבת את השירים שלך וזה אחד השירים הטוביםםתמשיך לעשות כיף לאנשים עם השירים שלך,🍓
שיר פשוט מדהיםםם!אני רק בת 12 ואני ממש אוהבת את השירים שלך וזה אחד השירים הטוביםםתמשיך לעשות כיף לאנשים עם השירים שלך,💜
שיר פשוט מדהיםםם!אני רק בת 12 ואני ממש אוהבת את השירים שלך וזה אחד השירים הטוביםםתמשיך לעשות כיף לאנשים עם השירים שלך,💙
שיר פשוט מדהיםםם!אני רק בת 12 ואני ממש אוהבת את השירים שלך וזה אחד השירים הטוביםםתמשיך לעשות כיף לאנשים עם השירים שלך,💚
הלב שלי,❤️
אין על הכשרון הזה בעולם!! עדיף היה אקוסטי לדעתי אבל כל שיר של המלך הזה מדהים ,❤
תותחחחח,🔥
הפזמון מאוד מאוד דומה למנגינה של השיר של סוס פרא - מאכזב! ,😕
יפפהההה,😍
מרגש⁦,💔
מרגש⁦,😢
נשמע כמו remix גרוע לשיר פצצה ,🤨
מה יש לכם?? זה שיר מדהים!! מעבר לתגובות פה כמה אנשים שאני מכירה אמרו לי שהם בדרך כלל אוהבים את רייכל אבל זה שיר מעצבן אני מאוד התחברתי זה שיר מהמם! אתה כל הזמן מפתיע מחדש ועושה טוב על הלב! אתה איש מיוחד והיצירות שלך מופלאות!,❤️
מי אתה ומה עשית לעידן רייכל,🤔
עופר התותח אין דברים כאלה !!ועידן רייכל תענוג ,❤
ישראל ,🇮🇱
ישראל ,💙
שיר מדהים!! לייק מי ששומע את השיר וקורא תגובות תוך כדי ,😜
שיר מדהים!! לייק מי ששומע את השיר וקורא תגובות תוך כדי ,😍
מקסיםהשיר והעיבוד ,😍
אני מת עלייך עידן ,❤️
הכי גדול בארץ! השראה!! תודה לך עידן ,♥
מה זה השיר החדש של עידן רייכל אומיגאד יצא לו שיר חדש אני בשוק לא כזה אני היתהבתי בשיר הזה אבל הוא סתם נחמד,😱
מה זה השיר החדש של עידן רייכל אומיגאד יצא לו שיר חדש אני בשוק לא כזה אני היתהבתי בשיר הזה אבל הוא סתם נחמד,😎
 מהמםםםם,❤
אתה פשוט ענק אני לא מפסיק לשמוע את השיר בלופים פשוט אגדה ,👑
אין לי מילים פשוט מהמם,❤
איזה זמר מדהים אוהב אותך ימלך,❤️
פחות מילים יותר כישרוןןן אמלההההההההההה,😍
איזה מתנה קיבלתי י&#39;עידןhttps://youtube/yzlAPk5flpw,☺
היי עידן זה אני שקד כהן אני הבן של יובל ואני ממש אוהב את המוזיקה שלך היא תמיד מרגשת ומדהימה אותי מחדש והיא פשוט כל כך מרגיעה אותי אוהב אותך המון,❤
רוגהשלמותעדינות אוהבים אותך תמשיך ליהיות קזה מושלם ואל תפסיק,😍
רוגהשלמותעדינות אוהבים אותך תמשיך ליהיות קזה מושלם ואל תפסיק,😌
רוגהשלמותעדינות אוהבים אותך תמשיך ליהיות קזה מושלם ואל תפסיק,👍
רוגהשלמותעדינות אוהבים אותך תמשיך ליהיות קזה מושלם ואל תפסיק,😘
שיר נקי ומהמם,💝
תודה על שיר כ&quot;כ מרגש שעושה טוב על הלב מדהימים ,💗
תודה על שיר כ&quot;כ מרגש שעושה טוב על הלב מדהימים ,🥇
שיר מקסים,♥
מקסים,❤
מדהים ⁦⁩,❤️
עמוק ומיוחד ,❤
בראוו מאסטרו ,💋
בראוו מאסטרו ,👏
בראוו מאסטרו ,💓
בראוו מאסטרו ,🌹
בראוו מאסטרו ,👍
עדין וממכר,😊
עדין וממכר,😎
עדין וממכר,😁
&quot;ואם תבואי אליי&quot;c&#39;est une merveilheuse chanson J&#39;adore sa voix C&#39;est completement super impossible de ne pas l&#39;aimer!!! Merci Idan Raichel pour tant de douceur Idan et Marília Raichel,👑
&quot;ואם תבואי אליי&quot;c&#39;est une merveilheuse chanson J&#39;adore sa voix C&#39;est completement super impossible de ne pas l&#39;aimer!!! Merci Idan Raichel pour tant de douceur Idan et Marília Raichel,🎵
&quot;ואם תבואי אליי&quot;c&#39;est une merveilheuse chanson J&#39;adore sa voix C&#39;est completement super impossible de ne pas l&#39;aimer!!! Merci Idan Raichel pour tant de douceur Idan et Marília Raichel,💖
אלוףף ,😍
אוהבת אוהבת פשוט אוהבת ,❤️
מהמםאבל מי אלו? למה זה כל כך מרגש? מישהו יכול להסביר לי?,💖
מרגש ממש לראות את המנעד של אלה ששרים יחדאיחוד לבבות ,😍
עידן! אתה ללא ספק האמן הכי מוכשר כאן בארץ! אני מכור לשירים שלך!,❤️
ואוווו מדהים איזו צמרמורת!,❤
עידן המקסים תודה רבה על הזכות הגדולה והחוויה המרגשת לשיר איתך ⁦⁩,❤️
עידן רייכל הזמר הכי טוב בעולם,💪
עידן רייכל הזמר הכי טוב בעולם,❤
עידן רייכל הזמר הכי טוב בעולם,👍
ועם תבואי אליי נזדיין כל הלילה ואלחש לך מילים שתדעי שאני חרמן ובבוקר תראי שאת בהריון,😂
הוא גאון !! אחד היוצרים הכי טובים שיש לעולם להציע !! תודה לך ,❤️
אידן ריכל מגיה לך אלפ ליקיים באמת אשרים שלך מדימים ,😊
אידן ריכל מגיה לך אלפ ליקיים באמת אשרים שלך מדימים ,👍
עידן אוהבים אותך תודה לך,🍾
עידן אוהבים אותך תודה לך,♥️
עידן אוהבים אותך תודה לך,🕊
הלוואי וזה היה באמת כך ,😟
שיר מדהים תגיד הייתה באיתיופה ?,🇪🇹
שיר מדהים תגיד הייתה באיתיופה ?,😍
אני אוהב את המוזיקה שלך  שלום ממקסיקו ,🇲🇽
אני אוהב את המוזיקה שלך  שלום ממקסיקו ,🎶
אני אוהב את המוזיקה שלך  שלום ממקסיקו ,🇮🇱
אני אוהב את המוזיקה שלך  שלום ממקסיקו ,🎧
אהבה מאוקראינה,🇺🇦
אהבה מאוקראינה,🇮🇱
אהבה מאוקראינה,❤
אני אוהב אותך גבר,🌸
אני אוהב אותך גבר,💜
שיר כזה יפה מרגיע ומשמח עידן ריכל אתה אלוף,🥰
שיר כזה יפה מרגיע ומשמח עידן ריכל אתה אלוף,💖
שיר כזה יפה מרגיע ומשמח עידן ריכל אתה אלוף,😍
שיר כזה יפה מרגיע ומשמח עידן ריכל אתה אלוף,😘
שיר כזה יפה מרגיע ומשמח עידן ריכל אתה אלוף,👍
אתה אף פעם לא  לבד,💓
שלום עידן ,😀
&quot;המדריך לגבר המושלם&quot;- זה השם של השיר ,❤
חתיך עידן מוכשר מיוחד שכמוך החיוך הקול היצירה נוגעים בכל נפש ונפשבריאות ועוד מלאאא פירות בהמשך אוהבת אותך ,🔥
חתיך עידן מוכשר מיוחד שכמוך החיוך הקול היצירה נוגעים בכל נפש ונפשבריאות ועוד מלאאא פירות בהמשך אוהבת אותך ,❤
חתיך עידן מוכשר מיוחד שכמוך החיוך הקול היצירה נוגעים בכל נפש ונפשבריאות ועוד מלאאא פירות בהמשך אוהבת אותך ,🥇
עידן רייכלהרבה כישרוןככה ענווהכובש מדבר בגוובה העינייםעושה רושםשל אדם מאוד מיוחד!אדם מאוד טוב!כיף לראות אותולשמוע אותו,🙌
עידן רייכלהרבה כישרוןככה ענווהכובש מדבר בגוובה העינייםעושה רושםשל אדם מאוד מיוחד!אדם מאוד טוב!כיף לראות אותולשמוע אותו,👍
עידן רייכלהרבה כישרוןככה ענווהכובש מדבר בגוובה העינייםעושה רושםשל אדם מאוד מיוחד!אדם מאוד טוב!כיף לראות אותולשמוע אותו,♥️
עידן רייכלהרבה כישרוןככה ענווהכובש מדבר בגוובה העינייםעושה רושםשל אדם מאוד מיוחד!אדם מאוד טוב!כיף לראות אותולשמוע אותו,🤗
אין עליך עידןמוזקאי מלא רוך ענוה וכשרוןמגיע לך טוב מהעולםוכבוד על הדלקת משואה2020גאון הדורבאהבהבורכנו באומן מיוחדבריאות לעם ישראל,🌟
אין עליך עידןמוזקאי מלא רוך ענוה וכשרוןמגיע לך טוב מהעולםוכבוד על הדלקת משואה2020גאון הדורבאהבהבורכנו באומן מיוחדבריאות לעם ישראל,🇮🇱
אין עליך עידןמוזקאי מלא רוך ענוה וכשרוןמגיע לך טוב מהעולםוכבוד על הדלקת משואה2020גאון הדורבאהבהבורכנו באומן מיוחדבריאות לעם ישראל,🥀
אין עליך עידןמוזקאי מלא רוך ענוה וכשרוןמגיע לך טוב מהעולםוכבוד על הדלקת משואה2020גאון הדורבאהבהבורכנו באומן מיוחדבריאות לעם ישראל,🥇
שיר מדים עידן רייכל,🥰
שיר מדים עידן רייכל,🥳
שיר מדים עידן רייכל,😍
עידדן אני חולההה עלייךך,😍
מישהו(2020),👍🏽
מישהו(2020),👍🏻
מישהו(2020),👍
מישהו(2020),👍🏿
השיר הכי יפה שלו מכורההההה,💜
מהמם אלוף !! בהצלחה,❤
מהמם אלוף !! בהצלחה,👍
אתה המלך אתה ,🔥
אתה המלך אתה ,😍
איזה שיר ,🔥
יפה מאד ,🔥
שילוב אדיר ,🔝
שילוב אדיר ,👑
⁦⁦⁩⁦שיר מהמם! מגיע אל תוך עומקי הנשמה,👏🏼
טוב מה זה השיר המושלם הזה!!!!! ברי ועידן פשוט שילוב הורס מחכים לעוד שיר שלכם יחדיו ,❤
טוב מה זה השיר המושלם הזה!!!!! ברי ועידן פשוט שילוב הורס מחכים לעוד שיר שלכם יחדיו ,🤗
שני ענקיים כאלה בשיר אחד כמה זכינו תודה לכם,🙏
שני ענקיים כאלה בשיר אחד כמה זכינו תודה לכם,❤
עידן רייכלאין עלךאתה אחד ומיוחד,😍
א מ א ל&#39; ה !!!!!!איזה מרגש ,😍
וואו הרבה זמן שלא התרגשתי ככה משיר אוהבת את הגרסה המקורית אבל זה מרסק בקטע טוב,❤️
אין על גרסאות הפסנתר האלו כל פעם מפתיע מחדשמלךךךךך,👑
וואווו וואווו ואוווו איזה ביצוע מטורףףףף! כל כך יפה מרגש זה פשוט מ ו ש ל ם!,❤
אלוףףף,💥
אלוףףף,🔥
זמר ענק שיר ענק ביצוע ענק! אוהבים ,♥
וואו פשוט שילוב מטורף של שני אנשים גדולים מהחיים! אילנה את עם הסיפור המטלטל שלך ועידן עם השירים הנפלאים שלך אתה לא מפסיק להפתיע עידן תודה רבה ,❤️
אין אין כמו עידן רייכל!איך יש לך את זה????,❤
שיר מדהים,🌅
שיר מדהים,❤️
ביצועה יפה ונדיר,🏅
ביצועה יפה ונדיר,🏆
ביצועה יפה ונדיר,👑
ביצועה יפה ונדיר,🎊
לפני כמעט שנה בחור שאהבתי שלח לי את השיר הזה היום הוא בגן עדן אני מאמינה שהמילים האלו בשיר הן מסר ונחמה שהוא שולח לי מלמעלה ,❤️
מרגש אותי ,🎶
וואו,😶
לבת שלי קוראים בראשית,♥️
לייק מי שפו בגלל הפרסומת של HOT ,🤙
מוחשר,😺
שיר של אהבה ,🇮🇱
שיר של אהבה ,💗
פשוט אין גבול ליופי בשירים שלו,♥️
שיר מאלה,🎵
עידן רייכלוכל מילה נוספת מיותרת!,❤
בראשית כבר הייתה אהבה ,❤
זמר עם קול יפה ומיוחד ,👏🏻
זמר עם קול יפה ומיוחד ,💃🏻
זמר עם קול יפה ומיוחד ,🙏
זמרים איכותיים ועיבוד מדהים ומהמם ,❤
שיר יפה,🌞
אהבה,❤
אחלה שיר,😉
מושלם פשוט,❤
מזל טוב מון מזל טוב לבת חדשה שלך ,❤
חיים שלי יפה אוהב שלי ,❤
חיים שלי יפה אוהב שלי ,💟
יפה,👏
ואם תבואי אלייומתי,😍
זה הסגנון של המוזיקה שעושה אותך אמיתיות וייחודית ,❤️
בין הטובים שיצא לי לשמוע !!! שילוב מנצח !!!,🙏🏼
בין הטובים שיצא לי לשמוע !!! שילוב מנצח !!!,🔥
בין הטובים שיצא לי לשמוע !!! שילוב מנצח !!!,😍
אלוףףף,👍
אם תבואי אליי,🎁
מדהים ליאור! גאה בך,❤️
מדהים ליאור! גאה בך,✌🏼
וואוו!! עליך להתקין לראות אותך  מה בשיר הזה ביוטיוב לא יוטיבר,💜
הינה היום הזה הגיע 2022 ואני עדין מאוהב בשיר הזה,💔
הינה היום הזה הגיע 2022 ואני עדין מאוהב בשיר הזה,😭
אוהב בכל הכוח,🤍
אוהב בכל הכוח,💚
תותח על ושיר מדהים ,❤️
השיר הכי מושלם בעולם ,🤣
השיר הכי מושלם בעולם ,🥰
השיר הכי מושלם בעולם ,❤
השיר הכי מושלם בעולם ,😍
אריאל אמא ,💕
אריאל אמא ,😘
אריאל אמא ,😍
רק תגידי לאן ואלך אחרייך,💚
יואו איזה שלמות,🥰
יואו איזה שלמות,🤩
יואו איזה שלמות,😍
שיר מרגש ועצוב עידן אתה אגדה,❤️
איזה דברררר!!!!! ,😍
שלום idan תודה רבה אני אוהב מוזיקה  ערב טוב סשה,✡
פשוט לשמוע ולהתאהב כל פעם מחדש תודה עידן,❤
מדהים,👎
מדהים,👍🏻
עידן חיים שלי מיוחד מרגש אהבתי אחלה שיר יא אלוף אלוף חזק יש לך קול מיוחד מרגש מהממם מדהים מקסים מושלם יש לך קול אדיר ונדיר מלך חתיך נסיך מושלם אלוף יא אלוף מאוהבת בך אהבת חיי נשמה שלי אהוב שלי אתה באמת נשמה שלי וואוו וואוו וואוו וואוו וואוו אומייגד אומייגד אומייגד אומייגד אומייגד ,😘
עידן חיים שלי מיוחד מרגש אהבתי אחלה שיר יא אלוף אלוף חזק יש לך קול מיוחד מרגש מהממם מדהים מקסים מושלם יש לך קול אדיר ונדיר מלך חתיך נסיך מושלם אלוף יא אלוף מאוהבת בך אהבת חיי נשמה שלי אהוב שלי אתה באמת נשמה שלי וואוו וואוו וואוו וואוו וואוו אומייגד אומייגד אומייגד אומייגד אומייגד ,💋
עידן חיים שלי מיוחד מרגש אהבתי אחלה שיר יא אלוף אלוף חזק יש לך קול מיוחד מרגש מהממם מדהים מקסים מושלם יש לך קול אדיר ונדיר מלך חתיך נסיך מושלם אלוף יא אלוף מאוהבת בך אהבת חיי נשמה שלי אהוב שלי אתה באמת נשמה שלי וואוו וואוו וואוו וואוו וואוו אומייגד אומייגד אומייגד אומייגד אומייגד ,❤
עידן חיים שלי מיוחד מרגש אהבתי אחלה שיר יא אלוף אלוף חזק יש לך קול מיוחד מרגש מהממם מדהים מקסים מושלם יש לך קול אדיר ונדיר מלך חתיך נסיך מושלם אלוף יא אלוף מאוהבת בך אהבת חיי נשמה שלי אהוב שלי אתה באמת נשמה שלי וואוו וואוו וואוו וואוו וואוו אומייגד אומייגד אומייגד אומייגד אומייגד ,😍
 אגדה ישראלית אתה עידן,👋
שיר מקסים,🌹
זה הכי ישן והכי טוב שיש!! ,😍
שיר מלנכולי ,😯
אני כל כך אוהבת את השיר הזה סוף סוף הוא ביוטיוב,❤️
שיר יפה מאוד,😍
תודה רבה על השיר היפיפה הזה⁦⁩,❤️
עידן שיר מושלם!אתה יודע שאני בלהקה והמנהל המוזיקלי שלי בחר לי את השיר הזה לשיר בטקס זיכרון ליצחק רבין,❤️
שיר וביצוע מאוד יפה ומרגש עם קול מאוד עמוק ומצמרר,😢
שיר וביצוע מאוד יפה ומרגש עם קול מאוד עמוק ומצמרר,😭
הסיפור של פינוקיו שאכל אותו הדג דומה ליונה הנביא שבלע אותו הדג ופלט אותה ובלעה אותו הדגה ,😜
הסיפור של פינוקיו שאכל אותו הדג דומה ליונה הנביא שבלע אותו הדג ופלט אותה ובלעה אותו הדגה ,😛
שיר מדהים! לא מפסיק לשמוע,👌
שיר מהמהם! ומרגש כל כך! אני בכיתי בזמן השיר,😢
שיר כל כך יפה ומרגש! זולגות הדמעות בכל האזנה מחדש ,💝
מדהים כתמיד אהבתי הרבה ,😍
איזה יפה ,😍
הזמר שאני הכי אוהבבבבבב!!!!תמיד חודר ישר ללב,❤
הייתי פהה ,😆
תודה תודה תודה!!!היה מדהים ומרגש כמו תמיד ,❤️
כל פעם אתה מאוד מאוד מרגש מחדש ,👍
תודה עידן רייכל ,👏
תודה עידן רייכל ,❤
למות מהיצירות והיוצרכמה רגש ועומק חשיבה עדינות מורכבות ופשטות טהורה כמה ענווה אהבה וחיוביות האיש משרה סביבולמותלחיים לחיים,🥂
גאון ,🖤
איזה יצירה מרגשת ,💔
שני אומנים מדהימים ושיר מדהים עידן הוא פשוט עילוי מוזיקלי ברמה עולמיתבכמה כישרון הוא ניחן ותמיד עובד ומתפתח - הוא פשוט בין יחידי הסגולה ואין מבצעת אחרת כמו זהבה - נכנסת ישר ללב ולנשמה שיר שכאילו נכתב על האהבה שלי ליבי יוצא אליכם תודה ,🙏🏻
זהבה בן היקרה שלנותודה על שירך המדהים בריאות ,♥️
שיררררר פשוטטטטט מדהיםםםםם ,❤
שיררררר פשוטטטטט מדהיםםםםם ,💛
שיררררר פשוטטטטט מדהיםםםםם ,😘
השיר הכי טוב שהתפרסם השנה פשוט אומנות שמתקנת את העוול שנעשה למוזיקה הישראלית בשנים האחרונות תודה,🙏
הזוכה של העונה  זהבה בן!,❤
שומע אותה 200 פעםולא יכול להפסיקמדהימה,❤️
שומע אותה 200 פעםולא יכול להפסיקמדהימה,👏
אלופה ,❤
שומעת בלופים לא יכולה להפסיק ,😍
איןמהלומרמקסימה,👗
איןמהלומרמקסימה,👜
איזה שיר מהמם ,💕
בבקשה תגידו שלא רק אני נדהמתי שגיליתי שהשיר הוא עיבוד מוזיקלי של עילי בוטנר ועידן רייכל,😍
תחזור לשירים האלה עידן ,😥
תחזור לשירים האלה עידן ,🙏
מרגשש ,😊
ההתחלה מזכירה לי באופן מוזר את סנופקין מהמומינים,😳
2022 מי פה ? ,😊
אתה הזמר והמלחין הגדול בעולםשיר מעלףףףאתה בנאדם מדהים,🇮🇱
אתה הזמר והמלחין הגדול בעולםשיר מעלףףףאתה בנאדם מדהים,😘
אתה הזמר והמלחין הגדול בעולםשיר מעלףףףאתה בנאדם מדהים,😍
אהבתי ממששש,❤️
שיר מהמם ,❤️
שנת 22 ואני עדיין שומע ,😍
תותח על,👏
איזה מילים גאון,✌️
אין לי מילים פשוט איןשיר כל כך נוגע ללב שזה מדהיםשרק תעלה ותצליח אמן,❤️
אין לי מילים פשוט איןשיר כל כך נוגע ללב שזה מדהיםשרק תעלה ותצליח אמן,🙏🏻
עדיין לא מפסיק לשמוע⁦⁩⁦⁩⁦⁩⁦⁩,❤️
הייתי בהופעה שלך בתל אביב ממלא את הלב של כולם עם הקסם שלך ,🌷
עידן אני חולה עלך ועל השירים שלךךך,😍
אמיר דדון🖑,💕
זועקת לאלוהי !!! מי שם נפשו כשתהיי מאושרת ? מי יבנה את ביתך ?  מי כאפר לרגלייך יחייה ? מי אוהבך מכל אוהביך ? מי בכול רוח רעה לצילך? ,😔
אמיר דדון ,❤️
אחד מהשירים המקסימים כל הכבוד לפרויקט של עידן רייכל ולאנדריאס שכול השולט בשפה העיברית ממש תענוג לשמוע ביצוע מושלם שכזה   הילה צרפתי,💕
אחד מהשירים המקסימים כל הכבוד לפרויקט של עידן רייכל ולאנדריאס שכול השולט בשפה העיברית ממש תענוג לשמוע ביצוע מושלם שכזה   הילה צרפתי,😜
אחד מהשירים המקסימים כל הכבוד לפרויקט של עידן רייכל ולאנדריאס שכול השולט בשפה העיברית ממש תענוג לשמוע ביצוע מושלם שכזה   הילה צרפתי,👍
תודה שיש אותך עידן ,❤
מי ששומע את זה ב 2021 שייתן לייק,✌️
מי ששומע את זה ב 2021 שייתן לייק,😍
שיר מושלם,❤
שיר שמעורר געגוע לילדות לשכונה המשחקים החבורות הצחוקים הריבים &quot;השולם שולם לעולם&quot; השירים החגים והשבתות אמא קוראת מהחלון הריחות בליל התרבויות והשפות אין על שנות ה 80 ,❤
קול שמיימי ! להתרפק על המילים והלחן סוחט את הנשמה ,💞
ביצוע מדהים⁦⁩,❤️
מי הגיע היום לשמוע את השיר בגלל דה וויס? ,😁
קאבר קטן לשיר הזה שאני אוהבתמוזמנים להקשיב https://youtube/29-fFkjI9d4,🤠
קאבר קטן לשיר הזה שאני אוהבתמוזמנים להקשיב https://youtube/29-fFkjI9d4,❤
קאבר קטן לשיר הזה שאני אוהבתמוזמנים להקשיב https://youtube/29-fFkjI9d4,😗
שיר יפה ומרגש,😫
שיר יפה ומרגש,😭
איזה שירררר ,😍
עידן האלוף תודה,🙏🏾
הילדה שלי בת 4 שבועות ונרגעת מהשיר הזה ,😍
רק במנגינה כבר יורד דמעות,🤧
עידן רייכל המלךךך,❤️
עידן רייכל המלךךך,💖
וואו כמה עומק רק השנה יצא לי לשמוע את השירים שלך מודה על האושר הזה ,❤️
וואו כמה עומק רק השנה יצא לי לשמוע את השירים שלך מודה על האושר הזה ,🙏
שיר יפיפה בלי לבכות ,🥲
תחי הממלכה הגדולה של ערב הסעודית,💪🏻
תחי הממלכה הגדולה של ערב הסעודית,🇸🇦
יואו זה שיר מושלם ו מהמם ,❤️
יואו זה שיר מושלם ו מהמם ,👍
איזה יופי לשלב את תהליך היצירה(טיוטות השיר) בתוך הסרטון עם תמונתו של הזמרשאפו,👏
מי ששומע ב2022 שיעשה,👍
השיר,🔥
כיף ישיש אחד כמוך ,😍
המעגילם יפיפ ואנו באמת נישארים אבל הם באמת יפים כמוך יפה אתה כמו החיים עידן מת עלייך כל יום שומע אותך מיחדש כייף לי ברמות שאין לתאר,❤
איןולא היה עלייך עידן כיי לישמוע אותך תמיד,😘
כמה עוצמתי ומרגש עד דמעות שיר מיוחד ונוגע בנשמה ,❤
לקום על הרגליים ולשיר בהתלהבות שלא פוסקת עידן רייכל אתה אגדה,🤙
זמר/אמן ענק ,💜
2020? קורונה,😪
ןאוו שיר מהמם אני כל יום משמיעה אותו למשפחה שלי,🤩
פשוט יפה בכל גירסה בשקט ובקצבי בכל מצבוהכי חשוב שתמיד אבל תמיד כיף לשמועעידן המוזיקה שלך קדושה!ויש לי עוד הרבה מה להגיד עליה ,❤
עידן החתיך המוכשר עלי אדמות,🎤
עידן החתיך המוכשר עלי אדמות,🔥
עידן החתיך המוכשר עלי אדמות,🇮🇱
עידן החתיך המוכשר עלי אדמות,💝
אחד האומנים הכי מוכשרים לא רק במדינת ישראל אלא בכל העולם!!! לקחת משפטים משיר השירים ולתת להם במה ועוצמה בלתי מוסברת אין דברים כאלה עידן כמה אתה מוכשר ⁦⁩,❤️
למה גרסת באולפן נמחקה?? בבקשה תעלו אותה שוב,🙏🏼
יואו איזה שיר באלוהים,❤
גאווה ישראלית ,🇮🇱
גאווה ישראלית ,❤
מרגש,😄
זמר ענק ביג ,👍
עידן אתה 1 יחיד ומיוחד,☝
עידן אתה 1 יחיד ומיוחד,🤗
מהמם!!!!כל בוקר באוזניות עושה מצב רוח טוב!!,👌
מהמם!!!!כל בוקר באוזניות עושה מצב רוח טוב!!,🧡
מרגש כל פעם מחדש,♥️
אין עליכם עידן!מוזיקה מעולה חורכת נשמה,🕎
אין עליכם עידן!מוזיקה מעולה חורכת נשמה,🇮🇱
אין עליכם עידן!מוזיקה מעולה חורכת נשמה,💪
וכל מי ששר איתך כולם ניפלאים,😍
עידן רייכל אוהבת את השירים שלך כל שיר הוא מדהים וקסום ,💕
עידן רייכל אוהבת את השירים שלך כל שיר הוא מדהים וקסום ,❤️
עידן רייכל אוהבת את השירים שלך כל שיר הוא מדהים וקסום ,💖
עידן רייכל אוהבת את השירים שלך כל שיר הוא מדהים וקסום ,💝
יש בקרוב עוד הופעה כזו ?? ,😊
יש בקרוב עוד הופעה כזו ?? ,🙏
פצצה! Excellent ,👌
אילן דמתי השראה לחיים ובכלל לחברה שלנו עידן רייכל אתה פשוט אלוף השראה לחיים ובכלל לחברה שלנו!! מאיה אברהם ובכלל כל הפרויקט של עידן רייכל ,🏆
אילן דמתי השראה לחיים ובכלל לחברה שלנו עידן רייכל אתה פשוט אלוף השראה לחיים ובכלל לחברה שלנו!! מאיה אברהם ובכלל כל הפרויקט של עידן רייכל ,❤️
אילן דמתי השראה לחיים ובכלל לחברה שלנו עידן רייכל אתה פשוט אלוף השראה לחיים ובכלל לחברה שלנו!! מאיה אברהם ובכלל כל הפרויקט של עידן רייכל ,👑
אילן דמתי השראה לחיים ובכלל לחברה שלנו עידן רייכל אתה פשוט אלוף השראה לחיים ובכלל לחברה שלנו!! מאיה אברהם ובכלל כל הפרויקט של עידן רייכל ,🌷
אין עליך דמתי!!!! כמה אנרגיות טובות אתה מביא איתך להופעה של הפרוייקט אתם מדהימים אחד אחד ,♥️
שיר מהמם עידן רייכל המלך,🤴🏽
שיר מהמם עידן רייכל המלך,👑
עידן רייכל הכי אהוב עליי נשמה טובה,🤸‍♀️
עידן רייכל הכי אהוב עליי נשמה טובה,🌷
חבל הורדת את השיער יא אהבל זה היה כל הקטע שלך,🤦
אין עליך רייכל,😍
עם חלומות שכאלה אפשר רק לחיות בצורה יותר טובה ומה שהמוסיקה עושה לגוף ולנפשאושר עצום הנמצא בכל אחד מאיתנוכל לחייהילה,💕
עם חלומות שכאלה אפשר רק לחיות בצורה יותר טובה ומה שהמוסיקה עושה לגוף ולנפשאושר עצום הנמצא בכל אחד מאיתנוכל לחייהילה,😜
עם חלומות שכאלה אפשר רק לחיות בצורה יותר טובה ומה שהמוסיקה עושה לגוף ולנפשאושר עצום הנמצא בכל אחד מאיתנוכל לחייהילה,🇮🇱
המקצבים עם כלי ההקשה מזכירים מוסיקה שיבטית טריבאלית עידן אתה ענק !,😜
המקצבים עם כלי ההקשה מזכירים מוסיקה שיבטית טריבאלית עידן אתה ענק !,❤️
המקצבים עם כלי ההקשה מזכירים מוסיקה שיבטית טריבאלית עידן אתה ענק !,👍
אוהבת מאוד ,👍
איזה שיר מקסים ,💕
נהדרת מרגשת מושלמת ,❤
עידן מתי הפרויקט מגיע להופעה נוספת בפריס? ,❤️
עידן מתי הפרויקט מגיע להופעה נוספת בפריס? ,💁🏻
עידן מתי הפרויקט מגיע להופעה נוספת בפריס? ,😘
מהמם! היינו בהופעה אתמול ועידן פשוט מוכשר עם או בלי קפה קר ,😋
החלום שלי זה לשיר איתו את השיר הזה ,😢
נפלא,😍
איזה סולו של גיטרה יפהפהעידן אנחנו אוהבים אותך ,💕
איזה סולו של גיטרה יפהפהעידן אנחנו אוהבים אותך ,😍
איזה סולו של גיטרה יפהפהעידן אנחנו אוהבים אותך ,🎶
איזה סולו של גיטרה יפהפהעידן אנחנו אוהבים אותך ,😘
עידן תודה שאהבת וחיזקת את המלכה ,❤️
יפה ממש מקסים,🇺🇸
יפה ממש מקסים,💃🏻
יפה ממש מקסים,🙏
יפה ממש מקסים,🦋
וואו עידן שיר מושלם אני לא כל כך שומעת שירים שלך אבל לשיר הזה אני הכי התחברתי ואני שומעת אותו כל הזמן אני גם שרה אותו זה משהו שאני לא עושה בדרך כלל!⁦⁩⁦⁩⁦⁩⁦⁩⁦⁩⁦⁩⁦⁩⁦⁩⁦⁩⁦⁩⁦⁩⁦⁩⁦⁩⁦⁩⁦⁩⁦⁩⁦⁩⁦⁩⁦⁩⁦⁩⁦⁩,❤️
אלופי עולם!!!,😍
מאממתתתתתתמיאופק,❤
2020 ועדיין השיר הזה השיר שלי ⁦⁩,♥️
שיר מהמם ומרגש בטירוף,😊
השיר הזה מרגש אותי כל פעם מחדשואכן אני שומע אותו בלופתודה לכותב/ת לזמרת הנפלאה ולעידן אתה גאון גדול ,❤️
אין מיליםיצירת מופת כבר שבועות זה מתנגן אצלי,🙏
אלוףףףףףףףףףףף!!!!!!!!,👍
חלומות כאלה,🙁
הרבה נשטף בחול ,😍
אני כל הזמן שומעת את השירומתרגשת מחדש!!!פשוט מדהים!!! מוזיקה מיליםזמרתעידן אתה גדול !!! בריאות אושר וחצלחה בהכלתודה,🙏
מתי התור לביצוע בעברית של עידן לשיר הזה? ,🙂
זה השיר שאני הכי אוהבת  כל הכבוד לפרוייקט של עידן רייכל ,✌
זה השיר שאני הכי אוהבת  כל הכבוד לפרוייקט של עידן רייכל ,💓
אחד השירים הגדולים מאי&#39; 2022,❤️
2022!!!!!!!!!!!!מי פה איתנו ?,😃
עידן רייכל הבנאדם הכי גאון שהיה בארץ ישראל ,❤️
עידן רייכל זמר ענק אוהבת אותו ,❤
2022?? שיר מדהיםם,😍
מי ששומע ב2021 שייתן לייק  ,❤️
מי ששומע ב2021 שייתן לייק  ,😘
זה מהרגש,😭
השיר הכי יפה שלו,😍
שני הזמרים שאני יותר מעריך ולשניהם קוראים עידן ⁦⁩,☺️
שני הזמרים שאני יותר מעריך ולשניהם קוראים עידן ⁦⁩,😁
שיר מדים,😀
שיר מדים,😃
היי עידן אני אוהבת לשמוע תשירים שלך כל שיר מרגש אותי נורא כשהבן שלי חלה בסרטן אהבנו ממש לשיר ביחד תשיר הזהוממש הרגיע אותו גםאני גם אוהבת לשיר וחלום שלי לשיר איתך בע&quot;ה מקווה שהחלום שלי יתגשם,😊
היי עידן אני אוהבת לשמוע תשירים שלך כל שיר מרגש אותי נורא כשהבן שלי חלה בסרטן אהבנו ממש לשיר ביחד תשיר הזהוממש הרגיע אותו גםאני גם אוהבת לשיר וחלום שלי לשיר איתך בע&quot;ה מקווה שהחלום שלי יתגשם,🙏
זאת אני או השיר הזה מאד דומה לשיר של סטינג &quot;Shape of My hearth&quot; ??גם ככה זה אחלה שיר ,❤️
זאת אני או השיר הזה מאד דומה לשיר של סטינג &quot;Shape of My hearth&quot; ??גם ככה זה אחלה שיר ,🤔
שיר מאוד יפה,😎
כול המשפחה שלי מתה אליכה,😘
אני מת אליכה שהיתי קטנה תמיד בגינה היצתלמתי איתך אוהבת ממש ממש ממש ממש נועה קלמן,❤️
פותחת את 2020 עם יצירת האומנות הזאת ,🌈
איזה שיר מושלם יפה!!!!!!,😜
איזה שיר מושלם יפה!!!!!!,🥰
איזה שיר מושלם יפה!!!!!!,😊
איזה שיר מושלם יפה!!!!!!,😍
קולטים שיש פו 15M צפיות,⚠️
קולטים שיש פו 15M צפיות,🥶
קולטים שיש פו 15M צפיות,👍
אני ואמא שלי רואים ב2018 שיר ניפלא זה ממש עצוב שהכלב שלי מת עצוב לי ממש,😢
אני ואמא שלי רואים ב2018 שיר ניפלא זה ממש עצוב שהכלב שלי מת עצוב לי ממש,😭
אני ואמא שלי רואים ב2018 שיר ניפלא זה ממש עצוב שהכלב שלי מת עצוב לי ממש,🐶
שיר נצחי,👑
שיר מושלם ,♥️
אחד הזמרים שאני מעריך ממש תמשיך ככה ותהיה יותר גדול מעומר אדם ואייל גולן אתה תהיה מלך ,👑
שיר שכל פעם ששומעים נזכרים במשהו עידן רייכל,❤
תקשיבו לזה גם ב 2030 ? אני כן מעניין אם האנושות תישאר עד אז ,🙃
תקשיבו לזה גם ב 2030 ? אני כן מעניין אם האנושות תישאר עד אז ,🙂
גם ב2021,😍
איזה תקופה יאללה השיר שעשה לי את הילדות ,👏
זה הביתוע הכי יפה של השיר לדעתי מכל שאר הביצועים שלו,❤️
זה הביתוע הכי יפה של השיר לדעתי מכל שאר הביצועים שלו,🌹
אחד השירים היפים בהיסטוריה האנושית ,♥️
אחד השירים היפים בהיסטוריה האנושית ,🌹
יש למישהו את המילים באמהרית? מת ללמוד את השיר הזה אבל הן לא כתובות בשום מקום ,😕
עידן רייכל הוא הבוב מארלי הישראלי לשירים שלו אין תוקף ,❤
בעיניי השיר הישראלי הכי יפה שיצא ,😄
אין שיר הילדות שלי ⁦⁩,✌️
שיר מדים,🎉
צמרמורת!חיילי צבע ההגנה לישראל הם הגיבורים של כולנו!! כל כל עצוב לי שחלקם אינם ,💔
שיר מרגש לא יודעת להסביר למה שמעתי אותו פעם אחת ובכל זאת הוא מזכיר לי דברים כאילו ליווה אותי תקופות שלמות,❤️
שיר מרגש לא יודעת להסביר למה שמעתי אותו פעם אחת ובכל זאת הוא מזכיר לי דברים כאילו ליווה אותי תקופות שלמות,💔
שיר מרגש לא יודעת להסביר למה שמעתי אותו פעם אחת ובכל זאת הוא מזכיר לי דברים כאילו ליווה אותי תקופות שלמות,🥺
תמיד אני שומעת את השיר הזה ואני מתרגשת מאוד ,❤
כמה פשטות ורוך עידן רק אתה יודע איך לרגש אותי ,❤️
ביג  זמר ענקקק,👍
איזה שיר מרגש!דמעות בעייני בזמן השיראני שרה אותו בלהקת רמת גן אני הסולנית הראשית שיר מדהים,😄
שיר מדהים!!,💗
ביצועים מדהימים ביותר ,💕
אהבתי אבל למה הוא שר בלשון נקבה,👩
אלופה,💪🏽
אלופה,🙏🏾
אמן,🇮🇱
אמן,🙏
&quot;יש אור של כוכבים ויש את אותו חלוםכמה את יפה תמיד וכמה היום&quot;,❤
אני שחר ברכה - זמר שחקן כותב יוצר מצייר מביים ועורך ישראלי בן 17 ואני מעלה קאברים ושירים שלי אצלי בעמודי האינסטגרם והיוטיובאתם מוזמנים לבדוק את הערוץ שלי העלתי את הקאבר החדש ביותר שלי לערוץ היוטיוב ויש עוד באינסטגרם שליערוץ היוטיוב - https://wwwyoutubecom/channel/UCaoJrxdfNd64NRKXENznEGwהקאבר החדש:https://youtube/iXaIuh-gxXoחשבון האינסטגרם שלי - @shachar_b https://wwwinstagramcom/invites/contact/?i=gqwah39s8389&amp;utm_content=1f61x1u,✌
קול קורא לעלייה מאתיופיה גיזה דרסה ללה גיזה ילם(הגיע הזמן ואין זמן אחר)יהולך נפסוואה סיתנפש(הא לך כשהרוח נושבת / כשהנשמה והנשימה באפנו) יהולך אסט סינד(הא לך כשהאש עוד בוערת )גלטאנאו יתאייל מנגדו(גלויה הדרך ונראת )בנגט צהיי בלילית צ&#39;רקה (ביום זריחת השמש ובלילה ירח)גיזה דרסה ללה גיזה ילם(הזמן הגיע ואין זמן אחר)לא מדוייק כי אפשר לפרש בכמה אופנים,❤
מהמםםםםםם,💘
ואווו פשוט ואווו אז הייתי 9 היום 17  נוסטלגיה של שיר,👏
כמה את יפה תמיד וכמה היום ,😫
אתה שר מדהים,💜
גדול ,❤
שיר מהמםםםםםםן,😊
זה פשוט מוזיקה אומנות,❤
שיר וביצוע מאוד יפה ומרגש,😭
שיר וביצוע מאוד יפה ומרגש,🙏🏻
שיר וביצוע מאוד יפה ומרגש,❤
להרגיש להיות מחובר לירח לשמש לטבע להרגיש במקום הנכון כשהרוח באיזון להיות חזקה כשהוא הולך לאהוב את הלבד כשצריך,❤️
איך פעם הייתי שומע את זה בלופים אבל הילדות בפח ,😔
מהלכים הרמונים מדהימים מורגש שעידן הוא מיקצוען שיר פשוט מרגש,👌
דין דין מהממת אחת!!!! קול מהמם מלטף ומרגיע את הנשמה אלופה ועידן אין עליך זה מנגינת מלאכים השירים שלך אוהבת מאוד  תודה לך על כך שהנגשת לנו מעט מגן עדן בטירוף העולם הזה ,💕
דין דין מהממת אחת!!!! קול מהמם מלטף ומרגיע את הנשמה אלופה ועידן אין עליך זה מנגינת מלאכים השירים שלך אוהבת מאוד  תודה לך על כך שהנגשת לנו מעט מגן עדן בטירוף העולם הזה ,❤
מת על השיר הזה מת ,😃
שיר מושלם ומרגש ,❤
שיר וביצוע מאוד מרגש יפה נוגע ללב ומקסים שאפו לך דין דין אביב ,😢
שיר וביצוע מאוד מרגש יפה נוגע ללב ומקסים שאפו לך דין דין אביב ,😭
כבר 12 שנים שהשיר הזה גורם לי לדמועLo siento mi amor,😭
אני מת על השיר הזה יש בו מסר והוא שיר מאוד מאוד מאוד!!! מרגיע שיר פצצה ואהבתי ,😎
שרה נפלא,👍
חחחחח נבהלתי מההתחלה אני עם אוזניות בחדר חשוך,😅
השיר הכי יפה ועמוק בעולם,😍
שיר מדהים,❤
אמן,🇮🇱
אמן,🙏
שיר מושלם ,💟
נהדר,👀
שיר מדהים ומרגש מאוד אין כמו עידן רייכל! ,♥
השיר הכי מרגש ,❤️
שיר שמלטף את הנשמה! אז והיום תודה עלייך ,🙌
שיר שמלטף את הנשמה! אז והיום תודה עלייך ,👑
שיר שמלטף את הנשמה! אז והיום תודה עלייך ,❤
עידן רייכל אחד האומנים המוכשרים שיש לנו במדינה הזאת ומה שעוד יותר בולט אצלו זו הצניעות! איזה בן אדם נכס!,❤️
זה מדהים!!!!,🎈
אני אפילו לא צריכה לשמוע את המילים הלחן פורט לי על מיתרי הלב ברגע השיר הכי יפה ומרגש של עידן ,😥
אני אפילו לא צריכה לשמוע את המילים הלחן פורט לי על מיתרי הלב ברגע השיר הכי יפה ומרגש של עידן ,♥️
מדהים,❤️
מדהים,🔥
מדהים,💪
מדהים,🥺
עידן אתה נכס למדינה שלנוכמה זכינו בך,❤️
מי ששומע את השיר בקורנה לייק,👍
אחד השירים המדהימים ששמעתי מתוך מליוני שירים עידן אתה נכס לעולם המוסיקה ,💞
איזה שייייייייררררררררר,😍
לא משנה כמה שנים יעברו השיר הזה הוא קלאסיקה ישראלית מרגש מצמרר ובעיקר משמעותי ביותר עבוריאוהב אותך,❤
2022 ועדיין כאן אתה מדהים,❤️
עדיין לא התגלה אור כזה בעולם חדש ומחדש בכל זמן וכל שעה מצווה גדולה להיות בשמחה תמיד! נ נח נחמ נחמן מאומן בירושלים ,👑
&quot;כל המילים שנאמרו תמצאי אותן בחלומות של אחרים&quot;- באיזו שנה היא נולדה? יש לה ילדים? היא התחסנה נגד נגיף הקורונה? היא אוהבת את השיר &quot;קוצים&quot;? היא אוהבת את השירים של שושנה דמארי ושל יפה ירקוני? (1252021),😉
&quot;כל המילים שנאמרו תמצאי אותן בחלומות של אחרים&quot;- באיזו שנה היא נולדה? יש לה ילדים? היא התחסנה נגד נגיף הקורונה? היא אוהבת את השיר &quot;קוצים&quot;? היא אוהבת את השירים של שושנה דמארי ושל יפה ירקוני? (1252021),👓
אוהב את ישראל שלום מדרום אפריקה ,🇿🇦
אוהב את ישראל שלום מדרום אפריקה ,🇮🇱
אלוף,❤
כמה אני אוהבת שיר הזה,😭
השיר הכי יפה שלו המילים פשוט כל כך נכונות ,💜
שירה - ענת בו חמו vocal Anat Ben Chamo ,🙂
שירה - ענת בו חמו vocal Anat Ben Chamo ,🌺
&quot;כמו ליבי נשרף בלהבות אהבתך&quot; ,🤲
בראל עמית השם ייקום דמכם ,❤
איזה קול מרטיט והמילים כל כך נוגעותאלופיםם אתם! יוצרים מיוחדים ,❤
עידן חביב ,♥
אוהבתתתתתתת כל כך את השיר,💓
הייתי שומע את זה אינסופי באוטו שהייתי ממש קטן  נוסטלגיה,🥹
שלמות מילים לחן ביצוע קול שמימי כישרון צרוף מהול ברגש כל כך נוגע,❣️
השירה של כברה מדהימה ועידן אתה פשוט אלוף !!! ⁦⁩,❤️
השירה של כברה מדהימה ועידן אתה פשוט אלוף !!! ⁦⁩,🤩
פוגשת שוב את השיר הזה מרגש פעם נוספת ,✨
פוגשת שוב את השיר הזה מרגש פעם נוספת ,🔥
פוגשת שוב את השיר הזה מרגש פעם נוספת ,💓
שיר מדהים מרגש בעוצמות,💕
שיר מדהים מרגש בעוצמות,❤️
מי הם ה-1200 הטיפשים אשר לא אהבו את זה?,🤷🏻‍♂️
מי הם ה-1200 הטיפשים אשר לא אהבו את זה?,🤔
שמעתי את השיר הזה אלף פעם,🤗
שמעתי את השיר הזה אלף פעם,😍
שיר ענק הופך לי את הלב ואת הבטן בקטע חיובי כמוכן  אין על עידן רייכל אמן ענק ,😊
שיר ענק הופך לי את הלב ואת הבטן בקטע חיובי כמוכן  אין על עידן רייכל אמן ענק ,❤
עדיין 2021 ואני לא מפסיקה עדיין לשמוע את השיר הזה,❤
שיר מהמם ,🌺
אימאלה איזה שיר  2020,❤
לייק מי ששומע ב 2021 למרות שעדיין לא הגיעפשוט קסם שלא נגמר ולא ייגמר כמה תענוג ואושר השיר הזה,😉
לייק מי ששומע ב 2021 למרות שעדיין לא הגיעפשוט קסם שלא נגמר ולא ייגמר כמה תענוג ואושר השיר הזה,🤗
לייק מי ששומע ב 2021 למרות שעדיין לא הגיעפשוט קסם שלא נגמר ולא ייגמר כמה תענוג ואושר השיר הזה,🤩
לייק מי ששומע ב 2021 למרות שעדיין לא הגיעפשוט קסם שלא נגמר ולא ייגמר כמה תענוג ואושר השיר הזה,💫
יצירת אומנות  כמה השיר הזה מרגש אותי ,😢
יצירת אומנות  כמה השיר הזה מרגש אותי ,❤
יצירת אומנות  כמה השיר הזה מרגש אותי ,😔
יצירת אומנות  כמה השיר הזה מרגש אותי ,💞
אחד האהבות ליבי חסר אותך,🥲
השירהכי יפה !!!,♥️
השירהכי יפה !!!,💛
השירהכי יפה !!!,💙
איך היא שרה מאיה ,❤
וואו איזה קול ,👏
שיר כזה מושלם עם פחות צפיות ,😑
זה מחזיר אותי לילדות ואמא שלי הייתה שרה לי את זה שהייתי קטנה והייתי בוכה,❤️
שיר מהמם ,😘
שיר מושלם ,♥️
&quot;אם תלך מי יחבק אותי ככה &quot;כמו שרק אתה יודע עצוב,😢
למה אתה לא שר ?,🙃
איזה שיר מדהים !!!!!!!!! 2021 ולא נימאס,🤗
מי ששומע את השיר הזה ב2020 שיתן לייק ,🥰
וואווווווווווו וואווו ,💫
וואווווווווווו וואווו ,❤
וואווווווווווו וואווו ,😍
וואווווווווווו וואווו ,💥
וואווווווווווו וואווו ,💎
השיר הזה מעלה לי זיכרונות מהטיול אחרי צבא ,😍
תענוג לאוזניים!!,🔥
תענוג לאוזניים!!,🌟
תענוג לאוזניים!!,🌹
שיר טוב,🎼
שיר טוב,🎤
זה התיאור לגאולה השלמה בעזרת ה השנה אשריךךך רוח הקודש כל המלים של השיר קידוש ה גדול תבורך מפי עליון בכל ברכות התורה אמן סלע ועד ,🙌
זה התיאור לגאולה השלמה בעזרת ה השנה אשריךךך רוח הקודש כל המלים של השיר קידוש ה גדול תבורך מפי עליון בכל ברכות התורה אמן סלע ועד ,❤️
זה התיאור לגאולה השלמה בעזרת ה השנה אשריךךך רוח הקודש כל המלים של השיר קידוש ה גדול תבורך מפי עליון בכל ברכות התורה אמן סלע ועד ,🔥
איזה מילים אחי המוסיקה ביופיה ובגאונותה רק מי שחווה תקופה כזאת בחיים יכול לכתוב כזאת משמעות ,❤
אני חייבת להגיד זהחודש סבא שלי נפטר ושמעתי את השיר הזה ועצמתי עיניים וזה החזיר אותי לתקופות איתו שהייתי ריתו פשוט הרגשתי אותו זה שיר פשוט יפיפה תודה לעידן רייכל,❤
זה רק אני ב 2021 ששומעת את השיר בלופים????,😥
זה הציל אותי בשלב הכי קשה שהיה לי עד עכשיו בחייםועידן אתה מציל אנשים,🤩
זמר כמו עידן רייכל יש רק פה,❤
שיר שמרגש ומצמרר כל פעם מחדש  עידן רייכל המדהים ,🥺
שיר שמרגש ומצמרר כל פעם מחדש  עידן רייכל המדהים ,❤
אין לי מילים לתאר את זה רק להגיד תודה רבה על זה⁦⁩,❤️
השיר הזה אוסה לי בכי,😭
רק אני שמעת את השיר הזה עדיין?? והוא עדיין מרגשש,😥
אני בדמעות זה מעביר ומזכיר את התקופות הכי קשות בחיי את הכאב בצורה רגועה ושקטה זה מציל אותי תמיד זה תמיד גורם לי לעזוב את כל הבעיות ואת הקשיים ולחשוב וליפרוק את הכאב ושהתקופה הקשה שעוברת עליי עכשיו תודה !,☺
שיר מדהים גם ב2020 בכל שיר יבעט גם ב2021 אין לו תחרות גם עד היום בו נמות,❤
שיר מושלםםםםםםאני כרגע בשיחת וידאו עם חברה הכי טובה שליהיא מספרת לי שלפני כמה חודשים ביום האחרון של הלימודים סיימנו את כיתה ו וידענו שאני והיא נלך לכתיבות שונות אז היא מספרת לי שאחרי שנפרדנו בדמעות באותו היום היא חזרה לבית שלה ושמעה את השיר הזה כדי להכניס ליותר עצבשירה אני יודעת שאת קוראת את התגובה הזאת ואני רוצה להגיד לך שאת אהבת חיי תודה שלמשך 6 שנים היית חברה כה טובה ותודה שהכרת לי את השיר המקסים הזהמקווה שנישמור על קשר,❤
שאחותי הגדולה נולדה אז אמא שלי שילדה אותה אז הי שעמה את זה ,❤️
2022 ועדיין כאן,❤️
2022 מישהו חח ? רייכל יאגדה ,‼️
2022 מישהו חח ? רייכל יאגדה ,❤️
שיר שמרגש ומרכז וגם אני שומת את השיר אני מרגישה לא לבד ,😊
שיר שמרגש ומרכז וגם אני שומת את השיר אני מרגישה לא לבד ,💞
 ב2022,❤️
שיר שכול להביא גאולה ומשיח לכל עם ישראל,🙏
גם ב 2022 השירים שלו מדהימים,🤩
אין על עידו רייכלמוסיקאימלחין גדול מהחייםחולה על כל שיר שלו,♥️
אין על עידו רייכלמוסיקאימלחין גדול מהחייםחולה על כל שיר שלו,👍
גם אם קשה להגיד מילים יפות מאלה דע לך שאני איתך,💓
גם אם קשה להגיד מילים יפות מאלה דע לך שאני איתך,💗
גם אם קשה להגיד מילים יפות מאלה דע לך שאני איתך,💞
היא מהממת ,💕
היא מהממת ,🇺🇸
היא מהממת ,💃🏻
היא מהממת ,👌🏻
