וואו איזה סרטון חבל שאתם לא יריתם על רוס בחזרה כשהוא בנה את המחשבהאמת היה נחמד לראות אם היה אפשר להכניס את החלקים החדשים במארז הישן ולעשות סליפראבל החדש נראה מצויין בלי יותר מידיי דאווין תתחדש רוס,😉
סרטון מקצועי (כמו תמיד) על אוזניות שנראות ונשמעות מעולה!לכל הצופים והעוקבים האדוקים של TML GAMING - ניתן לרכוש את ה-EDIGIER GX-07 אצלנו (חפשו את הלינק בתיאור הסרטון )אנו משווק מורשה בישראל של מוצרי EDIFIER ונשמח לעזור לכם ,🙏
סרטון מקצועי (כמו תמיד) על אוזניות שנראות ונשמעות מעולה!לכל הצופים והעוקבים האדוקים של TML GAMING - ניתן לרכוש את ה-EDIGIER GX-07 אצלנו (חפשו את הלינק בתיאור הסרטון )אנו משווק מורשה בישראל של מוצרי EDIFIER ונשמח לעזור לכם ,⬆
השירות בכללי גרוע בארץ סבלתי מ ksp במשך חודש על מוצר שהגיע תקול פשוט זוועהאחלה סרטון ואל תפחד לדבר על הדברים האלה,‼️
איך אתה שם את הבדיחה של דרוווור פה? אף אחד לא יבין,😜
תענוג לראות את לייטבוי עובר עינוי כזה אלופים!! ,💪
תסקרו את הnk65 שלך ליעד!,😂
סרטון מושלם לא הייתי משנה כלום בתכלס אפילו שזה קצת אוברקיל אבל אם אפשר למה לא עכשיו תעשה סטרימינג מהסלון?,😨
סרטון מושלם לא הייתי משנה כלום בתכלס אפילו שזה קצת אוברקיל אבל אם אפשר למה לא עכשיו תעשה סטרימינג מהסלון?,😉
יפה שתלית את המפה של GTA V על הקיר,😃
וואו איזה מחשב מטורף!תעשה איזה מבחן ביצועים,😋
אח שלי היקר תמשיך ככה כי אתה עושה את זה הכי טוב,❤️
אהבתי את התאורה של האוזניות,🤩
מעולה אז עשיתי נכון שבחרתי לוח שתומך רק ב-DDR4 השאלה מתי אני מספר לכם שזה B660 ולא Z690 ,😀
איפה כל ה RGB? איפה?? ,😏
סוף סוף בנוסף אני חולה עליך מי שרוצה ש tml יעשו הגרלה על מחשב וגם על ציוד הקפיתתנו ליק ,👍
סרטון פצצה אוליי כדאי שתוסיף לכותרת לגבי הסוף של הסרטון,❗
סרטון מצוין! פעם הבא תעשו על המחשב של רונן גיגי ,🧨
תעדכנו לגבי הטמפרטורות,🤣
ככה זה שאתה מספנסר חברה אתה יורד ברמה ,🤷
היי פדרו,🥲
קצת מאכזב לראות אנשים ככ משפיעים שמפרסמים רכישה של מחשב שכזהאפשר פשוט לבוא לשרת אני ארכיב משהו טוב בהרבה ה120 לחלוטין לא מספיק באופן לא מפריע הטמפ לא מוגזים כי מעצבי המתח מגבילים ממש את המעבדמארז דיי חנוק אין כמעט אוויר הקירור של הכרטיס לא משהו הספק לא מה שהייתי לוקח למפרט ב15kוכל פעם שאתה מסתכל על החיבוריות של הלוח אתה רוצה לזרוק את המחשב באווירמקווה שכמה שיותר אנשים יגיעו לסרטון הזה :),😛
תקשיבו סרטון מעולה  מאוד חשוב וכל הכבוד לכם,🔥
מי קונה בכלל מחשב מותג  סרטון פצצה,🤷🏻‍♂️
אני:איזה יופי הם שמו מיפרט יותר טוב ויותר זול רואה את המחיר:,😨
אני:איזה יופי הם שמו מיפרט יותר טוב ויותר זול רואה את המחיר:,💀
אני:איזה יופי הם שמו מיפרט יותר טוב ויותר זול רואה את המחיר:,😱
עלאק יצא 3090TI ,😂
וואלה סרטון מטורף ליעד-_- ,🔥
וואלה סרטון מטורף ליעד-_- ,♥
חג פורים שמח!!!!תרשמו לנו בתגובות כמה לדעתכם אמור לעלות מחשב גיימינג תקציביתודה שצפיתם ומקווים שנהנתם! ,❤
בנייה לא משתלמת בעליל מי ישים מעבד כזה ולוח כזה בשילוב ביחד ,🤦‍♂️
מזו המקלדת הזו שיש לך שם ליעד? יא מלך וגם עומרי ,😎
מזו המקלדת הזו שיש לך שם ליעד? יא מלך וגם עומרי ,✌🏻
מזו המקלדת הזו שיש לך שם ליעד? יא מלך וגם עומרי ,🏆
יש לי 1080ti ולא מתכנן החלפה בזמן הקרוב הוא מעולה לכל השימושים שליקסם שחור של אנווידיה ,🤣
אני עם 1070 וזה מספיק לי בשביל לנצח את קאלאפוס ברוקט ליג… ,😃
יש לי gtx 1050 2gהוא לא מספיק טוב היום אני מת להחליף אותו כבר אבל אין לי כסף,🤷‍♂️
יש לי מארז של lian li שום מארז עד היום לא מצליח להגיע לרמה שלו ,😀
יש לי nx260 אבל אני אשמח לשדרג לnx410,😁
ממש קיוויתי שהוא יהיה אלחוטי… חבלאחכה לגרסה האלחוטית ואולי עוד כפתורים? ,🧐
סרטון מדהים תודה רבה על תוכן מעניין כרגילאהבתי את הבדיקה מול הראם שבאמת אפשר להשיגקירור סטוק נראה מטורף ביחס לישןאולי באמת היה יותר טוב לקנות אותו לדורין,🙈
ווואלה אני חייב מחשב חדש אולי תתרמו לי  ישלי מחשב מלפני 6 שנים הלוואי הייתה הגרלה והייתי זוכה,🤣
ווואלה אני חייב מחשב חדש אולי תתרמו לי  ישלי מחשב מלפני 6 שנים הלוואי הייתה הגרלה והייתי זוכה,😂
חחחח איזה אח גבר יש לו!! כל הכבוד לכם יצאתם אלופים!,🤣
תודה שאתם אונים לשאלות!,😁
לי יש את Razer Huntsman Elite ,👍🏻
יש RGB חח,👍🏻
אחלה סרטון ולמרות שזה מפתה מאוד 7000 ש&quot;ח זה קשוח בטח כשזה בלי מסך ,😬
אלופים ,🏆
הייתי שמח למודל די בלבן אבל אני מפחד שלא אוכל לחזור לעכברים הכבדים אחר כךבכל מקרה סרטון מעולה נהניתי מאוד,🤣
הייתי שמח למודל די בלבן אבל אני מפחד שלא אוכל לחזור לעכברים הכבדים אחר כךבכל מקרה סרטון מעולה נהניתי מאוד,👌
סרטון אדיר!!! TML הדור הבא נראה מבטיח ביותר!!!תשמע אתה מלך אבא נפלא והבן שלך מתוק אמיתי מקווה שתעשו ביחד עוד סרטונים :)#תוכן,🥇
איזה חמוד,😘
תשמע הילד הזה מתוק בטירוף!! איזה כיף לכם!,😀
בסרטון הבא - בתשבע מתקנת כרטיס מסך ,😂
ווואווו סרטון נדיר  ממש אהבתי את השתי זוויות (בכללי את הלוק של ה a-roll) אחלה b-rolls ותוכן פשוט מעולה מפורט מאוד  תותחים ,❗
ווואווו סרטון נדיר  ממש אהבתי את השתי זוויות (בכללי את הלוק של ה a-roll) אחלה b-rolls ותוכן פשוט מעולה מפורט מאוד  תותחים ,🔥
ווואווו סרטון נדיר  ממש אהבתי את השתי זוויות (בכללי את הלוק של ה a-roll) אחלה b-rolls ותוכן פשוט מעולה מפורט מאוד  תותחים ,💪🏻
שכחתי לשים לייק ותגובה בושה וחרפה,🙈
אני יותר מתרגש לקראת ההשקה של AMD ,😏
בהצלחה לדור 12 תודה גדולה ל -&gt; TML !!!!,♥
שאפו על ההשקעה ,🔥
סרטון פצצה!,🔥
מה אתה חושב על כרטיס המסך ASUS Phoenix GeForce GTX 1660 OC edition 6GB?,®
סרטון אשרק לא הבנתי למה לא כמה עשית קליפ ושימון מחדש למייצבים כדי שישמעו מדהים במיוחד שלעומת שימון הסוויטצ&#39;ים זה ממש קצת עבודה והיה מעלה את הרמה של המקלדת בכמה יחידות מידה אבל בסופו של דבר אהבתי,🔥
סרטון אשרק לא הבנתי למה לא כמה עשית קליפ ושימון מחדש למייצבים כדי שישמעו מדהים במיוחד שלעומת שימון הסוויטצ&#39;ים זה ממש קצת עבודה והיה מעלה את הרמה של המקלדת בכמה יחידות מידה אבל בסופו של דבר אהבתי,👍
אני שישי לו מחשב שלא תומך ועדיין אצליח להתקין ,🤣
וואו איזה יופי יצא הכל בסוף ממש אהבתי את המוד של התאורה כמו המגרש חושב שזה מיוחד בהתחשב בעובדה ששאר המאווררים/הרכיבים כמעט בלי תאורה וזה נותן משהו מיוחדהייתי שמח לראות בנייה של ac אדום לבן או משהו בסגנון או אולי גם בנייה של warcraft או משהו כזה בסגנון מברוק עומרי מחכה לראות את הסטאפ המלא אגב מעריך ממש את התודה זה לא מובן מאליו שמח לתרום ולעזור לכם חברים,😁
סרטון טוב כרגילבחירה מעולה של חלקים + ממש אהבתי את המוד שעשיתם נראה ממש מגניב ונקיאה וx570 taichi  מהמם,😍
חחחחח חזק ביותר הסקץ&#39;זה לבן ומהמם אחלה של סרטון כמו תמיד,😍
חחחחח חזק ביותר הסקץ&#39;זה לבן ומהמם אחלה של סרטון כמו תמיד,🤩
איזה פתיחה ,🔥
עוד מעט תיפול לחור הארנב של מקלדות מכניות קאסטום וזאת ממש לא תהיה האחרונה,😈
סטאפ נדיררר אבל הכי אהבתי זה הכיסא ,🔥
פאק תתחדשו כמה צעצועים ,😎
איזה פינוקים  (אהבתי את המשרד),🔥
ממש מעניין יש עוד מקלדות כאלה שאתם מכירים שהם hot swap בסוויצ&#39;ים?אני אשמח לראות סרטון על המקלדת הזו עם מקשים/סוויצ&#39;ים שוניםנב- יש גם צבעים נוספים למקלדת? (לבן אולי???),🥺
קורע ,😂
סרטון מצויין שאפו על ההשקעההרגתם אותי מצחוק ,🔥
איזה ליצניםכמה רעש הנרפים האלה עושים…,🤣
איזה ליצניםכמה רעש הנרפים האלה עושים…,😖
ממתין בקוצר רוח ,😉
קורדרוי?! חזרת לילדות? קרדיויד (Cardioid) איך אני חולה על הטעויות הפרוידאניות האלה קורה לי מלא! ,😂
ברור שקלאפוס ניצח הוא אוכל כרטיסי מסך לארוחת הבוקר ,🤣
ברור שקלאפוס ניצח הוא אוכל כרטיסי מסך לארוחת הבוקר ,😜
ברור שקלאפוס ניצח הוא אוכל כרטיסי מסך לארוחת הבוקר ,😍
מה אתם חושבים על dlss? אתם משתמשים? אם כן באיזה רזולוציה? תודה לכל מי שצפה וכל מי שהגיע לתגובות! ,❤️
מגניב לאללה! איזה פצפון!!,😅
חחחחחחח &quot;תמיד רציתי שיהיה לי קטן&quot; ,😂
חחח סרטון מעולה קלאפוס - הייתי בטוח שאתה אשכרה הולך לבנות מחשב בדקה ולראות אם הוא עובד ,🤣
כותרת אלטרנטיבית לסרטון: ״איך לבאס לכם את החיים עם חומרה שאתם לא יכולים (להרשות לעצמכם) לקנות ב60 שניות״ ,❤️
יססססס! עריכה לפנים! בעיקר הסאונדים של המשחה,😅
עזבו את זה שהסקירה מעולה כמו תמיד אני חושב שהסירטון הזה פחות קשור לקהל הזה הייתי מעדיף לראות סקירות עח ציוד היקפי למחשב שמתמקד במקלדת ועכבר ופחות בציוד כמו מצלמות במיוחד כאלה ליוצרי תוכן אני חושב שזה לא הקהל שלכם אבל סירטון מעולה ,😊
אנשים התחילו להשקיע בסטאפים טובים ואני לא אוהב את זה רוצים פאדיחות חחחאלופים אתם,🥇
אנשים התחילו להשקיע בסטאפים טובים ואני לא אוהב את זה רוצים פאדיחות חחחאלופים אתם,🔥
אלופים!! אני עוד מעט עובר דירה נצלם לכם עמדה מיוחדת מותאמת אישית לא מהבית של ההורים ואני לא יניח שם קלסריםkillergo out,🤣
אלופים!! אני עוד מעט עובר דירה נצלם לכם עמדה מיוחדת מותאמת אישית לא מהבית של ההורים ואני לא יניח שם קלסריםkillergo out,😂
סירטון פצצה ! עדיים מחכה לבניית קאסטום שלכם אמרתם פעם שאתם רוצים להיכנס לעולם הזה זה היה לפני שנה ,🤫
סירטון פצצה ! עדיים מחכה לבניית קאסטום שלכם אמרתם פעם שאתם רוצים להיכנס לעולם הזה זה היה לפני שנה ,😒
סירטון פצצה ! עדיים מחכה לבניית קאסטום שלכם אמרתם פעם שאתם רוצים להיכנס לעולם הזה זה היה לפני שנה ,🤭
תודה רבה! סרטון מעולה ,😊
נייס ביותר מבאס קצת המצלמה והרמקולים שמופנים לכיוון המשטח עליו יושב המחשב למה??,🤦🏻‍♂️
אחלה סרטון כמו תמיד: אתה חושב שarctic freezer 34 esport duo יצליח להחזיק קר את המעבד i7 1700k?,⚡
בשביל ביקורת ראשונה למשחקים הצבתם רף גבוה #תוכן,🥇
ביקורת מעניינת ומעמיקה ממש שמחתי שעצרת את עצמך ולא נתת ספויילרים מקווה לעוד ביקורות על משחקים בעתיד כמו תמיד סרטון מצויין מחכה לסרטון הבאנב הערה קטנה אין מספיק rgb,😁
מה עם הסרטון על ה GK61?,😂
סוף סוף חזרת לחדשות השבוע,👍
אני רוצה שידור לתחרות e sport של excel ,😂
אחלה סירטון ,👍
מתי רואים את מתן ???????מתגעגעים ,💪
Razer naga trinity מאוד מרוצה ממנו רק חבל שהוא לא לבן,🥲
סרטון סחלה,👍
איזה חשים זה כולה סטאפ מה יש לכם,🙄
איזה חשים זה כולה סטאפ מה יש לכם,🤦
הרגתם,🤣
בבקשה תעשו סרטון כזה כל שבוע זה הסדרה הכי טובה שיש ואני גם שלחתי ועוד לא הגעתם לזה אז בבקשה!!!תנו לייק אם אתם מסכימים,👇
אליפות ,💉
אלוף ,🚀
כן כן סרטון הדרכה  תודה רה,🙏
אחלה סרטון קצר וענייני! ,💪🏽
בחיים לא עצרתי אובר קלוק כל כך מהר ,😏
הייטרים לעד,♥
איזה סרטון סחלה,👌
סרטון מעולה,👌🏼
סרטון מעולה ,👍
אני רשום כבר,🤨
אללה מתן ותודה לכם אחלה סירטון ,💪
אחלה סיכום שבוע  (אהבתי שהאוזניות מיועדות לאנשים שיש להם xbox אבל הם במחיר של הקונסולה ),😅
אחלה סיכום שבוע  (אהבתי שהאוזניות מיועדות לאנשים שיש להם xbox אבל הם במחיר של הקונסולה ),🔥
אחלה סיכום שבוע  (אהבתי שהאוזניות מיועדות לאנשים שיש להם xbox אבל הם במחיר של הקונסולה ),💪🏻
שלישי,😉
אחלה סרטון,❤
אחלה סרטון,😁
סרטון מעולה ,🔥
אחלה סרטון ,🔥
החדר! ,😍
איזה סרטון סחלה,👌
14k סאבים,👏
פתיח נדיר ואחלה סרטון ,🔥
פתיח נדיר ואחלה סרטון ,💪🏻
איזה סרטון סחלה,👌
אחלה ערוץ ,😉
שבוע טוב וחודש טוב ומבורך לכולם ,💕
סרטון קצר וקולע  נשמע אחלה של מיקרופון ,🔥
סרטון קצר וקולע  נשמע אחלה של מיקרופון ,🎤
תביאו לי אחד,😪
מיקרוגל גיימינג ,😂
בור של חרא אבל חתיך,🤣
שמח שסיימתם את הבניה שלי במהירות כזו אני אסתפק ב3070 רק תגידו לי כמה זה יצא בסוף כולל משלוח תודה נסיכים ,😉
אני ששבוע לפני ההשקה קניתי 1660 super ,😕
אני עם : RTX3070,😌
Pov: אני ששבוע לפני ההשקה קניתי rtx 2070 ,😕
אני מבסוט על ROG STRIX 3090 שלי,🤙🏻
אני עדין עם הgtx 1060 6gb ,🙃
אני עדין עם הgtx 1060 6gb ,😭
9 צפיות 9 לייקים יפה יוטיוב!,👌
יש גם בדרום bgpc ואחלה פרסום לעצמכם כל הכבוד,👏🏻
אהלן קודם כל רציתי להגיד אחלה סרטון אהבתי מאוד ודבר שני אשמח אם תוכל לעזור לי מאיפה הכי כדאי לי לקנות מחשב בסך מחיר של 6500-6000 שקל בעיקר לגיימינג אני לא הכי מבין האמת בבניה ואשמח לעזרה שלא אקנה משהו סתם תודה רבה על כל מקרה ,❤️
תמשיכו עם זה,💪🏿
כל הכבוד על ההשקעה! שאפו ענק!ממש התאכזבתי לשמוע ש2 חנויות מאוד דומיננטיות לא ענו בכללבכל אופן סרטון מבורךכן ירבומי ייתן ולא יסגרו לכם דלתות בחנויות בהמשך ,🤣
כל הכבוד על ההשקעה! שאפו ענק!ממש התאכזבתי לשמוע ש2 חנויות מאוד דומיננטיות לא ענו בכללבכל אופן סרטון מבורךכן ירבומי ייתן ולא יסגרו לכם דלתות בחנויות בהמשך ,😉
הבעיה בחנויות שהם לוקחים מלא כסף על ההרכבה ובגלל זה המחיר עולהתפתחו חנות מחשבים במקביל ותבנו מחשבים,✌🏻
הם מגיעים עם rgb אבל זה בלו,🤦🏼‍♂️
אני בעד סקירה על הסלון,🤣
אני בעד סקירה על הסלון,✌
אולי תעשו סקירה על ה: DF 700 FLUX ?בכל מקרה יש לכם ערוץ נדיר תמשיכו ככה!,💪🏽
יפההה ,👌
אחלה כתוביות גיליתי שיש בגלל מיס קליק,😅
למה לא הראתם את הסטאפ ששלחתי לכם?,😔
אהבתי את הוידאו כרגיל אלופים (:באסה ש killergo עדיין לא קיבל ריסוק הייטרי על הסטאפ שלו אולי בסרטון הבא,😏
אהבתי את הוידאו כרגיל אלופים (:באסה ש killergo עדיין לא קיבל ריסוק הייטרי על הסטאפ שלו אולי בסרטון הבא,😁
אהבתי את הוידאו כרגיל אלופים (:באסה ש killergo עדיין לא קיבל ריסוק הייטרי על הסטאפ שלו אולי בסרטון הבא,😀
הייפר איקס ,❤
הייפר איקס ,😍
אני הייתי רוצה אחד כזה,😍
וואו סרטון מטורף כל הכבוד!,🤗
וואו סרטון מטורף כל הכבוד!,❤
שיהיה שבת שלום ומבורך לכולם ,💙
איזה מארז יפהההה ,😍
סופסוף סקירה על ה3070!אוהב אותכם ימלכים,❤
תתחדשו על הלוגו החדש! נראה אש,🔥
תתחדשו על הלוגו החדש! נראה אש,🥰
״תגובה מגניבה״,😎
המאווררים של הקירור מים נמצאים מעל המארז או שאני מדמיין? ,🤣
המאווררים של הקירור מים נמצאים מעל המארז או שאני מדמיין? ,😂
אוקיי המחשב הזה יכול להריץ סיבר פאנק זה מחשב שיכול להריץ דום איטרנל ,😅
אוקיי המחשב הזה יכול להריץ סיבר פאנק זה מחשב שיכול להריץ דום איטרנל ,✌️
אני רוצה מחשב נייח גיימינגאני כל החיים עם לפטופים גרועים בחיים לא היה לי מחשב גיימינג,😪
איזה סוג לוח אם אתה ממליץ ?בבקשה תענה ,😔
איזה סוג לוח אם אתה ממליץ ?בבקשה תענה ,🥺
יש לי z490 ,😂
רק עכשיו גיליתי ששיחררתם את הוידאו לפני שבוע איזה דילייכל הסקודות למינהם שרצים שם זה כי אישתי עובדת ביבואן של סקודה ואאודי וכו׳את האוזניות החלפתי כבר עד ששיחררתם את הוידאו כמה זמן לקח לכם?? אגב החלפתי לאותו דגם כי זה זול וטובלגבי הכרטיס קול החיצוני והכבל יואסבי שמבצבץ מתחת למסך: אז הכבל זה בשביל מקלדת MIDI שאני עובד איתה בקיובייס כדי ליצור מוזיקה (מה אני מקשקש? לא פתחתי קיובייס כבר שנה) ולכן גם הכרטיס קול כדי להתעסק עם כל הפרוססיה של הסאונדוהתמונה זאת אישתי ואני תמונה שהיא הכינה לי קצת אחרי שהתחלנו לצאת לפני מיליון שנה,🤣
רק עכשיו גיליתי ששיחררתם את הוידאו לפני שבוע איזה דילייכל הסקודות למינהם שרצים שם זה כי אישתי עובדת ביבואן של סקודה ואאודי וכו׳את האוזניות החלפתי כבר עד ששיחררתם את הוידאו כמה זמן לקח לכם?? אגב החלפתי לאותו דגם כי זה זול וטובלגבי הכרטיס קול החיצוני והכבל יואסבי שמבצבץ מתחת למסך: אז הכבל זה בשביל מקלדת MIDI שאני עובד איתה בקיובייס כדי ליצור מוזיקה (מה אני מקשקש? לא פתחתי קיובייס כבר שנה) ולכן גם הכרטיס קול כדי להתעסק עם כל הפרוססיה של הסאונדוהתמונה זאת אישתי ואני תמונה שהיא הכינה לי קצת אחרי שהתחלנו לצאת לפני מיליון שנה,🙈
רק עכשיו גיליתי ששיחררתם את הוידאו לפני שבוע איזה דילייכל הסקודות למינהם שרצים שם זה כי אישתי עובדת ביבואן של סקודה ואאודי וכו׳את האוזניות החלפתי כבר עד ששיחררתם את הוידאו כמה זמן לקח לכם?? אגב החלפתי לאותו דגם כי זה זול וטובלגבי הכרטיס קול החיצוני והכבל יואסבי שמבצבץ מתחת למסך: אז הכבל זה בשביל מקלדת MIDI שאני עובד איתה בקיובייס כדי ליצור מוזיקה (מה אני מקשקש? לא פתחתי קיובייס כבר שנה) ולכן גם הכרטיס קול כדי להתעסק עם כל הפרוססיה של הסאונדוהתמונה זאת אישתי ואני תמונה שהיא הכינה לי קצת אחרי שהתחלנו לצאת לפני מיליון שנה,😄
תותחים אהבתי ,☀️
תותחים אהבתי ,😃
סרטון מצוין כרגיל,😁
וידאו מגניב לגמרי חיכתי כל כך הרבה זמן חחחחאני מקווה שפעם הבאה הסטאפ שלי יופיע ,🙌
אהבתי צ&#39;פרו את הסטאפ הכי נורא בפרס שייקל על סבלו,🙂
עכשיו נכנסתי לשרת ,😅
אלופים!! אהבתי ממש וחיכיתי לזה המון ,🤣
אלופים!! אהבתי ממש וחיכיתי לזה המון ,❤
אפשר הגרלה על 30 80 ???? בבקשהה,🙏
מעולה ליעד ועומריה ROG STRIX 3090 שלי בדרך,👍🏻
806 צפיות 14 תגובות ,🤔
אלוף ,🏆
הזקן של סנאקס לא יודע מה זה סקס,🐍
הזקן של סנאקס לא יודע מה זה סקס,🧔🏿‍♂️
הזקן של סנאקס לא יודע מה זה סקס,🔞
הזקן של סנאקס לא יודע מה זה סקס,❓
הזקן של סנאקס לא יודע מה זה סקס,🇵🇸
מלך,🤙
אני לא יכול הקול שלך שובר אותי   ,😂
מה זה האקדח שם?,😱
השאלה אם יש תמורה למחיר ? מחיר גבוהה הוא בסדר אם יש תמורה לדוגמא 2080ti או 1080ti מחיר מאוד דומה ואפילו יקרים יותר ממה שהצגת פה בכרטיס 6800 לא ראיתי ביצועיים שלו אני מניח שאתם בדקת אבל הייתי שמח לשמוע אם יש תמורה למחיר חוץ מ &quot; מקווים שיתאזנו המחירים ונקבל מחירים שפועיים בקרוב &quot; חוץ מזה סירטון מעולה כרגיל ,😊
סירטון טוב אבל כמה עולה המחשב ובאמת סירטון טוב אז תגיד לי טוב ,😆
הרגעתם אותי עם הכרטיס מסך הזמנתי ושמעתי כל מיני שמועות תודה רבה ,❤
פליז פליז תקראו לפלייסטיישן בשמו ולא &quot;סוני&quot; אחלה סרטון בלי קשר ,😎
אלוף ,🏆
לוח אם מעולה קניתי אותו ב TMS האלופים ,🍾
לוח אם מעולה קניתי אותו ב TMS האלופים ,🤙🏻
תודה רבה נהנתי מאוד ,😀
נייס תודהה יא תותחים!! ,🔥
ואו אהבתי מאוד את העיצוב של המקלדת גם כן אהבתי את זה ש HYPER X מייצרים סוויצים משל עצמם תאמת שלא ידעתי את זה ואתה חידשת לי את זה אז תודה לך נוכל! ,😉
מחכה כבר לסקירה של הgk61,😋
חולה עליכם,🤙🏻
אלוף ,👊🏽
האם מישהו כאן ממליץ לקנות מפרט מהחנות TMS בנתניה זה ממש חשוב לי התגובות כאן בתור אנשים שמבינים במחשבים וחנויות ,🙏🏿
אלוף ,👏
ועכשיו גם לא לקנות ?,🤨
נשאר לי רק לחלום על מפלצת כזאת,🙄
שמע אחי סרטוו פצצהאבל אני צופה במאוור של המעבד והמצלמה לא מעבדת אותו הייטב,😁
מה זה המקלדת הזאת מה השם,😱
אלוף ,❤️
מצחיק שהמחיר של שתי היחידות זהה בארץ אבל בחול יש יש בינהם הבדל של 100 דולר חזק שלךבכל מקרה הבדל של בערך 800 שקל ממחיר בחול אז מבאס,😂
רק מחכה לזה כל פעם מדהים,👍
Amd עדיף מהדור הראשון ואני מסבירקניתי את ה1600x 6 ליבות בכלום כסף לאומת אינטלכל המערכת חסכתי כסף עברתי למסך 4 קי כרטיס מסך1080ti (דילגתי על הבולשיט של סידרה 20xx)המחשב מריץ וינדוס ותוכנות על אס אס די של סמסונגמשחקים על nvme של סמסונגויש עוד כונן של 2 טרה לשאר שטויותהבנתם שמשחקים 4k המעבד לא באמת כזה קריטידרך אגב ה3090 יהיה בערך 15 אחוז יותר חזק מה80 וענק כך שעדיף שלא אבל זה אני אומר,😎
איזה שילוב ליגהההה שבמקרה יש לי בדיוק כזה10600k על z490 vision gבהחלט אחד הלוחות החזקים והיפים שראיתי שמסוגל אפילו להחזיק 10900k עם אוברקלוקאבל עדיין קצת יקר,🤔
אחלה וידאו ממש מרשיםעכשיו אני בוכה שקניתי 2080 super ,😂
אחלה וידאו ממש מרשיםעכשיו אני בוכה שקניתי 2080 super ,😑
כך הכבוד שמישהו מסדר הכל כל הכבוד לכם ,👏
כך הכבוד שמישהו מסדר הכל כל הכבוד לכם ,🔥
חשדתי כבר בטמנייל ליעד תמשיך ככה אחלה וידאו באמת,🤔
חשדתי כבר בטמנייל ליעד תמשיך ככה אחלה וידאו באמת,😂
חשדתי כבר בטמנייל ליעד תמשיך ככה אחלה וידאו באמת,👍
חשדתי כבר בטמנייל ליעד תמשיך ככה אחלה וידאו באמת,😎
הבדיחה בהתחלה כל כך קרינג&#39; ,😉
תמשיכו ככה! רמה גבוהה עומר יחנון,🤙🏼
וואלה לחצתי על כל הכפתורים ,😊
אם מחברים את הכבל מהמקלדת למחשב אז המקלדת עובדת במצב חוטי או שזה רק מטעין את המקלדת?אשמח לתשובה,🙃
וואלה סחטיין על העדכונים כרטיסי המסך החדשים נשמעים פסיכיים 3090 וואו איזה התקדמותכל הכבוד אחלה וידאו ,✌
סרטון נדיר ,❤️
תודה רבה על האירוח הדאגה והאכפתיות אוהב אותך אח!,❤️
פשיי קאלפוס עוד עוזר לנוכלים בגילו כבוד חברה,👏
היי חברים! אני אלון ופתחתי ערוץ חדש החלום שלי הוא להגיע ל1000 סאבים ואני רחוק אבל אני צריך את עזרתכם תכנסו לערוץ ובבקשה אם תאוהבו או תרצו לעזור לי להגיעה למטרה שלי תתנוסאב אני משקיעה בלייבים כול יום מקווה שתקחו לתשומת לבכם תודה!!,❤
כל כך הרבה זמן הוא מטפח באבק בפנים הוא הגיע לרמה באמת גבוהה סחתיין  סירטון מעולה btw,🤭
פחחח שנה לא ניקה את המחשב? כל שנה להחליף משחה טרמית? חובבנים יש לי פה מחשבים מלאים באבק עור מת ושערות זקן ג׳ינג׳יות שלא נוקו מעולם והטמפ׳? אש! רגע ,🤔
סרטון טוב ⁦⁩ מי זה פה גבוהה חזק!!,👍
סרטון טוב ⁦⁩ מי זה פה גבוהה חזק!!,♥️
סרטון טוב ⁦⁩ מי זה פה גבוהה חזק!!,👑
גבוה חזק שולט,🤟
עריכה מדהימה משו יש לנקות פעם בחודשיים!!! או חודש,🤣
עריכה מדהימה משו יש לנקות פעם בחודשיים!!! או חודש,🔥
וואלה מדהים כרגילאני חושב שאם יהיה לי מחשב חדש אני עובר ל AMD ,😎
תודה ,👌🏽
כל הכבוד ,👍
וואלה באמת מעניין מה שהבאתם פה #אלופיםכרגיל ,😃
שלום אני גר בצפון הארץ קרית שמונה ורוצה להרכיב גם מחשב כזה לילד אך מגיעים אלכם בבקשה רוצה לעשות הפתעה לבר מיצווה שלא נהנה מאוד ליצפות בסירטונים שלכם ,🥇
שלום אני גר בצפון הארץ קרית שמונה ורוצה להרכיב גם מחשב כזה לילד אך מגיעים אלכם בבקשה רוצה לעשות הפתעה לבר מיצווה שלא נהנה מאוד ליצפות בסירטונים שלכם ,👏
שלום אני גר בצפון הארץ קרית שמונה ורוצה להרכיב גם מחשב כזה לילד אך מגיעים אלכם בבקשה רוצה לעשות הפתעה לבר מיצווה שלא נהנה מאוד ליצפות בסירטונים שלכם ,👍
שלום אני גר בצפון הארץ קרית שמונה ורוצה להרכיב גם מחשב כזה לילד אך מגיעים אלכם בבקשה רוצה לעשות הפתעה לבר מיצווה שלא נהנה מאוד ליצפות בסירטונים שלכם ,❤
אחלה וידאו ממש אהבתי את ההרכבהאם אפשר לדכת מאיפה המארז וכמה עולה או פשוט אם אפשר לשלוח קישור ,❤
אחלה וידאו ממש אהבתי את ההרכבהאם אפשר לדכת מאיפה המארז וכמה עולה או פשוט אם אפשר לשלוח קישור ,😁
הכבלים ,😍
ימלכים,👏
סירטון טוב תמשיחו ,🙂
דווקא ממש אהבתי את הקטע תמשיכו הלאה תותחים ,🙌
לוח ב 1400 ואין לו כפתורים? אין לו צג קטן לתקלות?לוח לפח לא שווה את זה1400 שקלסקירה מצויינת ,🥇
אחלה חולצה חתיכוס ! דרך אגב סירטון מדהים כרגיל ,😋
תענה לי סבא,😂
מזל טוב הגעתם ל10 אלף רשומים ,❤
יש לי שאלה אליך היוטיובר הכי טוב בארץאומרים שיש בעיה בדאבל קליק בg pro wireless זה נכון ואם כן תפרט קצת בבקשה אוהב אותך,🤩
חח אני לוקח את המארז NX300 עם 3600 ו2060 s רצינו לקנות 3070 לא היה אז התפשרנו על 2070 סופר וגם לא היה ובסוף הלכנו על 2060 סופר והם התחילו לבנות וכבר יצא ה3060 ti איזה כיף לי ,🤦‍♂️
סרטון מדהים!! חושב על לקנות אחד מהם ,🧐
איזה סקירה כיפית מקצועית צחוקים פספוסים - בנוי נכון גם המארזים וגם הסרטון עפו לי ה-13 דקות של צפייה בשניכם המארזים מרשימים ביחס למחיר #תוכן,👏
איזה סקירה כיפית מקצועית צחוקים פספוסים - בנוי נכון גם המארזים וגם הסרטון עפו לי ה-13 דקות של צפייה בשניכם המארזים מרשימים ביחס למחיר #תוכן,💯
אחלה סירטון סך הכל אישית הייתי מעדיף לראות תוכן של מדריכים על איך לעשות כל מיני דברים וסירטוני בניית מחשבי קצה ( קאסטום לופ / מחשב שמיועד נטו לאוברקלוק קצה שמתקרר בחנקן וכו ) אבל זה רק אני ,😅
אחלה סירטון סך הכל אישית הייתי מעדיף לראות תוכן של מדריכים על איך לעשות כל מיני דברים וסירטוני בניית מחשבי קצה ( קאסטום לופ / מחשב שמיועד נטו לאוברקלוק קצה שמתקרר בחנקן וכו ) אבל זה רק אני ,😉
אחי מת הל ההסבר המגניב שלך ,😉
חחחח אתה קצת בדיליי אבל סרטון מטורף יאח,❤
למה לא עשיתם גם איזה השווה קטנה נגד אינטל ? זה היה נותן אינדיקציה יפה יותר למה באמת עדיף אינטל או איאמדי לדעתי היה מוסיף המון חוץ מזה אין תלונות סירטון פצצה ,😆
הסבר איכותי ממש תודה תותחים ,💪
חייתי אין ספק מבאס שצריך סוקט חדש אבל עדיין מעבד ולוח מטורפים ,👍
אתם תוכלו לעשות סרטון על מוצרי גיימינג זולים וטובים ברמה יחסית גבוהה?,🤔
הלוואי עליי,🥵
איזה כיף! תזכרו שלי יש יומולדת בפברואר ,😜
  פרטיזן מלכנו    ,👑
סרטון מעולהה! כנסו לוולוג האחרוןן ואם אהבתם תנו לי סאב,🤟🏽
לייק מי שבא מידידקשן,😂
היי אני מתכוון לקנות את אותו מארז רק בצבע לבן ורציתי לשאול האם המפרט הזה יתאים?CPU: Intel Core i7-10700K Processor GPU: GIGABYTE GeForce RTX 3060 Ti DirectX 12 GV-N306TGAMINGOC PRO-8GD Motherboard: GIGABYTE Z490 VISION G Liquid Cooler: MSI MAG CORELIQUID 240R - AIO RGB CPU Liquid Cooler PSU: GIGABYTE P650B GP-P650B 650W Intel Form Factor ATX 12V v231 80 PLUS BRONZE Certified Non-Modular RAM: Thermaltake TOUGHRAM RGB 32GB (2x16GB) DDR4 3200MHz C16 135V DIMM Desktop Gaming Memory Black R009D416GX2-3200C16A SSD: 970 EVO Plus NVMe M2 SSD 2TB Case: Antec NX800 WHITE,™
היי אני מתכוון לקנות את אותו מארז רק בצבע לבן ורציתי לשאול האם המפרט הזה יתאים?CPU: Intel Core i7-10700K Processor GPU: GIGABYTE GeForce RTX 3060 Ti DirectX 12 GV-N306TGAMINGOC PRO-8GD Motherboard: GIGABYTE Z490 VISION G Liquid Cooler: MSI MAG CORELIQUID 240R - AIO RGB CPU Liquid Cooler PSU: GIGABYTE P650B GP-P650B 650W Intel Form Factor ATX 12V v231 80 PLUS BRONZE Certified Non-Modular RAM: Thermaltake TOUGHRAM RGB 32GB (2x16GB) DDR4 3200MHz C16 135V DIMM Desktop Gaming Memory Black R009D416GX2-3200C16A SSD: 970 EVO Plus NVMe M2 SSD 2TB Case: Antec NX800 WHITE,®
היי קניתי את הדגם עם ה15 אינטש כמה שאלות1 איך אפשר להפוך את המקלדת למוארת?2 למה כשאני הופכת את המסך לטאבלט אני לא יכולה להקליד בגלישה באינטרנט אם הטאץ?3 איך אפשר להפיק ממנו את המיטב?מה ניתן ללמוד ממנו?תודה מראש,🙏
סקירה מעמיקה ומעלה,👍
די קלפוס הסרטונים האלה מספקים באלי גם,🥵
נראה מדהים תתחדש ,🤠
ואוו אחי צודה התלבטתי אם לקנות אותה ועכשיו הבנתי שאין לי מה לדאוג וששווה לי לקנות תודה אחי,❤
סקירה קטלנית אחיאבל אתה יודע איפה אני יכול לקנות את המקלדת הזאת או עוד מקלדות גיימינג טובות אבל עם אותיות בעברית?,🔥
אחי הסתדרתי סליחה אם חפרתי,😔
חלש ביותר ,😅
תנו בסאב ובלייק  ואל תשכחו ללחוץ על הפעמון  ולשתף את הסרטון זה עוזר מאוד וזה בחינם,👍🏻
תנו בסאב ובלייק  ואל תשכחו ללחוץ על הפעמון  ולשתף את הסרטון זה עוזר מאוד וזה בחינם,🔔
זה לא הכי חזק מחשב עם שתי rtx 2080 ti גם לא הכי חזק ! מחשב קוונטי הוא הכי חזק אבל צריך בשבילו משכנתה ,😂
תותחים,💪
תותחים ,❤
תותחים,💪
אחלה מדריך תמשיכו להעלות כאלה וידאו זה מועיל מאוד ,👍
כמה כיף להתעורר בבוקר ולראות שקאלאפוס העלה סרטון נב למרות שזה לא אתה בסרטון,☺
כמה כיף להתעורר בבוקר ולראות שקאלאפוס העלה סרטון נב למרות שזה לא אתה בסרטון,❤
אני רוצה את האבוס רוג שיש שם,☺
אני רוצה את האבוס רוג שיש שם,😉
תנו בסאב ובלייק  ואל תשכחו ללחוץ על הפעמון  ולשתף את הסרטון זה עוזר מאוד וזה בחינם,👍🏻
תנו בסאב ובלייק  ואל תשכחו ללחוץ על הפעמון  ולשתף את הסרטון זה עוזר מאוד וזה בחינם,🔔
סרטון מעולה מחכה לסקירה קלאפוס התגעגעתי ימלך ,🤘
תנו בסאב ובלייק  ואל תשכחו ללחוץ על הפעמון  ולשתף את הסרטון זה עוזר מאוד וזה בחינם,👍🏻
תנו בסאב ובלייק  ואל תשכחו ללחוץ על הפעמון  ולשתף את הסרטון זה עוזר מאוד וזה בחינם,🔔
אני משחק בימים אלו (warzone (mw האינטרנט שלנו הוא hot גם הראוטר הוא שלהם אני מחובר בכבל רשת לאקסבוקס אפילו לא מטר מרוחק והפינג שלי אשכרה 400 ועולה כאילו מה לעזאזל בבקשה אם אתם יודעים מה הבעיה ומה אני יכול לעשות תגידו לי ,🙏
אחלה סרטון מזכיר לי את המורה שלי לסייבר מסביר על פקטות ,😅
תנו בסאב ובלייק  ואל תשכחו ללחוץ על הפעמון  ולשתף את הסרטון זה עוזר מאוד וזה בחינם,👍🏻
תנו בסאב ובלייק  ואל תשכחו ללחוץ על הפעמון  ולשתף את הסרטון זה עוזר מאוד וזה בחינם,🔔
הלוח אם עם המעבד ישדרג אותי מ2011 ל2019,😊
רמת משחק marvel,👌
לדעתי מסך כזה גדול זה מיותר זה כזה ענק אבל היה אחלה סרטון צחקתי מלא ,😂
איזה כיף לראות סרטון שלכם שוב נב מתי סיקור על המעבד?,😜
אני מת בדיוק היום התלבטתי איזה מהם לקנות בגלל שאני קונה חדש מתישהו,😂
כמה זמן חיכיתי לסרטון על כרטיס מסך תודה ,💕
כמה זמן חיכיתי לסרטון על כרטיס מסך תודה ,💪
הלוואי עלי מסך כזה מזכיר התדובה שלי של ההגרלה נמצאת בכל הערוצים אצל הולי מייק ואצל פוטי וגם אצלכם בסרטון שהכרזתם הלוואי ואזכה,🤞
המונטאז של עומרי פשוט עשה לי את זה ,😏
אין קלפוס חרמן על המסך ,🤣
קרעתם אותי בהתחלה עם הפתיחה של קאלפוס וגם הסיקור היה טוב אמרתם את כל הדברים שיש לאמר על המארז,😂
אלופים כרגיל,❤
כמו תמיד הכי מומחים בתחום,♥️
איזה כיף כל פעם לראות סרטון שלכם מחדש זה תענוג גוסס עליכם אלופים!,😜
יואו איזה קירור הלוואי עלי כזה מזכיר התגובה שלי של ההגרלה נמצאת בסרטון שהכרזת אתה ספציפית וגם אצל הולימייק ופוטי על ההגרלה הלוואי ואזכה ,🙏
אח שלי היקר אין ספק שבנית לי מחשב מהסרטים בבקשה קטנה ובזמן קצר מאוד עמדת למשימה ועשית אותה על הצד הטוב ביותר אוהב אותך אח ותודה רבה על הכול חיים שלי סירטון הצגהההההההה לוב יו אח,❤️
אששששש כמעט כמו שלי ,🤙🏻
מלך אתה סרטון אש תמשיך ככה ,👍
רק לידע כללי זה צולם לפני חצי שנה! הייתי ילד ממש מכוער וצנוע בימים אלו אני שרירן וכוסון,🔥
רק לידע כללי זה צולם לפני חצי שנה! הייתי ילד ממש מכוער וצנוע בימים אלו אני שרירן וכוסון,😎
חחחחח סרטון טיל,👍
ואדים מלכנו אחלה סרטון ואיזה תספורת איכככ ואדים תסתפר,💛
ואדים מלכנו אחלה סרטון ואיזה תספורת איכככ ואדים תסתפר,💙
ואדים מלכנו אחלה סרטון ואיזה תספורת איכככ ואדים תסתפר,🔴
ואדים מלכנו אחלה סרטון ואיזה תספורת איכככ ואדים תסתפר,❣
חיכיתי לרגע שליעד יוציא אקדח  לא קרה עדיין סרטון אש,😯
חיכיתי לרגע שליעד יוציא אקדח  לא קרה עדיין סרטון אש,😁
וואוו אששש ,🏆
וואוו אששש ,🤙🏻
ביקורת בונה:אתם חייבים לעשות באלאנס באודיו של הסרטוןהדיבור שלכם חלש בעוצמה לעומת המוזיקה והאפקטים וזה גורם לכך שלפעמים קשה להבין מה אתם אומריםבפועל הדיבור צריך להיות חזק יותר מכל השאר הייתי ממליץ לכם לשים מיקרופון דש לכל אחד בהצלחה,💪🏻
מטורף מת עליכם ,😍
מטורף מת עליכם ,😗
מטורף מת עליכם ,🥰
אני חושב שתעשו מה שאתם חושבים לנכון לעשות עם המוצרים,💪
הלוואי עלי מארז כזה ,♥
קודם כל בהצלחה לכולם מקווה לזכות במחשב כזה חלום אז אגיד גם בהצלחה לימקווה לזכות!,😂
אחלה מארז שבעולם יש לי אותו ,😘
תותח ,🤗
איזה מגניב תמשיך ככה ,🥰
אחלה סרטון אוהב !!,❤️
סרטון מעולה! סקירה רצינית ומקצועית תודה על המידע,🙏
סרטון מעולה! סקירה רצינית ומקצועית תודה על המידע,❤
וואט דו האק 1660ti פעם ראשונה אני שומע עליו אחלה סרטון btw ,💕
באמת שיש לכם סרטונים מושקעים ואין לי מה לומר כבר ,😍
באמת שיש לכם סרטונים מושקעים ואין לי מה לומר כבר ,🥰
תנו בסאב ובלייק  ואל תשכחו ללחוץ על הפעמון  ולשתף את הסרטון זה יעזור מאוד וזה בחינם,👍
תנו בסאב ובלייק  ואל תשכחו ללחוץ על הפעמון  ולשתף את הסרטון זה יעזור מאוד וזה בחינם,🔔
תנו בסאב ובלייק  ואל תשכחו ללחוץ על הפעמון  ולשתף את הסרטון זה יעזור מאוד וזה בחינם,👍
תנו בסאב ובלייק  ואל תשכחו ללחוץ על הפעמון  ולשתף את הסרטון זה יעזור מאוד וזה בחינם,🔔
הינה עוד סרטון הסברה קליל כיפי ומהיר בדיוק כמו שההייטרים אוהבים אחלה סרטון שיהיה לך שבוע טוב אח יקר,👌🏻
הינה עוד סרטון הסברה קליל כיפי ומהיר בדיוק כמו שההייטרים אוהבים אחלה סרטון שיהיה לך שבוע טוב אח יקר,😉
סרטון מעולה,👌
כמו תמיד סרטון ברמה גבוהה תודה ,😄
וואו יותר מהיר מ-ssd אפשר קישור לקניה?גם לי יש Xiaomi mi a1 ,😉
חמוררראחלה סרטון נתתני לייק,👍
סרטון נדיר! שונא אותך סבא,❤️
יאח אוהב את הסירטון,❤
 הוויץ&#39; שלנו  רשמתם הוויץ שלנו במקןם הטויץתקנו,❤️
זה המיקרופון שלי כבר כמעט שנה ואני מת עליו סיקור יפה! ⁦⁩,👏
זה המיקרופון שלי כבר כמעט שנה ואני מת עליו סיקור יפה! ⁦⁩,❤️
סרטון טוב תודה רבה עזרת לי!,😁
מטורף⁦⁩⁦⁩⁦⁩,❤️
שני נוכלים קאלפוס בקטע שהאוזניות היו עליך ולא זזת הרגת ,🤣
יא מלך חולה עליך תמשיך ככה מלךךךךך,😘
תשמע אחי עשיתי הכל מצפה לזכות אחי מת עליך אחי אני מכיר אותך ממזמןן אחייי,😀
אלוף אחלה יוטיובר ,❤️
וואי וואי תביא לי ,🌚
אפשר לב,😶
זה לא אותו גליידר,🤣
רני לא צריך סקין גלקסי כי יש לי כבר אחד,😁
עשיתי אח שלי,♥️
נרשמתי להגרלה זה בטוח ומקווה לזכות! נב קלאפוס יא הייטר תכניס לי איזה 200 כרטיסים עם השם שלי להגרלה,😉
הייטר זה בדם,💛
אשלנו היקר קלאפוס תמשיך ככה!!! תותח! אחלה סרטון! אוהב אותך ☻,♥
לא ידעתי שיוטיוב מרשים לכמות קרינג כזאת להיות בסרטוןכל הכבוד תותח ,😁
הפתיח הכי קרינגי שיצא לי לראות חוץ מאולי של רונן ,😂
איזה הייטרים נוכלים הפיספוס בסוף אומר את כמה הייטרים גדולים אתם,😉
חחח הרגת אותי בפתיחה,😂
אח יקר  #ודים,❤
כל הכבוד ינקניקה קטנה שיפרת למישהו את היום? על הדרך שיפרת גם לך ולכל הסובבים אותך תחשוב חיובי יהיה חיובי,👌
כל הכבוד ינקניקה קטנה שיפרת למישהו את היום? על הדרך שיפרת גם לך ולכל הסובבים אותך תחשוב חיובי יהיה חיובי,❤
כל הכבוד ינקניקה קטנה שיפרת למישהו את היום? על הדרך שיפרת גם לך ולכל הסובבים אותך תחשוב חיובי יהיה חיובי,😘
אחיקר מגיע לך את כל התמיכה הזאת אוהב אותך ומקווה שתהיה מבורך⁦⁩,❤️
קלאפוס אתה בן אדם מדהים! מאוד נחמד מצדך לעזור למשהו שאתה לא מכיר וגם לכולם על התמיכה לנסות לעזור לו! ובמיוחד לקלאפוס כל הכבוד פירסמתי את הסרטון לכמה אנשים שיכולתי אתה בן אדם עם לב טוב!!! ,💖
קלאפוס אתה בן אדם מדהים! מאוד נחמד מצדך לעזור למשהו שאתה לא מכיר וגם לכולם על התמיכה לנסות לעזור לו! ובמיוחד לקלאפוס כל הכבוד פירסמתי את הסרטון לכמה אנשים שיכולתי אתה בן אדם עם לב טוב!!! ,💗
קלאפוס אתה בן אדם מדהים! מאוד נחמד מצדך לעזור למשהו שאתה לא מכיר וגם לכולם על התמיכה לנסות לעזור לו! ובמיוחד לקלאפוס כל הכבוד פירסמתי את הסרטון לכמה אנשים שיכולתי אתה בן אדם עם לב טוב!!! ,🌟
וואלה אתה לא נוכל כמו שחשבנו,❤
אני אומר שנית תודה ותודה אחי הצלת את חיי יש לך לב זהב אחי תודה ותודה גם ליניב שני אחים יקרים שלי תודה ותודה שעזרת לי ואמן ואמן שהיה לך וליניב ולכולם תודה ותודה אמן שיעשו לכם רק טוב,💪
אני אומר שנית תודה ותודה אחי הצלת את חיי יש לך לב זהב אחי תודה ותודה גם ליניב שני אחים יקרים שלי תודה ותודה שעזרת לי ואמן ואמן שהיה לך וליניב ולכולם תודה ותודה אמן שיעשו לכם רק טוב,❤
אני אומר שנית תודה ותודה אחי הצלת את חיי יש לך לב זהב אחי תודה ותודה גם ליניב שני אחים יקרים שלי תודה ותודה שעזרת לי ואמן ואמן שהיה לך וליניב ולכולם תודה ותודה אמן שיעשו לכם רק טוב,😗
אני אומר שנית תודה ותודה אחי הצלת את חיי יש לך לב זהב אחי תודה ותודה גם ליניב שני אחים יקרים שלי תודה ותודה שעזרת לי ואמן ואמן שהיה לך וליניב ולכולם תודה ותודה אמן שיעשו לכם רק טוב,☝
יש לך לב זהב קאלאפוס באמת אני מעריך את זה ,❤
@BigTimeTV אוהבים אותך כל מה שאתה צריך אני כאן וכולנו כאן בשבילך,😍
מרגש בהמתתתתת קלאפוס⁦⁩,❤️
תודה רבה לכולם מעריך את זה,❤
אוהב אותך נושא מאוד מאוד מאוד מאוד חשוב :) ,❤
עשיתי הכל בחיים שלי לא זכיתי בכלום אבל אולי הפעם ,😭
אהבתי את הצילום בהתחלה ,😉
קלאפוס אח יקר סרטון טילל,🚀
ימלך זה לא רון השם שלי עידן ימלך,👑
קלאפוס סרטון  משחק נחמד,💣
קלאפוסססס ימלך אוהב אותך אחלה סרטון,❤️
אחלה סרטון קלאפוס יהייטר ממש אהבתי את הדמויות שלכם בפינות יש לי שאלה מכיוון שיש לך ידע במחשבים קניתי כרטיס מסך gtx1070 חיברתי אותו ואחר כך שהלכתי לשחק משום מה השתנה לי הסאונד במשחק יש מצב שזה בגלל שהחלפתי לוח אם?,😂
אתה יכול גם לבנות לי? מצדי בתשלום אם צריך רק שאתה לא תעקוץ אותי כמו כל טכנאי ,😉
ימי הטקטיקל הסגוללל אני מתגעגע!!אחלה סרטון ,❤
מקווה שבנית בשבילי לאפוס,😝
אחלה וידאו קלאפוס ,😎
עשיתי הכול יאח מקווה לזכות אפילו שזה לא יקרה,👌
עשיתי הכול יאח מקווה לזכות אפילו שזה לא יקרה,😂
עשיתי הכול יאח מקווה לזכות אפילו שזה לא יקרה,👉
אוקיי שמעו אתחיל ככה : באתי לכאן רק ביגלל טום אנלא באצת מכיר תערוץ או אותכם אבל שמעתי שאתם ערוץ טוב ושלא תחשבו שאני בא לעשות קוצים מעכשוי אל תשימו אותי בהגרלה כי מבחינה זה לא עופר אם אני אזכה  אשמח להכיר תערוץ לפחות סאב קבלתם בהצלחה #טום#הביא אותי לפה,☺
אוקיי שמעו אתחיל ככה : באתי לכאן רק ביגלל טום אנלא באצת מכיר תערוץ או אותכם אבל שמעתי שאתם ערוץ טוב ושלא תחשבו שאני בא לעשות קוצים מעכשוי אל תשימו אותי בהגרלה כי מבחינה זה לא עופר אם אני אזכה  אשמח להכיר תערוץ לפחות סאב קבלתם בהצלחה #טום#הביא אותי לפה,😂
אוקיי שמעו אתחיל ככה : באתי לכאן רק ביגלל טום אנלא באצת מכיר תערוץ או אותכם אבל שמעתי שאתם ערוץ טוב ושלא תחשבו שאני בא לעשות קוצים מעכשוי אל תשימו אותי בהגרלה כי מבחינה זה לא עופר אם אני אזכה  אשמח להכיר תערוץ לפחות סאב קבלתם בהצלחה #טום#הביא אותי לפה,❤
עשיתי את כל מה שצריך מקווה לזכותבלי קשר אני בא כמעט לכל לייב ונהנה ערוץ מצויין,🤞
יצא לי כפתור במקלדת אשמח לחדשה או למשהו חדש בכללי ,😊
סרטון טוב רצחחח!,🤙
עשיתי הכל יא הייטר,❤
אוהב אותכם,❤
מאברוק יא נוב הגיע הזמן ,😜
קלאפוס אוהבים אותך,❤️
סרטון סופר מצוין לא הבנתי כל כך מה הקטע של המשחק &#39; עכשיו אני יודע מה הקטע שלו ואשקול לקנות אותו תודה על הסרטון המושקע! ,💖
ואווו אתה פרו ליעד,❤️
ואו סרטון אדיר השקעה מטורפת!,👍
ואו סרטון אדיר השקעה מטורפת!,🏆
איזה מלכיםםם,❤️
סרטון טוב ומושקע!,🔥
סרטון טוב ומושקע!,👑
סרטון קצר וקולע! לדעתי העידכון קצת הרס את PUBG אבל לא נורא יקח לכולנו קצת זמן להתרגל!,👍🏻
סרטון קצר וקולע! לדעתי העידכון קצת הרס את PUBG אבל לא נורא יקח לכולנו קצת זמן להתרגל!,👑
וסרטון מצחיק רצח ותותח!!!,☄️
וסרטון מצחיק רצח ותותח!!!,🔥
וסרטון מצחיק רצח ותותח!!!,🏁
אם היה לי את הכסף ,😭
נו באמת קלפוס ב4:40 יכל להוריד אותו בקלות ,😂
יאיי סוף סוף אתם מעלים גם סרטון ולא רק לייבים  זה לא שאני לא נהנה מהלייבים פשוט מהסרטונים יותר,😊
לייק לפני צפייה ,😆
תותחיםםם,❤
ראיתי בלייב תניצחון הזה,👌
ראיתי בלייב תניצחון הזה,👍
תותחים רצח ,❤
תותחחחחח,❤
אחלה סרטון ! ,👍🏼
