אחלה סרטון תודה רבה יוסי יקר ,🙏
ווואו הלםם כל הכבוד אלוף תודה ,👏
תודה רבה ,❤
כל הכבוד לך ,👍
היי יוסי וואלה כל סרטון שלך ממש תענוג צרוף תודה רבה ,🙏
סרטון מעולה אבל הכרתי את כולן תעשה חלק שני לאפליקציות כאלו או שתעשה סרטון שלם על האפליקציה &#39;&#39;Replika&#39;&#39; כי זה ממש מעניין,🥲
תודה רבה ,😊
מטורף איך שהערוץ השתדרג פה מלפני חמש שנים ,🙏🏻
תודה רבה רבה על הקליפ המושקע אגב בעברית: שני חלונות*,❤
אני דורש סרטונים כאלו אבל לפרו יוזרס ,😁
אינפורמציה מאוד נחוצה כדאי לכולם ליישם תודה רבה יוסי יקר ,🙏
אני רק הערה קטנה ברשותך ;) רוב התוכן שלך בשנים האחרונות ממוקד למתחילים לעומת התוכן הישן שלך שהיה יותר מתקדם אני באופן אישי הייתי שמח אם היה שילוב גם לתוכן יותר מתקדם כמו פעם ,😎
אני רק הערה קטנה ברשותך ;) רוב התוכן שלך בשנים האחרונות ממוקד למתחילים לעומת התוכן הישן שלך שהיה יותר מתקדם אני באופן אישי הייתי שמח אם היה שילוב גם לתוכן יותר מתקדם כמו פעם ,✌️
אחלה סרטון תודה על ההשקעה,❤
מדריך מושקע היטב למדתי כמה דברים חדשים תודה רבה יוסי יקר ,🙏
תאמתי ידעתי פה הכל אבל שוב תודה רבה על הסרטון המושקע,❤
וואו איזה נוח שאני צופה בסרטון בגוגל  אגב תוכל לעשות סרטון איך עושים אתר בסיסי לא הכי מיוחד ?,😄
סרטון קטלני אחי תודה רבה ,🥰
אבל זה משחקים עלובים וישנים ,🫣
אחלה מאוד אהבתי תודה רבה יוסי יקר ,🎮
אחלה מאוד אהבתי תודה רבה יוסי יקר ,🙏
מלך,💪🏻
אחחחחח איכות הסאונד  מזכירה לי את הסמארטפונים של ASUS,👌🏼
שאלה: למה שאני רוצה להעלות סרטון ליוטיוב הוא לא נותן לי השמח מאור לתשובה תודה,😀
תותח אחלה סרטונים נרשמתי כמנוי,😀
היי יוסי ימלך בדיוק ביום שני קיבלתי טלפון אז אני משתמש בדיס שלך ,😁
אף פעם לא ידעתי איך לאיית את השם שלך,😒
גילית את אמריקה ,😂
אולי זה הזמן לזרוק שמה עכשיו 100 דולר  לא המלצה כמובן !!,😬
תודה יוסי יקר ,😊
נתתי עוקב ימלך,🤴
סרטון מדהים תותח ,👌
סרטון מדהים תותח ,♥️
סרטון מדהים תותח ,👍
ועוד איך רכשתי את הדבר המהמם הזה ב-4650 ש&quot;ח וקיבלתי מתנות מדהימות בשווי 800 שקליםמכשיר ששווה כל שקלאני מכורה לו ,😍
סקירה מעולה יוסי ,❤️
באלי,☺
באלי,😬
סרטון מטורף  גם לי יש ערוץ אני יודע כמה זה קשה להכין סרטונים ברמה כזות אבל אתה עדיין מצליח ,🔥
סרטון מטורף  גם לי יש ערוץ אני יודע כמה זה קשה להכין סרטונים ברמה כזות אבל אתה עדיין מצליח ,🙃
יפה!!,🔥
היי יופי של מדריך תודה רבה יוסי ,👌
היי יופי של מדריך תודה רבה יוסי ,🙏
תודה ,🙂
יוסי סרטון שעבר לא אמרת לי מה אתה אוהד,🤔
יש לך סרטונים טוביםםם נתנתי לייק,👍
אחי אתה נותן ערך מטורףףףףתודה ענקית,🙏
אחי אתה נותן ערך מטורףףףףתודה ענקית,👍
מעולה תודה רבה!יש לך מושג איך ניתן להוריד את הסימן מים מסרטוני רילס אחרי שהורדתי אותם למכשיר?,🙏🏼
אלוףף תודה רבה על הסרטון!!בעדכון האחרון עשו שתאורת ה EDGE היא קבועה לכל האפליקציות בהשוואה למה שהיה לפני העדכון שלכל אפליקציה היה את הצבע שלה יש דרך לשנות את זה ?,😕
אלוףף תודה רבה על הסרטון!!בעדכון האחרון עשו שתאורת ה EDGE היא קבועה לכל האפליקציות בהשוואה למה שהיה לפני העדכון שלכל אפליקציה היה את הצבע שלה יש דרך לשנות את זה ?,🙏
וואלה לא ידעתי בכלל שיש לי את האופציות האלו אני מאוד ישמח עם תוציא עוד סרטונים על אפשרויות בגלקסי תודה רבה מאוד,🙏
המון תודה על הסרטון וההסבר עזרת לי מאוד ,☺️
המון תודה על הסרטון וההסבר עזרת לי מאוד ,🙏
המון תודה על הסרטון וההסבר עזרת לי מאוד ,👍
מדריך מעולה! ,🔥
אחלה מדריך יוסי תמשיך לעשות לנו תוכן כל כך מדהים,💖
ווי תודה לפני ההגדרות שמעתי גרוע כעט הצלילים נקיים ומותאמים,😄
תודה רבה רבה עזרת לי מאוד אני מאוד ישמח עם תעשה עוד סרטונים על המון פיצ&#39;רים מענינים שאף פעם לא שמתי לב עליהם ,🙏
מצחיק שאתה מעלה סרטון כזה ב2022 אני כבר 3 שנים עם גלקסי s9+ וכבר לפני 3 שנים עשיתי את זה באותו יום שקניתי את הפלאפון הספקתי לקנות אייפון חדש כבר ,😂
תודה רבה על הסירטוןתהיה בריא,💜
הרגשתי הבדיל משמעותי תודה תותח,🥰
אלוףףףף ,♥
אלוף! תודה רבה ,😊
אלוף,💙
אלוף,🤍
אלוף,🇮🇱
אלוף,🙏
שמע יצרתי בפלאפון תיקיית כספת ואני לא זוכר את הסיסמה אז האפשרות השנייה היא מה שם אביך וזה גם משהו שאני לא זוכר מה כתבתי כנראה שלעולם לא אפתח אותה שוב,🥴
תמשיך לעשות כאלה דברים אני מת על הדברים האלה תודה ,😁
סרטון מעולה יוסי גם אני למדתי כמה דברים! ,♥️
אלוף  סרטון מעולה,🥇
בימים אלה אתה אף פעם לא יכול לדעת אם בן הזוג שלך נאמן שלח DM את השם למעלה לקבלת טיפים לטיפול לאחר פריצה))))),💯
בימים אלה אתה אף פעם לא יכול לדעת אם בן הזוג שלך נאמן שלח DM את השם למעלה לקבלת טיפים לטיפול לאחר פריצה))))),📩
בימים אלה אתה אף פעם לא יכול לדעת אם בן הזוג שלך נאמן שלח DM את השם למעלה לקבלת טיפים לטיפול לאחר פריצה))))),🔝
אלוף ,🏆
סרטון מעולה יוסי! אחד הדברים המגניבים ,😍
תודה אני מחכה ל-gallaxy note 22,🙏
תודה אני מחכה ל-gallaxy note 22,👍
לא הזמנתי כלום שלחו לי עכשו ב11 בלילה הודעה ,🤦‍♀️
מדריך חשוב ומפורט כמו תמיד! אין עליך,😘
עזוב פשוט שים במדיח ,🤣
מלך,👑
אמת זה מועיל תודה על הסרטון!,🙂
עדכנתיתודה רבה!,♥️
עדכנתיתודה רבה!,👍
תודה טוב כמו תמיד ,👌🏽
תודה טוב כמו תמיד ,👍🏽
איזה צבע מושלםםם,❤️
תודה רבה על האזהרה אלוף,💖
כל הכבוד לך יא אלוף,💖
ווינדוס ,🤮
למי שלא הבין עוד לא יצא עוד ווינדוס 11 זה יקרה רק בהמשך השנה כרגע רק למספר מוגבל של אנשים יש את גירסת הבטא יש למה לחכות,🤍
קודם כל תודה על הסרטונים ואם פתחתי ארנק טרזור וקצת הסתבכתי אפשר למחוק אותו ולפתוח חדש ? מה התהליך? למחוק את התוכנה ?,🖤
מישהוא שאל אותך איפה אפשר להחביא את הפורנו בטלפון ואתה עשית סרטון על זה,😂
סרטון מעולה תוכל לעשות גם סרטון על פאי על תהליך ההתקנה ויצירת הארנק,😁
נושא מעניין מאוד  אחלה הדרכה ,🔥
נושא מעניין מאוד  אחלה הדרכה ,💪🏻
אתה יכול בבקשה לעשות סירטון איך מקבלים רובקס מי רובלוקס כן בבקשה המון יוהאבו את זה אני אומר לך זה גם יעזור לי ממש ,🙏
אתה יכול בבקשה לעשות סירטון איך מקבלים רובקס מי רובלוקס כן בבקשה המון יוהאבו את זה אני אומר לך זה גם יעזור לי ממש ,❤
היי אני גם קבלתי הודעת sms על משלוח שמחכה עם מספר המעקבו היה לי חשוד:1 זאת היתה הודעה ממספר נייד ולא כתוב בנק הדואר2 רשום לשלם מכס 799 ש&quot;ח אבל מה שהזמנתי לא דורש תשלום מכס3 כתוב הגיע לישראל רק ש מספר המעקב מתחיל ב-CN שזה סין4 מספר המעקב של סין לא דומה בכלל למה שהמוכר נתן לי5 אני עושה הזמנה דרך פלאפון של המשפחה ולא שלי (אין לי אינטרנט כך שגם אם הייתי רוצה להכנס לקישור איני יכול) אז איך קבלתי לפלאפון שלי אם זה רשום על מספר פלאפון אחראחרי כל זה שלחתי את המספר לבדיקה אצל אחד מבני המשפחה ו כתוב &#39;הונאה&#39;קיצר נפלתי על גנב חובבןאבל אחלה סרטון!!!,😂
היי אני גם קבלתי הודעת sms על משלוח שמחכה עם מספר המעקבו היה לי חשוד:1 זאת היתה הודעה ממספר נייד ולא כתוב בנק הדואר2 רשום לשלם מכס 799 ש&quot;ח אבל מה שהזמנתי לא דורש תשלום מכס3 כתוב הגיע לישראל רק ש מספר המעקב מתחיל ב-CN שזה סין4 מספר המעקב של סין לא דומה בכלל למה שהמוכר נתן לי5 אני עושה הזמנה דרך פלאפון של המשפחה ולא שלי (אין לי אינטרנט כך שגם אם הייתי רוצה להכנס לקישור איני יכול) אז איך קבלתי לפלאפון שלי אם זה רשום על מספר פלאפון אחראחרי כל זה שלחתי את המספר לבדיקה אצל אחד מבני המשפחה ו כתוב &#39;הונאה&#39;קיצר נפלתי על גנב חובבןאבל אחלה סרטון!!!,👍
תודהמלךרואיםשהשקעת בשוילינו,👑
תודהמלךרואיםשהשקעת בשוילינו,👀
תודהמלךרואיםשהשקעת בשוילינו,🙏
תודה רבה אני אוהב להסתכל בסרטונים שלך אתה מסביר בפשטות וישר לעניין,😀
תודה רבה אבל לא כל סרטון ניתן להוריד נכון?,🙂
תודה רבה אבל לא כל סרטון ניתן להוריד נכון?,👍
ראיתי את כל הסרטון ולא הבנתי מה המטרה של המכשיר?,🤷🏻‍♀️
יאלוףףףףףףףףףףףףףףףףףףףףףףףףףףףףףףףףףףףףףףףףף,😀
יאלוףףףףףףףףףףףףףףףףףףףףףףףףףףףףףףףףףףףףףףףףף,❤️
יאלוףףףףףףףףףףףףףףףףףףףףףףףףףףףףףףףףףףףףףףףףף,😍
אחי אין לי כרטיס מסך במחשב הוא בן פאקינג 12אויייי הקנאהשיהנה,😂
מחשב ליגהה סרטון מדהים,🔥
איזה פינוק של מחשב  מאה אחוז הבן שלך יהנה ממנו ,🔥
איזה פינוק של מחשב  מאה אחוז הבן שלך יהנה ממנו ,🤘🏻
סקירה מדהימה ,❤️
תודה רבה עזרת לי ממש,🤍
כמה הזהרתי אתכם!!!יאיר לפיד לצה&#39;&#39;ל ביידן ביקש לסיים את המבצע- כישלון בניהול מדינה מערכה - חולשה מול העולם רע מאוד לישראל- פגיעה בצה&#39;&#39;ל חמור ביותר- פעילות כנגד אינטרסים של ישראל- הפקרת ביטחון מדינת ישראל ממשלת שמאל בשלטון משמעות סופה של מדינת ישראל,👈
כמה הזהרתי אתכם!!!יאיר לפיד לצה&#39;&#39;ל ביידן ביקש לסיים את המבצע- כישלון בניהול מדינה מערכה - חולשה מול העולם רע מאוד לישראל- פגיעה בצה&#39;&#39;ל חמור ביותר- פעילות כנגד אינטרסים של ישראל- הפקרת ביטחון מדינת ישראל ממשלת שמאל בשלטון משמעות סופה של מדינת ישראל,👉
בבקשה תעשה סרטון מדריך מלא ל-firefox,🙏
אחלה סקירה ,👌🏼
מכשיר פצצה ,🔥
יש מצב אתה מראה איך פותחים בטיקטוק את הפרטי שכולם יוכלו לשלוח גם אם הם לא עוקבים אחרי או אני אחריהם,🙏
יש מצב אתה מראה איך פותחים בטיקטוק את הפרטי שכולם יוכלו לשלוח גם אם הם לא עוקבים אחרי או אני אחריהם,❓
תתחדש  אחלה סרטון ,😎
תתחדש  אחלה סרטון ,🔥
תתחדש  אחלה סרטון ,💪🏻
אמן שכל יוטיוב ישראל היו כמוך,❤️
אמן שכל יוטיוב ישראל היו כמוך,🙏
אני ממש רציתי לקנות את זה אבל מעדיפה מכשיר פחות כבד וכן עם אופציה לשים כרטיס זיכרון וכ&#39;ו אז נראה לי אני יחליף כיוון ממש תודה על הסרטון מאוד עזרת לי עם זהאני אשמח אם יש לך להמליץ ליעל מכשיר אחר יותר קל ונוח תודה,🙏
סירטון טוב,🔥
סקירה מעולה ,🔥
הגיע לאנדרואיד לא מזמן נרשמתי וזה נעול כזה כתוב לי שאני צריך לחכות להתראה שזה ייפתח שאקבל הזמנה מה זאת אומרת???  זה בחיים לא ייפתח לי ??? או שזה ייפתח אוטומטי?,😢
אחלה מדריך  ( שזה יגיע לאנדרואיד נצטרף  ),😎
אחלה מדריך  ( שזה יגיע לאנדרואיד נצטרף  ),🔥
מעולה יוסי  זה איתי,❤
תודה רבה על המידע! ,👏
תןדה אחי,🤗
מלך,🤴
היי Y4PC תגיד אתה יכול לעשות סרטון בבקשה על איך להוריד למחשב 64 ביט כי אני רוצה להוריד אוביאס תודה,😀
תעשה עליו סקירה מעמיקה או אפילו השוואה בינו לבין לפטופ גיימינג מיתחרה,😆
אולי תעשה סרטון הסבר על מה כל חלק במחשב עושה? נשמע סרטון טוב,😊
היי לכולםלייק מי שרואה את זהיש לי חלום והוא להגיע ל4000 סאבים בקרוב לייבים ומעלה הגרלות אני באמת משקיע הרבה מאוד בערוץ שלי!אז כמובן שאתם לא חייבים אבל אם בא לכם לעזור לי אז אשמח שתרשמו לערוץ שלימעריך את כל הסאבים החדשים,💙
היי לכולםלייק מי שרואה את זהיש לי חלום והוא להגיע ל4000 סאבים בקרוב לייבים ומעלה הגרלות אני באמת משקיע הרבה מאוד בערוץ שלי!אז כמובן שאתם לא חייבים אבל אם בא לכם לעזור לי אז אשמח שתרשמו לערוץ שלימעריך את כל הסאבים החדשים,🧡
היי לכולםלייק מי שרואה את זהיש לי חלום והוא להגיע ל4000 סאבים בקרוב לייבים ומעלה הגרלות אני באמת משקיע הרבה מאוד בערוץ שלי!אז כמובן שאתם לא חייבים אבל אם בא לכם לעזור לי אז אשמח שתרשמו לערוץ שלימעריך את כל הסאבים החדשים,🔥
היי לכולםלייק מי שרואה את זהיש לי חלום והוא להגיע ל4000 סאבים בקרוב לייבים ומעלה הגרלות אני באמת משקיע הרבה מאוד בערוץ שלי!אז כמובן שאתם לא חייבים אבל אם בא לכם לעזור לי אז אשמח שתרשמו לערוץ שלימעריך את כל הסאבים החדשים,🖤
תודה רבה על הסירטון אחיאפשר לעשות בנוסף סרטון הדרכה על אותה תוכנה בנושא מיצוי היכולות שלה בכל מה שקשור להאצת/מיצוי הרכיבים של המחשב? בשפה המקצועית על overclockingתודה שוב תותח !,👌
יוסי יתותח אחלה סירטון כמו תמיד הלוואי עלי מחשב נורמאלי יש לי מחשב יש של לנבו ארבע ראם ביכ ,😁
אתה בן אדם חכם ומאד מעניין !! ט&quot;ו בשבט שמח לכולם!! תפרגנו בסאב+פעמון וכמובן בלייק יאחים!,😜
היי לכולםלייק מי שרואה את זהיש לי חלום והוא להגיע ל 2000 סאבים בקרוב לייבים ומעלה הגרלות אני באמת משקיע הרבה מאוד בערוץ שלי!אז כמובן שאתם לא חייבים אבל אם בא לכם לעזור לי אז אשמח שתרשמו לערוץ שלימעריך את כל הסאבים החדשים,🖤
אתה יכול להמליץ על מאוורר למעבד i7 10700k?ואם אתה יכול לענות באינסטגרם בבקשה אני ממש אשמח (ntj_monstar),🙏
מי שרואה אתה זה ב-2051,👇
היי לכולםלייק מי שרואה את זהיש לי חלום והוא להגיע ל 2000 סאבים בקרוב לייבים ומעלה הגרלות אני באמת משקיע הרבה מאוד בערוץ שלי!אז כמובן שאתם לא חייבים אבל אם בא לכם לעזור לי אז אשמח שתרשמו לערוץ שלימעריך את כל הסאבים החדשים,🖤
הי יוסי מה קורה חיפשתי את המדריך שלך לתוכנת KeePass ולא מצאתי אני מקווה שלא מחקת אותו אם לא אתה יכול לשים לי קישור?תודה,😑
היי לכולםלייק מי שרואה את זהיש לי חלום והוא להגיע ל 2000 סאבים בקרוב לייבים ומעלה הגרלות אני באמת משקיע הרבה מאוד בערוץ שלי!אז כמובן שאתם לא חייבים אבל אם בא לכם לעזור לי אז אשמח שתרשמו לערוץ שלימעריך את כל הסאבים החדשים,🖤
היי לכולםלייק מי שרואה את זהיש לי חלום והוא להגיע ל 2000 סאבים בקרוב לייבים ומעלה הגרלות אני באמת משקיע הרבה מאוד בערוץ שלי!אז כמובן שאתם לא חייבים אבל אם בא לכם לעזור לי אז אשמח שתרשמו לערוץ שלימעריך את כל הסאבים החדשים,🖤
היי לכולםלייק מי שרואה את זהיש לי חלום והוא להגיע ל 2000 סאבים בקרוב לייבים ומעלה הגרלות אני באמת משקיע הרבה מאוד בערוץ שלי!אז כמובן שאתם לא חייבים אבל אם בא לכם לעזור לי אז אשמח שתרשמו לערוץ שלימעריך את כל הסאבים החדשיםת,🖤
אתנ פשוט חכם ואחלה גבר אני סאב ולייק,🔥
זה רק אני או שאתה העמוד הכי טוב בעולם !!!!!! הסרטונים שלך כל כך עוזרים לי ,😀
מכיר את התוכנה היא טובה אחלה סרטון ,👌
מכיר את התוכנה היא טובה אחלה סרטון ,👍
חברים יש לי מטרה והיא להגיע עד 2021 ל 2000 סאבים אני יודע שזה ממש קשה אבל אם כל אחד ישתף את הערוץ יביא חברים ירשם מההורים ומאחים ואחיות אז נגיע לזה בשנייה אם נגיע ל 2000 סאבים אני יעשה הגרלה אני לבד לא יודע על מה הגרלה אז בוא נגיע לזה בבקשהכדי להגיע למטרה אני יתחיל לעלות קבוע כמה סרטונים בשבוע והסרטונים יהיו הכי מושקעים,❤️
חברים יש לי מטרה והיא להגיע עד 2021 ל 2000 סאבים אני יודע שזה ממש קשה אבל אם כל אחד ישתף את הערוץ יביא חברים ירשם מההורים ומאחים ואחיות אז נגיע לזה בשנייה אם נגיע ל 2000 סאבים אני יעשה הגרלה אני לבד לא יודע על מה הגרלה אז בוא נגיע לזה בבקשהכדי להגיע למטרה אני יתחיל לעלות קבוע כמה סרטונים בשבוע והסרטונים יהיו הכי מושקעים,❤️
יש לי מסך 165 וזה היה על59,🥴
בוא נדבר על 3090 כיף לך ,😑
תודה רבה ,👑
אני רק בדקתי שעשיתי נכון,👍🏻
היגיון הגיוני 24 צפיות 24 לייקים,👍
מטורף! רציתי לקנות את הrtx2080ti אבל אז קנית אותי נייס! תודה! אני קונה את ה3080! ,😁
יש לך מחשב מפלצתי אשמח אם תראה איך הוא מריץ אוורווץ וקול אוף דיוטי וורזון,😉
לא הבנתי איך זה מפרט של 15אלף עם הלוח אם והכרטיס מסך והמעבד זה בערך 15אלף איפה כל השאר?חוץ מזה אחלה סירטון,😁
בינתיים במהירות 15 מיגה בזק ,😂
וואו מחשב מטורף,🤯
גם עוד 50 שנה שיוציאו את rtx 3509008 עדיין יבדקו איתו את gta v ,😉
סרטון מעולה יוסי ,😁
אששששש של מוצר תודה ליוסי הקינג ,👏
פשוט תקנה דיסק און קי,😀
הוא גם טוב לקונסולות נשחק ככונן הרחבה,🤙🏻
המחיר של המחשב הזה עוקף את 20 אלף שקל,🤔
יהיה סקירה על המסך?!תתחדש יתותח,🎉
אלוף,😎
מטורף יוסי לא מאמין שיש לך מחשב יותר חזק משלי ,😅
אלוף אחשלייי תתחדש,❤️
אלוף אחשלייי תתחדש,🎉
פעם ראשונה בחיים שלי אני רואה מישהו שאשכרה שילם כסף בשביל מערכת הפעלה ,😐
תתחדש אח יקר ,❤
תיתחדש מגיעה לחה אתה משקיע המון!!!!,👍
תתחדש!מגיע לך,❤
יש מצב שאתה עושה מדריך לאיך עורכים תמונה כזאת ש שרואים שנכנסים לסרטון ,😅
יש מצב שאתה עושה מדריך לאיך עורכים תמונה כזאת ש שרואים שנכנסים לסרטון ,😬
טוב שיש כמוך ביוטיוב תמשיך ככה,😍
שמע כסא אבל עכשיו אתה יכול לקנות את הכסא החדש של רייזר למרות שהכיסא שלך גם ממש מטורף,👌
אתה היחידי שבאמת מסביר על גיימינג ,☺
אתה היחידי שבאמת מסביר על גיימינג ,😊
אחלה בן אדם אתה לב טוב  אוהב אותך ובהצלחה לך יאח ,💙
אחלה בן אדם אתה לב טוב  אוהב אותך ובהצלחה לך יאח ,⚡
אחלה בן אדם אתה לב טוב  אוהב אותך ובהצלחה לך יאח ,💓
זה עובד!!!! יש לי בכושי מישחקים אבל עדיין אתה עזרתה לי מאוד תודה רבה,❤️
אחי יש לי בעיהיש לי משחק בפלאפון קוראים לובראול סטארסהוא בהתחלה עשה לי בעיה עם הפתיחה אז מחקתיוהורדתי שובזה עושה לי שהמשחק נפתח וטוען אבל זה חוזר כלפעם על עצמויש לי משתמש שבזבזתי עליו כסף והוא מאובטח במיילאני לא יודע מה לעשותבבקשה תעזור לי,😢
אחי יש לי בעיהיש לי משחק בפלאפון קוראים לובראול סטארסהוא בהתחלה עשה לי בעיה עם הפתיחה אז מחקתיוהורדתי שובזה עושה לי שהמשחק נפתח וטוען אבל זה חוזר כלפעם על עצמויש לי משתמש שבזבזתי עליו כסף והוא מאובטח במיילאני לא יודע מה לעשותבבקשה תעזור לי,💖
וואו אני זוכר אותך מ1000 עוקבים,😅
לי כבר יש את זהאבל עדיין מת עליך יוסי,❤
מספר אחד אתה יוסי עוד לא צפיתי בסרטון כבר שמתי לך לייק כל תוכן שלך מועלה ומלמד הרבה תמשיך ככה אלוף,🔥
אתה יכול לעשות מדריך לאיך לקחת פילטרים בטיקטוק זה חשוב בבקשה,😕
יוסי סירטון מעולה ,😁
יוסי סירטון מעולה ,👍
וואו קניתי את זה מזמן וזה באמת עדיף מאייר פודס ב700 שקל אחלה סרטון לימדת אותי קצת דברים חדשים קיבלת לייק,👍
אחלה פיצ׳רים,❗
אחלה יוסי ,🔥
שלום יש לי שאלה המחשב שלי לא נפעל הכוונה שאני לוחץ על הכפתור ההפעלה ואז המחשב מדליק את הפנס של הכפתור ואז זה נכבה ככה זה חוזר על זה מלא פעמיים אשמח לדעת מה הבעיה תודה רבה ,😀
זה נשמע OBS 5:16 ,😄
כרגיל סרטון מטורף יש לך אחלה ערוץ עם המון מדריכים שעוזרים להרבה אנשים תמשיך כך !!!!,😀
הייתי רוכשת ב-1200 ש&quot;ח אוזניות גיימינג לו לא הייתי חוטפת דלקת גידיםבתקופה זו אני בגמילה מכל המשחקים ,😩
ברור שמדובר בחווית unboxing מדהימה,👍
כל הכבוד אחלה סרטון תמיד עם חיוך,🤙🏻
אשמח אם תעשה סקירה על איכות השמע שלהם וסרטון חזק כמו תמיד,🔥
ישששששש אני מתחילה ,😊
תודה רבה עזרתה לי מאוד ,❤️
עוד לפני שאני צופה בך אני נותן לך ליייק ,♥️
Y4PC ימלך אני אוהב את כל הסיקורים האלהאני ישמח מאוד אם תעשה סיקורעל מצלמת canon 4000dימלךךךךךךך ,👑
אתה המלך,❗
אתה המלך,👍
מגניב!!!! עזרת לי מאוד,❤️
מגניב!!!! עזרת לי מאוד,🙏
זה ניראה טוב אבל אין לי אייפון 11 פרו  לייק למי שאין לו גם ורוצה !,😭
תודה רבה על העזרה,🤘🏼
יואוווו תודה בידיוק הייתי צריך !!!!!! ,🙏🏼
שמע אתה אחלה גבר ואחלה סרטון ותוכן אבל תחליף מיקרופון,🙃
אלוףף,🔥
היי יש לי שאלה במחשב שלי אין סמל של וויפי אני חיברתי את הראוטר אלחוטי למחשב אבל עדיין אין סמל של וויפי והראוטר אלחוטי לא מהבהב אם תוכל לעזור או ליצור איתי קשר אשמח,😄
יוסי אין עליך הסרטונים שלך ממש טובים!  אתה עוזר בכל דבר שיש וגם אני אוהב להקשיב לדיבור הכל כך כיפי שלך! ויצא סרטון מושקע!,😁
יוסי אין עליך הסרטונים שלך ממש טובים!  אתה עוזר בכל דבר שיש וגם אני אוהב להקשיב לדיבור הכל כך כיפי שלך! ויצא סרטון מושקע!,👍
סקירה יפה וברורה מאד כמו תמיד!!,👌
איזה מלך,💪
איזה מלך,🚀
מחכים לאלטרנטיבה לאייפון,😓
היי אני עשיתי את המדריך כתבתי את הכתובת ולצערי לי זה לא רשם בחלונית לפתוח את הטלפון שלך זה מראה לי רק כל מיני כתובות אשמח שתענה,🙏
אחרי שנכנסתי לזה זה נטען לי וזה נשאר לי רק על 20% מה לעשות?אתה יכול לעשות תוכנה אחרת בבקשה?(לא מסובכת אני ראיתי מלא סרטונים כאלה והסתבכתי ממש בזה לא אבל זה נתקע לי אז בקיצר תעשה בבקשה בתוכנה אחרת)(סמסונג)(יש לי סמסונג 8+ הוא גרוע אבל אני צריך שהוא יתאים אליו)תודה מראש,🙂
אחרי שנכנסתי לזה זה נטען לי וזה נשאר לי רק על 20% מה לעשות?אתה יכול לעשות תוכנה אחרת בבקשה?(לא מסובכת אני ראיתי מלא סרטונים כאלה והסתבכתי ממש בזה לא אבל זה נתקע לי אז בקיצר תעשה בבקשה בתוכנה אחרת)(סמסונג)(יש לי סמסונג 8+ הוא גרוע אבל אני צריך שהוא יתאים אליו)תודה מראש,😊
אחרי שנכנסתי לזה זה נטען לי וזה נשאר לי רק על 20% מה לעשות?אתה יכול לעשות תוכנה אחרת בבקשה?(לא מסובכת אני ראיתי מלא סרטונים כאלה והסתבכתי ממש בזה לא אבל זה נתקע לי אז בקיצר תעשה בבקשה בתוכנה אחרת)(סמסונג)(יש לי סמסונג 8+ הוא גרוע אבל אני צריך שהוא יתאים אליו)תודה מראש,☺
היי יוסי יש לך מושג למה האופציה של מסך הטלפון לא מופיעה לי ? (בכל מקרה קיבלת לייק ),🙂
חחח אתה משחק בזובה?,😅
וואו סרטון מטריף חולה על הסקירות שלך תמשיך ככה אוהב אותך יוסימי: נחמן,❤
וואו כל סרטון שלך יותר טוב מהשני ,💯
אחלה מסך וסיקור אליפות ,🏆
באמת שאתה יוטיובר שצריך להיות כל כל מוערך ואתה לא מקבל את זה אוהב אותך יגבר,😃
איזה תותח חיפשתי חצי יום איך לעשות את זה בכל היוטיוב האמריקאי רשמתי בעברית ישר מצא לי אותך תודה רבה לך,🙏
תודה רבה אחי אני אוהב אותך מאוד עזרת לי מאוד,❤️
היי התחלתי פרמוט כמו שהדרכת אבל אצלי גם היה אופציה שהוא יתקין את הווינדוס המחשב נמצא על 99% כבר יום שלם יומיים שלמים של איפוס- זה לגיטימי??,😊
אלוףף שאלה קטנה:אם יש לי כרטיס מסך של nvidia האם צריך לבצע עוד פעולה כלשהי אחרי הפירמוט על מנת שיתקין את מה שצריך כדי שהכרטיס מסך יעבוד או שאין צורך בעוד פעולות אחרי הווינדוס עולה?,🔥
תותח! ,🤩
תודה רבה עזרת לי מאוד !!!!,❤️
המחשב שלי פתח תודה,❤️
המחשב שלי פתח תודה,💪🏻
אתה מלך תותח,💪
אתה מלך תותח,🚀
אפשר עזרה בתקלה 0xc0000225 אני לחצתי על דברים ועכשיו זה מראה לי ללחוץ רק על F8,😑
עובד בכול הדגמים של dell ,👌🏼
סרטון טוב ,👑
סרטון טוב ,👍
סרטון טוב ,❤
אני הולך לקנות אחד כזה כי אשתי נוחרת בלילה ,😅
מת על הסרטונים שלך ,❤️
מסך מעניין מאוד תודה רבה! ,💙
מסך מעניין מאוד תודה רבה! ,🇮🇱
סרטון טוב ,👑
סרטון טוב ,👍
סרטון טוב ,❤
תעשה סרטון של גיבוי מחשב פליז ,❤
מלך המלכים,🌶
בסופו של דבר עלו לו 6 אלף סאבים היה שווה יותר מסרטון,😂
יוסי תודה על כל הסרטונים הם ברמה גבוהה וחשובים מאוד ,😊
יוסי תודה על כל הסרטונים הם ברמה גבוהה וחשובים מאוד ,👍
תודה רבה אתה עזרת לי מאוד מאוד כמובן נרשמתי לערוץ ושמתי לייק,🙂
תודה רבה לך אתה לא מבין כמה אתה עזרת לי באמת כל הכבוד שאתה ככה השקעת זמן והסברת פה לכולנו על התוכנה המדהימה הזאת :),🙂
תודה רבה עזר לי ממש,❤
תוכל בבקשה לעשות סרטון שיסביר איך למחוק את כרטיס האשראי מהאייפון אחרי ביצוע של רכישת אפליקציה בבקשה נב סרטון ממש טוב,👏🏻
תוכל בבקשה לעשות סרטון שיסביר איך למחוק את כרטיס האשראי מהאייפון אחרי ביצוע של רכישת אפליקציה בבקשה נב סרטון ממש טוב,👍
סרטון טוב ,👑
סרטון טוב ,👍
סרטון טוב ,❤
סרטון נחמד אבל אין לי מושג לגבי האקינג אז יצרתי קשר עם הבחור ששמו למעלה לעזרה//,☝
trii7tekk באינסטגרם עשה את שלי והוא אמין מאוד,👏
תודה רבה אחלה סירטון,👌
אחלה סרטון,🔥
הסירטון חידש המון דברים שלא ידעתיתודה על הסירטון ,👍
תודה רבה אלוףיש לי מצלמות בבית ולא שיניתי את סיסמת ברירת המחדלמייד אשנה שוב תודה ,💪
תודה רבה אלוףיש לי מצלמות בבית ולא שיניתי את סיסמת ברירת המחדלמייד אשנה שוב תודה ,🙂
אחלה יוסי,😀
תותחחח סרטון מעולה,🔥
קפטן יוסי לשירותכם!ייגן עליכם מכל פרצת אבטחה אפשרית ,🎖
היי יוסי תוכל להוסיף קישור לאתר ההמרה בתיאור של הסרטון? ,🙏
לא עבד לי אבל נתתי לייק,😁
הכל בזכות trii7tek שעשית את שלי ביעילות,®️
מישהו יודע למה כשאני מקליט בסדרות טי וי זה פשוט קורס בבקשה שמישהו יענה ,🙏
לא נותן לי ,☹
אין לי את זה,😭
תודהה אח שליי ממשש עזרתהה,🙏
יש לי סאמסונג a11 ואני לא יודעת איך עושים צילום מסך ואיך עושים הקלטת מסך אשמח עם תעזור לע,😍
שכחתה את Eazy e  יש טעות הגוף ראשון התחיל מ GTA V אחרי שדרוג לPS4,😳
תשמע אתה חייב לעשות על קול אוף דיוטי יש לה עבר גדול מטורף ורווחי לא פחות מסדרת gta אם תעשה זה מאוד ישמח אותי,😀
תעשה סירטון שטפרט עך הדמויות המשניות בסדרה ואיך הם מתערבבות עם הרשיאיות ודרך אגב ימלך קחבלת סאב,😁
תותחחחח! בסרטון הקודם אמרתי שאני כותב תסריט לסרטון על כל סדרת המשחקים אבל עליך אי אפשר להתעלות,♥️
סרטון טוב ,👍
סרטון טוב ,❤
קניתי תרשר אולטימייט של רייזר700 שקל ולא מתחברות לכלום חוץ ממחשב ואקס בוקסבאסה,😭
מה הכי כדיי לי אני תמיד מוצאת את עצמי בסוף עם אוזניות שבורות בגלל כבלים אז הגיע הזמן להחליף לאלחוטי איזה אוזניות הכי כדיי ליhyperx flight או את הארקטיס 1 האלחוטיות פה בסרטון יש לי סוני 4 נינטנדו סוויץ ואני גם תמיד מחברת את האוזניות גם לטלפון עכשיו איזה הכי מומלץ ? או שכדי לי לחכות לאוזניות שהולכות לצאת עם הסוני 5?(אגב סקירה טובה תמשיך ככה),👍🏻
סרטון טוב ,💗
סרטון טוב ,👍
אחלה ראש יש לך,🍉
איזה השקעה! יוסי תמשיך ככה י מלךאמן תגיע ל 99999999999999999999999999999999999999 סאבים אמן ,😎
איזה השקעה! יוסי תמשיך ככה י מלךאמן תגיע ל 99999999999999999999999999999999999999 סאבים אמן ,❤
לייק מי שזוכר בgta שהוא עושה גרפסים ופלוצים,🤣
תעלה תעלה את חלק 2,👌
תעלה תעלה את חלק 2,🤗
איזה סרטון איכותי מכל הבחינות וגם מלא במידע מספר 1!,👏🏻
תותח טונשי ,💥
וואוו סרטון טובב אני מחכה כבר להמשך,👍
סרטון אשש,🔥
אמרת San Andreas והראתה את Los Santos ,🤔
פצצה כמו תמיד ,✨
הייתודה על הסרטון לי יש משולש בסרגל של ההקלטה למה הוא משמש?,☺
הייתודה על הסרטון לי יש משולש בסרגל של ההקלטה למה הוא משמש?,🙏
אחלה של סרטון תמשיך ככה,👌
כל הכבוד חבר יקר זה מאיר לוי מירושלים ,🎧
כל הכבוד חבר יקר זה מאיר לוי מירושלים ,✌️
כל הכבוד חבר יקר זה מאיר לוי מירושלים ,🔊
כל הכבוד חבר יקר זה מאיר לוי מירושלים ,🎛️
בכנות מה שממש מרגש אותי לקראת קונסולת האקסבוקס הבאה היא לא דווקא החומרהכאילו מיקרוסופט באים ממקום של ניחות והם רעבים! והרעב הזה מטיב עם הלקוח!ממיקרוסופט במקום שני קיבלנו: תאימות לאחור גיים פס ועכשיו גם חומרה חזקה באופן מגוחך אבל למרות שמדובר בשירותים מצויינים וחומרה מצויינת עם כל אלה לא הולכים למכולתאני ממש מתרגש לראות מה מיקרוסופט במקום השני תעשה בהספק של משחקים בחברה יודעים שהיא צריכה &#39;לתת בראש&#39; בכל מה שקשור למשחקים בלעדיים (אקסלוסיביים) וכרגע עם כל הכבוד גירס היילו ופורצה מתחילים לעייףבשנים האחרונות החברה קנתה אולפני פיתוח ואפילו פתחה חדשים משלה ומעניין יהיה לראות אילו משחקים מחכים לנו בדור הבא והאם היא תצליח להתחרות כמו שצריך בסוני ,💪
תעשה על סונייי,❤️
יש איזה כיף שעשית את זה מלך אוהב ,❤
היי אחי אני משתמש בזום ללימודים אני בכיתה ד ואני והכיתה שלי לומדים בזום וזה תוכנה ממש טובה ללימודים והבנתי איך משתמשים בזום ,👍
זום זאת חרא תוכנה אם אתם רוצים להשתמש בתוכנה הרבה יותר טובה ובטוחה תשתמשו ב- Jitsihttps://jitsiorg/https://meetjitsi/ התוכנה חופשית ובקוד פתוח והיא עובדת מצויין ואפילו לא חייבים להירשם כדי להשתמשאפשר להמשתש ישר מהדפדן ללא רישום אפשר לשתף מסך והכל עובד על כל מערכות ההפעלה: לינוקס ווינדוס ומקויש אפליקציה גם לאנדרואיד וגם לאייפוןלמי שמשתמש ב-Slackיש תוסף &quot;לסלאק&quot; כדי להשתמש &quot;בג&#39;יטסי&quot; מתוך &quot;סלאק&quot;,💩
קניתי  תודה יאח הסבר חדדד,😍
המסך הגדול מגניבלי יש s8 plus גודל 62ונראה לי שבקרוב אני אתחדש עם האולטרהשאלה:האם ניתן לחבר אותו גם לאוזניות חוטיות או שניתן לחבר רק לאוזניות אלחוטיות?תודה ,👍
נראה לי בשנה אתה מחליף 12 מכשיריםלפי קצב הסרטונים ,😊
נראה לי בשנה אתה מחליף 12 מכשיריםלפי קצב הסרטונים ,👍
והדובדבן שבקצפת חחחחחחחחחחחחחחחח,😄
והדובדבן שבקצפת חחחחחחחחחחחחחחחח,😂
יש לי עדיין סוני 1 במחסן ,😳
אלוף⁦⁩,❤️
סרטון מצויין יוסי :) מאוד נהנתי,🙌🏻
סרטון פצצה,🔥
היי יוסי סרטון מגניב ומפורט ביותר  אשתף כי אף פעם לא היתה לי קונסולת משחקים או משחקי מחשב הייתי יחסית ילד של אנציקלופדיה מילון ולמידה וסקרנות אז אף פעם לא הבנתי באמת מה הריגוש במשחקים של פלייסטיישן ואקסבוקס,👌
אומנם לא מאיביי אבל עבדזה חוקרי לגמרי מסתבר (למרות שזה קצת מרגיש כמו גנבה ),😅
יש כזה מחשר טוב מאוד 100%,😄
יש כזה מחשר טוב מאוד 100%,💞
יש כזה מחשר טוב מאוד 100%,💓
אני צופה עם הגאלאקסי באדס החדשות שלי,🤗
אבל ניטרלו לי את האייפון וככה גנבו לי אותו פעמיים ,😥
 תמיד אמליץ על שם זה על העבודה הטובה שנעשתה בשבילי,👆
 תמיד אמליץ על שם זה על העבודה הטובה שנעשתה בשבילי,👆
תודה ,👏🏼
אחלה סרטון,🤟
אחלה סרטון,👍
אחלה של סרטון,🔥
ומשם התחיל תקופת המכורים למסכים ,😁
סרטון מצויין,🔥
אחלה סרטון אהבתי ביותר מושקע כמו שצריך כיף לראות תוכן מגוון בערוץ ,✌
שלישי ,💖
דווקא ה״יתרה מזאת״ יצא להם חביב ,🤟🏻
דווקא ה״יתרה מזאת״ יצא להם חביב ,😂
מי בכלל רואה פורנו ,🙃
להתעלם ולהמשיך לראות פורנו ,👌
תעשה סרטון מלא על גלקסי 20 אולטרה,🙏
אתה יכול  בבקשה לעשות מדריך איך פותחים עמוד שני בטיקטוק ,⭐
אתה יכול  בבקשה לעשות מדריך איך פותחים עמוד שני בטיקטוק ,🥺
היי אני ממש ממש ממש צריך את העזרה שלך אני לא מצליח לשים את הכפתור אינסטגרם שלי בטיקטוק ובedit profile זה מראה לי את האופציה לשים רק את היוטיוב ולא את האינסטגרם תודה מראש,🙏
שומע אח היה לי איזה חשבון בטיקטוק שעשיתי בו סרטונים קיצר טיקטוק משום מה השביתו לגמריי את החשבון שלי אז ניסיתי דרך חשבון אחר ורשום לי שהחשבון עכשיו מושעה זמנית יש לך מושג מה עושים כי אני מחכה שבוע ואחלה של סרטונים אתה חייב להמשיך,👌
אני יוטיוברית מתחילה וחיפשתי דרך לשפר את האיכות של הסרטונים אז עכשיו מצאתי את הסרטון הזה וזה בול מה שהייתי צריכהתודה ,❤️
תוכנה מסריחה ולא מובנת ,😡
תודה רבה ,😁
תותחח תעשה גם לגלקסי,😇
אחלה סרטוןכמו תמיד,😉
אחלה סרטוןכמו תמיד,👍
ימלך סוףסוף מישהו מסביר עריכה תקשיב אני פותח ערוץ לחבר שלי והוא ביקש שאני יערוך לו ואם מישהו ישאל בתגובות של הסרטון שלו איך לערוך או דברים כאלה אני יכול לשים קישור לסרטון שלך? אשמח אם תענה לי ,♥️
תגיד יש שם פעולת מחיקה? כלומר אפשרות להוציא דברים שלא מוצאים חן בעיניי בתמונה אז למחוק אותם בבקשה תענה זה דחוף,🙏
כמה מערכות וירטואליות היית צריך להתקין?,😳
חחח מה משותף לכל המקרים בסרטון?כולם השתמשו במערכת הפעלה וינדוס!בלינוקס ווירוסים כאלה כמעט ולא קיימים או מהווים איום ממשי  אחלה סרטון,🤣
חחח מה משותף לכל המקרים בסרטון?כולם השתמשו במערכת הפעלה וינדוס!בלינוקס ווירוסים כאלה כמעט ולא קיימים או מהווים איום ממשי  אחלה סרטון,👍
חחח מה משותף לכל המקרים בסרטון?כולם השתמשו במערכת הפעלה וינדוס!בלינוקס ווירוסים כאלה כמעט ולא קיימים או מהווים איום ממשי  אחלה סרטון,🐧
מה אמורים לעשות אם זה קורה?! ,😨
סרטון מגניב ומענייןאני אשמח לחלק 2,👍
סרטוןןןן אששש,👌
סרטוןןןן אששש,🤟
היירציתי לדעת האם גם חשבון האינסטגרם נשאר,🥰
תודה רבה עזרת לי ממש,😘
היי:) תודה רבה לך! עזרת לי שאקנה מחר אגש לסרטון,😇
תודה רבה עזרת לי מאד! ,❤️
אני שואל,👇
למה שמישהו יעבור מאנדרואיד לאייפון ,🤢
הסירטון כמובן טוב אחי אבל עצה שלי היא שאם מישהו רוצה לעבור מאנדרואיד לאייפון שיעצור רגע יספור עד עשר ואז יירד מהרעיון הזה כי מבינים שזה לא כדאי  כמו שהבנתם אני עם אנדרואיד חחחח,😜
הסירטון כמובן טוב אחי אבל עצה שלי היא שאם מישהו רוצה לעבור מאנדרואיד לאייפון שיעצור רגע יספור עד עשר ואז יירד מהרעיון הזה כי מבינים שזה לא כדאי  כמו שהבנתם אני עם אנדרואיד חחחח,😅
אתה יכול לעשות סרטון על איך מעבירים את חשבון הווצטפ? זה ממש חשוב אני היום עוברת לאייפון תודהנב תעשה את זה כמה שיותר מהר!!!,🙏
יוסי מדריך אינפורמטיבי מעולה וגם איזה עיתוי מדהים! בדיוק אבא שלי קנה מדפסת אלחוטית  תודה,🙏
סרטון אדיר,👏🏻
אחלה סרטון,👍
זה לא מוצא לי את המדפסת שליי בבקשה תעזור לי ,😓
זה לא מוצא לי את המדפסת שליי בבקשה תעזור לי ,😭
תאמת שהיום הייתי צריך מדריך אבל עכשיו אני בסדר ,😂
שלום כאשר אני נכנס לממשק דרך חיבור אלחוטי ומשנה ערוצים לאחר מכן החיבור נהיה איטי ויש מלא ניתוקים יכול להיות שזה קשור בזה שאני נכנס לממשק באופן אלחוטי ולא קווי האם זה קובע תודה לעונים ,🙏
מלך!!!!עזרת לי ממש ,🤗
סרטון מעולה הרבה אנשים לא דואגים להחליף את הסיסמא לרשת או לניהול של הראוטר והם לא יודעים שבגלל זה הם חשופים לפריצות,💪
כל מי שמתלוננן רק על שאין לו את האיכות הכי גבוהה תגידו תודה אני משחק כמו איזה חמסניק שמשחק על טוסטר ואין לי מספיק כסף כדאי להחליף מחשב ,😭
תמשיך לעשות סרטונים מעולים על טלפונים וסקירות,🧡
תמשיך לעשות סרטונים מעולים על טלפונים וסקירות,💜
תמשיך לעשות סרטונים מעולים על טלפונים וסקירות,❤
תמשיך לעשות סרטונים מעולים על טלפונים וסקירות,💙
תמשיך לעשות סרטונים מעולים על טלפונים וסקירות,💚
אתה תותח ⁦⁩,🙂
אתה תותח ⁦⁩,♥️
זה אפשרי לגבות את האייפון דרך המחשב אם שכחתי את הקוד של האייפון ? ,🤔
 תמיד אמליץ על שם זה על העבודה הטובה שנעשתה בשבילי,👆
 תמיד אמליץ על שם זה על העבודה הטובה שנעשתה בשבילי,👆
ננעל לי הפלאפון ואני רוצה לעשות את זהאבל יש בעיה אומרים שאם אני עושה את זה נמחקים לי כל הדברים מהאייפוןאין דרך לעשות זאת בלי שימחקו??בבקשה תענו לי חייבת תשובה בדחיפותתת,🙏
היי יש לי כמה שאלות1-היכן נמצא קובץ הגיבוי במחשב?2-לא מצליח לבחור כונן גיבוי חיצוני אפילו מקום לשמור את הגיבוי במחשב? 3-לאחרונה ואחרי שמחקתי את האיטונס מהמחשב אין באפשרותי להוריד אותו אני מקבל שגיה לגרסה עדכנית הצלחתי להוריד אותו רק דרך החנות של מיקרוסופט שזה בעצם בתוך התכנה והוא לא מותקן במחשבסך הכל יש יל בעיה עם שטח האחסון במחשב יש לי מספיק תוכנות בכונן הבסיסי והמטרה להעביר כל הדברי הקשורים לאיפון למחיצה רק לכךתודה רבה על הכל ועוד על ההסבר,🙂
FRESHPEP7 באינסטגרם פותחים את האייפון שלי הוא הכי טוב ,🙌
FRESHPEP7 באינסטגרם פותחים את האייפון שלי הוא הכי טוב ,✌️
אבל אם אני רוצה לשחזר אייפון 4 אבל אין לי חיבור בצד השני זאת אומרת יש לי רק חיבור אחד הצד השני זה חיבור לשקע בבקשה תעזור לי אף אחד לא עונה לי,😔
תותח ! ,👌
תותח ! ,❤
מותר להגיד שאני מקנא פצצות?! וואו ,😱
סרטון מצויין יוסי אני מסכים לגמרי לד זה אולי מגניבאבל לא תמיד מתאים וגם לא תמיד אתה רוצה שהחדר יראה כמו מועדון ולזו באמת יש חן ,😅
סרטון מצויין יוסי אני מסכים לגמרי לד זה אולי מגניבאבל לא תמיד מתאים וגם לא תמיד אתה רוצה שהחדר יראה כמו מועדון ולזו באמת יש חן ,🤩
&quot;מי שרואה דברים שלא צריך לראות&quot;למה ?  פשוט למה ?תנו לייק ( אני לא סוחט לייקים ),😂
יוסי אם אתה רואה את זה אז רציתי להגיד לך שאתה אחלה של ערוץ וכל פעם שעולה סירטון אני בין הריאשונים תירשום משו אם ראית את זה ,😉
מי המשוגע שהיה קונה מסך כזה לחדר ?!,😉
עזוב מסך 49 אינץ&#39; למה יש לך word 2010 ,😂
כזה פשוט ולא ידעתי שזה קיים חח תודה לך ,🙏🏼
תבורך אמן,😻
תבורך אמן,❤️‍🔥
תבורך אמן,🥰
תודה רבה ,😄
תודה באמת שעזרת ,💖
תודה באמת שעזרת ,🌸
אלוף עזרת לי מאוד תודה רבה ,❤️
תותחחחח אחחחח עזרת לי רצח,❤️
תותחחחח אחחחח עזרת לי רצח,👍🏻
תודה עזר לי מאוד,🙏🏻
תודה עזר לי מאוד,🙏🏾
תודהה!! ,🙏🏻
ממש תודה,❤️
היי קניתי אייפון 8 + עברתי מאנדרואיד ולא מכירה כלום באייפון תודה רבה הסרטון עזר לי אשמח למדריכים על אייפון תודה במיוחד למי שלא מכיר כמוני,🙏🏻
היי קניתי אייפון 8 + עברתי מאנדרואיד ולא מכירה כלום באייפון תודה רבה הסרטון עזר לי אשמח למדריכים על אייפון תודה במיוחד למי שלא מכיר כמוני,☺️
עזרת מאוד ,🙂
זה יעבוד ככה גם באייפד נכון כי זה נראה הגיוני שכן תודה בכל זאת ,👋🏻
זה יעבוד ככה גם באייפד נכון כי זה נראה הגיוני שכן תודה בכל זאת ,😁
אחלה סרטון פצצה כמו תמיד ,💪
אחלה סרטון פצצה כמו תמיד ,👌
אני שצופה בסרטון הזה דרך אייפון 11:,👁
אני שצופה בסרטון הזה דרך אייפון 11:,👄
מהמם,❤
אח שלי אתה,👌
אח שלי אתה,👍
סרטון מעולה ממש אהבתי שבסוף השוות אותו למכשירים אחרים במחיר צריך שתעשה את זה על כל מכשיר זה מכניס אנשים לפרופורציות אגב צריך גם לציין שהמחירים של המכשירים האחרים רק הולכים ויורדים כל הזמן לעומת האייפון שנשאר במחיר שלו כל הזמן ויורד קצת רק כשהאייפון החדש יוצא נגיד היום הs10 עולה כבר 2430 ככה שבכלל,👍
תודה יוסי כתמיד מדריך ברור ושימושימה ההבדל בין התכנה הזאת לבין CCLEANER(לזה קבלתי כבר תשובה ) ובמיוחד לבין-UNLOCKER ?תודה מראש על תגובתך,☺
אחלה סרטון כרגיל ,❤
תתחדש מקווה שתהנה,😀
מהמם,❤
לאאא אל תחזור לכוחות הרשע ,😈
פתיחת קופסה טובה! תתחדש! ,❤️
פתיחת קופסה טובה! תתחדש! ,👍
רק רציתי לציין שאפשר לשנות את השפה ואת המטבע כך אתם לא צריכים ״לשים לב שזה בדולרים״ ולא צריכים להסתבך אם אתם לא יודעים אנגלית ,🤷🏻‍♀️
חיכתי לסקירה הזו נייס ,😁
למה שיהיה את אותו מכשיר מאותו חנות אבל באמזון הוא יהיה יותר יקר? פעם ראשונה אני רואה את זהאני מחכה שכבר באמזון יהיה רכיבי חומרה אם יהיה אמזון צפויה לקבל ממני הרבה כסף,😉
אני רואה את הסרטון הזה האחרי 9 חודשים ואני רק עכשיו גיליתי שA70 יכול לקבל את הסקין הזה ממש עזרת למרות שעבר 9 חודשים תודה לך אני שמח שיש לנו בישראל ערוץ כמו שלך ,😁
אני רואה את הסרטון הזה האחרי 9 חודשים ואני רק עכשיו גיליתי שA70 יכול לקבל את הסקין הזה ממש עזרת למרות שעבר 9 חודשים תודה לך אני שמח שיש לנו בישראל ערוץ כמו שלך ,♥️
אחלה סרטוןעם עכשיו אני עושה על הסקין הזה אני יכול לעשות עכשיו גם על הסקין האיקוניק?או שזה היה באותה תקופה?,👑
אחלה סרטוןעם עכשיו אני עושה על הסקין הזה אני יכול לעשות עכשיו גם על הסקין האיקוניק?או שזה היה באותה תקופה?,❤
אין לי כרטיס האשראי ,😩
אין לי כרטיס האשראי ,😭
זה לא עובד לי,🤣
זה לא עובד לי,😫
תודה אולי מישהו יודע איך מוחקים תא קולי בגלקסי 10 נוט פלוס ?? (לא התקנתי ואיזה מספר חשוד פתאום הופיע ב&quot;תא קולי&quot;-- ואי אפשר להיפטר מהתא הקולי הזה),🙏
תודה מלך,😍
שלום יש לי את הגלקסי נוט 10 ולא מופיעה לי אפשרות של רזולוציית המסך אני נכנס לתצוגה ורשום לי שם הכל חוץ מרזולוציית המסך מה אני עושה?? אשמח אם תענה  ותודה על הטיפים עזרו מאוד (-;,😁
אחלה סרטון וערוץ מצוייןנב: תשע הגדרות לא תשעה,🤓
תודה רבה! כרגיל מעניין ומועיל עזרת לי מאוד!! שאפו על הסרטונים ,🌷
תקשיב יש תוכנה בחינם ממש טובה לזה לכל הטלפונים קוראים לה Wallcraft תראה,😁
קודם כל תודה רבה על הסרטון!יש לי גלקסי a51 שיש לו אפשרות גם לצילום מסך ע&quot;י כף היד וזה לא מצלם ליהשמח לשמוע תשובה תודה!,👍
תודה על המידעThe more you know ,🌠
כשאמרת היי ביקסבי זה הפעיל לי את ביקסבי,😂
סקירה ממששש טובהכיף לצפות בסרטונים שלך,👍
אני אוהב את הסקירות שלך כי אתה היחידי שמראה את התזוזה הממשק ובאמת רואים מוחשי את המערכת והמכשיר בתפעול וזה יאמר לזכותך תמשיך ככה  להבא תראה גם את הוילון ההתראות אם הבלוטוס או המיקום והקישוריות מופעלים אצלך במידה והסוללה אחזיקה לך מעמד,🙂
אחלה סרטון יוסי אשמח אם תביא לסקירה את הגוגל פיקסל 3 ותעשה עליו סקירה מעמיקה,🔥
אתה תחלק אותו,😉
אחלה סרטון נהנתי מכל רגע אתה מסביר כל דבר לעומק תודה רבה,😘
יוסי תותח כמו תמיד ותביא לי את הטלפון ,😂
היי יוסי סגרת את האינסטגרם?,🙁
כל הכבוד מאוד מועיל,👏
עבד,😊
אבל אין לי את הסימנים האלה של הפרצופים יש לי רק אימוגים איזה באסה למה זה ככה? אתה יכול לעזור לי?,😢
לא לא ידעתי תודה על החידוש,😉
מתאים לי משקפיים  ?,🤓
היי שלום לךיש מצב לסקירה מלאהשיאומי רדמי נוט 8 פרובבקשה???,😉
היי שלום לךיש מצב לסקירה מלאהשיאומי רדמי נוט 8 פרובבקשה???,🙏
היי שלום לךיש מצב לסקירה מלאהשיאומי רדמי נוט 8 פרובבקשה???,👍
איך עושים מגן לטלפון ,😂
יופי של סקירה יוסי כל מילה ,✔️
כל מי שמחפש עבודה מהבית ורוצה להרוויח כסף בקלות (לא פרמידה או שיווק רשתי נטו עבודות מהבית!) שיכתוב לי בוואטסאפ 058-7338281 (מתאים לכל הגילאים) מחשב או אייפון/גלקסי/או פלאפון אחר עם גישה לאינטרנט! חובה!,💸
כל מי שמחפש עבודה מהבית ורוצה להרוויח כסף בקלות (לא פרמידה או שיווק רשתי נטו עבודות מהבית!) שיכתוב לי בוואטסאפ 058-7338281 (מתאים לכל הגילאים) מחשב או אייפון/גלקסי/או פלאפון אחר עם גישה לאינטרנט! חובה!,🏡
תודה !,🌼
תודה רבה לך ,😆
תקשיב אחי אין לי מילים הסיקורים שלך הם מהטובים ביותר שראיתי בעברית ומהמעודכנים ביותר שראיתי תמשיך ככה אחי אני לא מפסיק לעקוב מהצללים ‍,🐱
תקשיב אחי אין לי מילים הסיקורים שלך הם מהטובים ביותר שראיתי בעברית ומהמעודכנים ביותר שראיתי תמשיך ככה אחי אני לא מפסיק לעקוב מהצללים ‍,👤
אתה יכול לבנות לי בחמש וחצי פלוס מסך 144 הרץ ms1 פלוס כבל דיספורט בבקשה?,🙏
הם עושים את זה כזה מסובך כי ברעיון המצב הזה לא אמור להיות מופעל דרך הדפדפן עצמו אלא דרך כפתור בתוך המערכת הפעלה עצמה - במקרה שלנו רק באנדרואיד 10 - האמת שזה די חכם ועדיף שיהיה מקום אחד במערכת שכאשר אתה לוחץ עליו כל המערכת עם כל האפליקציות שתומכות במצב חשוך של גוגל יעברו למצב הזהדרך אגב זה גם הסיבה שביוטיוב (שהיא כמובן של גוגל) לא עשו כפתור נגיש ונוח בשביל המצב הזהתודה לך על הסרטונים שאתה עושה תמשיך להפציץ ,😉
אחלה סיקור תודה !! ,😀
היי שלום לךיש מצב לסקירה מלאהשיאומי רדמי נוט 8 פרובבקשה???,😉
היי שלום לךיש מצב לסקירה מלאהשיאומי רדמי נוט 8 פרובבקשה???,🙏
היי שלום לךיש מצב לסקירה מלאהשיאומי רדמי נוט 8 פרובבקשה???,👍
יפה ,❤
איזה מזל שהוט חראואחי מה זה משנה גם הוט גונבים,😅
לא משתמש בכרטיס אשראי אז אין ממה לחשוש ,😎
מושלםםם,😍
רואה את הסרטון דרכו דרך אגב טעינה 25w,😁
היי שלום למה אני שומע רק בצד שמאל ואני שומע אותן חלש בצד ימין אתה יודע אולי למה זה ככה? תודה רבה אלוףףף!!! נהנה לצפות בך ,😃
ביקורת איכותית מאוד כל הכבוד,👍
אחלה סרטון  לקחת את האוזניות לבדיקה מאלון גרעיני בטח ?,👍
אחלה סרטון  לקחת את האוזניות לבדיקה מאלון גרעיני בטח ?,😃
לא רומז כלום אבל מרשמלו הזה נראה ממש גברי וחסון והוא בכלל לא אני אחמ אחמ ,😂
יוסי יא תותח אחלה סקירה בנאדם אתה אדיר שאין דברים כאלה ,👌
מה עושים עם יש אייפון?,🙏🏻
תודה תוכנה שימושית מאוד!דרך אגב אתה יודע איך אפשר להציג את הטלפון על גבי הטלוויזיה ? אודיו ווידאו עם אפשר ?אצלי בטל&#39; יש חיבור טייפ סי אבל הבנתי שיש כמה סוגים של כבלים ולכל מכשיר יש טכנולוגיה שונה והאם יש מצבים שאפשר לעשות את זה בלי כבל?,👍
אתה גדול עזרת לי מאודדדדדד ⁦⁩,❣️
תותחחח,😉
תותחחח,🤲
תודה יאח ולמה המוזיקה של The forest,😂
מקווה לזכות באוזניות ,😁
ביצעתי את כל השלבים מקווה שאזכה באוזניות ובהצלחה לכולם,👍
ביצעתי את כל השלבים בהצלחה,💝
תעשה סקירה ובדיקה לכל הגלקסי a החדשים שיצאו (a90 a50 a30 a70) כי אני חייב לדעת עליהם קצת כי אני מתכנן לקנות אחד מהםמראש תודה גם עם אתה לא תעשה סירטון עליהם אוהב אותך,👍
ביצעתי את כל השלבים ,❤
ביצעתי את כל השלבים ימלך,🔥
עשיתי את כל השלבים,💥
ביצעתי את כול השלבים,🚀
ביצעתי את כול השלבים,👍🏼
ביצעתי את כל השלבים ! ,👍
ביצעתי את כל השלבים ממזמן ,😂
ביצעתי את כל השלבים ממזמן ,👍
ביצעתי את כל השלבים!!!!! מקווה לזכות באוזניות,🔥
ביצעתי את כל השלבים!!!!! מקווה לזכות באוזניות,😁
ביצעתי את כל השלבים!!!!! מקווה לזכות באוזניות,👏
תודה רבה לך ולגיגהבייט עשיתי הכל,😉
ביצעתי את כל השלבים! מקווה לזכות ,😋
מה עם השיתוף פעולה שהבטחת לעשות עם אלון גרעיני ,😀
מה עם השיתוף פעולה שהבטחת לעשות עם אלון גרעיני ,🙇‍♂️
אחלה סרטון ,👍
סרטן העולה אני חיב ליקנות ,☺
יוסי סרטון מעולה אוהב את הסקירות שלך!!!אני עומד לקנות את המכשיר הזה בערך עוד חודשיים עקב שדרוג תודה על הסרטוןאבל אני קונה את גרסת ה+,😀
תותח אתה,❤
סקירה מעולה ,👑
סקירה מעולה ,👌
מדריך מעולה! תודה יאח,❤
אלוף!! ,👍
אלוף!!,❤
סוף סוף נב לי יש עכשיו את האוזניות של רייזר שעולות 1000 שח אני לא מרוצה מהם בגלל שיש רעש מציק כול הזמן (פיפפפפפפ) ואני רוצה לדעת איזה אוזניות יותר טובות HyperX Cloud Flight או של רייזר האוזניות גיימינג Tiamat 71 V2 של תודה מראש ,👍
סוף סוף נב לי יש עכשיו את האוזניות של רייזר שעולות 1000 שח אני לא מרוצה מהם בגלל שיש רעש מציק כול הזמן (פיפפפפפפ) ואני רוצה לדעת איזה אוזניות יותר טובות HyperX Cloud Flight או של רייזר האוזניות גיימינג Tiamat 71 V2 של תודה מראש ,❤
תודה רבה ! אני משחק עכשיו בלי לגים תודה ⁦⁩,❤️
אחלה סרטון,👍
חזק,👍
 תמיד אמליץ על שם זה על העבודה הטובה שנעשתה בשבילי,👆
 תמיד אמליץ על שם זה על העבודה הטובה שנעשתה בשבילי,👆
מעניין מאוד אשמח לעוד סרטוני השוואות ,👍
מלך,❤
אני מקנא במי שתחתנת איתך,😔
יש לי את האזניות האלו ואני מאוהב בהן ,😍
מלך,👑
מלך,🔥
לא הפסקתי לצחוק ,😂
סרטון מעולה ומעניין יוסי ,👍
אין לי פייס לא דואגת מכלום,😉
תודה,😉
איך אני אמור לשים מגן?מי שחושב כמוני ליקק,😂
איך מייצרים לזה מגן ,🤔
סרטון נחמד אבל אין לי מושג לגבי פריצה אז יצרתי קשר עם השם שהוזכר למעלה ,☝️
סרטון נחמד אבל אין לי מושג לגבי פריצה אז יצרתי קשר עם השם שהוזכר למעלה ,🆙
סרטון נחמד אבל אין לי מושג לגבי פריצה אז יצרתי קשר עם השם שהוזכר למעלה ,🔺
הכל בזכות  עכשיו אני יכול לגשת לחשבון המושבת שלי ,❤️
הכל בזכות  עכשיו אני יכול לגשת לחשבון המושבת שלי ,☝️
הכל בזכות  עכשיו אני יכול לגשת לחשבון המושבת שלי ,⬆️
הכל בזכות  עכשיו אני יכול לגשת לחשבון המושבת שלי ,🆙
נכנסתי לאתר וגילתי שגם המייל שלי הודפףתודה רבה אין על הסרטונים שלך,👌
נכנסתי לאתר וגילתי שגם המייל שלי הודפףתודה רבה אין על הסרטונים שלך,🔥
נכנסתי לאתר וגילתי שגם המייל שלי הודפףתודה רבה אין על הסרטונים שלך,👍
איזה מזל לי כתב שאין את המייל שלי בשום אתר  תודה רבה,🥳
הייאני מחפש המון זמן מחשב טוב גם לעריכות וגם לגיימינג משחקים כמו:call of dutyrocket leaguegta 5 ואולי פיפא יש מצב שאולי תכתוב איזה מחשב אפשר להרכיב בשביל עם תקציב של בין 4000 ל 5000 בבקשה תעזור זה ממש חשוב לי תודה מראש,😉
היי שלום אני משחק משחק מעוד מוקר בשם פורטנייט אבל אני מקבל 78+ping ואני בהוט בדקתי בspeedtest וכתוב שאני צריך לקבל 20 ולחבר שלי כתוב שהוא צריך לקבל 30 והוא מקבל 60 והכי מאת שלי זה 78 זה יכול אפילו להיות120+ אתה יכול לעזור לי איך אני יכול לסדר את זה וזה לא בעיה בתשתיות עשו חדשות לפני שנה וקצת,😝
יוסי רציתי לשדרג לווידוס 10 וזה אמר שgt1030 לא תואם לווידוס 10 רציתי לדעת אם זה הכרטיס מסך או הדרייבר ואם זה דרייבר תוכל לעשות סרטון על זה בבקשה? נב סרטון יעיל תודה,💪
וואלה אין על הוטאבל חרא של אינטרנט ,🤢
אחלה סרטון ,🤔
אשמח שתענה אל כדאי לי גלקסי A9 או אייפון 8+ בבקשה תענה,🙏
שלום לך אני נרשמתי לערוץ שלך בעקבות הסרטון שהעלית על הגלקסי s9 לי יש את הגלקסי s5 מה ההבדלים בין שני המכשירים?העם כדאי לרכוש את הs9?והאם המסך יותר גדול מהs5 שיש לי?אשמח לקבל מענה וחוות דעתהמשך יום מקסים,🌺
לדעתי הa9 ממש מספיק בשבילי כמובן שאם יתנו לי לחבור בין טלפונים וקבל אותם בחינם הייתי בוחר במייט 20 פרו או נוט 9 או באייפון החדש ומוכר אותו אבל לדעתי בשבילי ובשביל כולם תכלס הוא מתאים כי מי כבר צריך טלפון מטורף שעולה פי 2 או 3 יותר מזה,😅
באליייי,😭
אני חולה עליך ,❤
לא דילגתי הפעם על הפירסומת בישבילך ,👍
איזה תותח באלוהיםערוץ שבאמת אוהב את הצופים שלו אוהב אותך רצח,😍
עוד סרטון מדהים!יוסי איזה מלך אבל אני מתגעגע לסקירות,☹
סרטון יפה ממש אהבתי מחכה לראות את הסרטון הבא ,😁
חזרנו לג&#39;יגה ,😎
חזרנו לג&#39;יגה ,😊
זה רק אני או שהוא בא להגיד A7 ,🤷
פלאפון שנראה מעולה! אבל באמת? 4 מצלמות?? זה נותן לזה עיצוב מכוער מדיאת כל האופציות של השלוש מצלמות יכלו לעשות במצלמה אחת רגילה⁦⁩,🤦🏼‍♂️
הרגע קיבלתי גישה לחשבון הפייסבוק שלי בעזרת השם למעלה,⤴️
הרגע קיבלתי גישה לחשבון הפייסבוק שלי בעזרת השם למעלה,⤴️
 תמיד אמליץ על שם זה על העבודה הטובה שנעשתה בשבילי,👆
 תמיד אמליץ על שם זה על העבודה הטובה שנעשתה בשבילי,👆
אעאעא מאוהבת לך בערוץ,❤
אחד הסרטונים היותר טובים שלך !(אהבתי מאוד תעריכה),😍
תודה יאלוף!!! סרטון סופר שימושי ,😉
תודה יאלוף!!! סרטון סופר שימושי ,👌
תודה יאלוף!!! סרטון סופר שימושי ,👍
תודה יאלוף!!! סרטון סופר שימושי ,👏
אחלה סירטון אח קיבלתי כזה איימיל אבל זה העביר אותי למדיניות של פיפאל  בכל מקרה לא התחברתי אני חושב חח ,🙄
אחלה סירטון אח קיבלתי כזה איימיל אבל זה העביר אותי למדיניות של פיפאל  בכל מקרה לא התחברתי אני חושב חח ,🤔
מלך ,❤
דעתי זה לשים לייק ענק,💛
דעתי זה לשים לייק ענק,👍
אלוף,❤️
התוצאות עדיין ישארו בשרתים של גוגל (המידע עליכם נשאר עצלם לא משנה מה תעשו!!! הם לא יוותרו עליו בחיים) אם אתם באמת רוצים להשתמש במנוע חיפוש טוב! שלא מנסה לרגל אחריכם תשתמשוב- DuckDuckGo יש עוד מנועי חיפוש בסגנון אבל זה הכי טוב שאני מכירhttps://duckduckgocom/,🔎
התוצאות עדיין ישארו בשרתים של גוגל (המידע עליכם נשאר עצלם לא משנה מה תעשו!!! הם לא יוותרו עליו בחיים) אם אתם באמת רוצים להשתמש במנוע חיפוש טוב! שלא מנסה לרגל אחריכם תשתמשוב- DuckDuckGo יש עוד מנועי חיפוש בסגנון אבל זה הכי טוב שאני מכירhttps://duckduckgocom/,😈
התוצאות עדיין ישארו בשרתים של גוגל (המידע עליכם נשאר עצלם לא משנה מה תעשו!!! הם לא יוותרו עליו בחיים) אם אתם באמת רוצים להשתמש במנוע חיפוש טוב! שלא מנסה לרגל אחריכם תשתמשוב- DuckDuckGo יש עוד מנועי חיפוש בסגנון אבל זה הכי טוב שאני מכירhttps://duckduckgocom/,🦆
התוצאות עדיין ישארו בשרתים של גוגל (המידע עליכם נשאר עצלם לא משנה מה תעשו!!! הם לא יוותרו עליו בחיים) אם אתם באמת רוצים להשתמש במנוע חיפוש טוב! שלא מנסה לרגל אחריכם תשתמשוב- DuckDuckGo יש עוד מנועי חיפוש בסגנון אבל זה הכי טוב שאני מכירhttps://duckduckgocom/,💵
אלוף ,❤
יפה מאוד על היוזמה והדרכה החיננית מצדך,✡
אהבתיי,😍
אחלה מעדיף יותר על פיצ&#39;רים יפים בנייד ודברים שהרבה לא יודעים בקיצור עדיפות לסרטונים יותר על פלאפון נייד מאשר על מחשב בכל אופן אחלה ערוץ נהנה מכל סרטון מחדש,💥
אחלה מעדיף יותר על פיצ&#39;רים יפים בנייד ודברים שהרבה לא יודעים בקיצור עדיפות לסרטונים יותר על פלאפון נייד מאשר על מחשב בכל אופן אחלה ערוץ נהנה מכל סרטון מחדש,❤
אהבתי ,😊
שאלה לגבי גיבויאם אני מחליף טלפון איך אני מגבה את הנתונים ומעביר לטלפון החדשדבר חשוב אין לי מחשב בבית אני משתמש רק בניידתודה ,☺
תודה על המדריך הזה!!היה לי שיאומי והייתי רגיל לזה שזה בנוי בטלפון ועכשיו אני יכול לעשות את זה גם ב 1+6 שלי!! ,😀
לספר לך מה עוד ארוך במיוחד?חחחחח סתם סתם אוהב אותך ואת הסרטונים שלך,😏
לספר לך מה עוד ארוך במיוחד?חחחחח סתם סתם אוהב אותך ואת הסרטונים שלך,❤️
אחלה סירטון יוסי ,🤘
תחליפו את כל פעם שהוא אומר משהו בוירוס טרויאני ,😂
מי יכול עליך??!!!! ,❤
סרטון מצויין ומרגש ! כל הכבוד לך שלא ויתרת והגשמת את החלום  !סרטון מוטיבציה לחיים !! הצלחה ענקית לערוץ !!!! אין עליך !,🎊
סרטון מצויין ומרגש ! כל הכבוד לך שלא ויתרת והגשמת את החלום  !סרטון מוטיבציה לחיים !! הצלחה ענקית לערוץ !!!! אין עליך !,😃
סרטון מצויין ומרגש ! כל הכבוד לך שלא ויתרת והגשמת את החלום  !סרטון מוטיבציה לחיים !! הצלחה ענקית לערוץ !!!! אין עליך !,🎁
סרטון מצויין ומרגש ! כל הכבוד לך שלא ויתרת והגשמת את החלום  !סרטון מוטיבציה לחיים !! הצלחה ענקית לערוץ !!!! אין עליך !,🎉
סרטון מצויין ומרגש ! כל הכבוד לך שלא ויתרת והגשמת את החלום  !סרטון מוטיבציה לחיים !! הצלחה ענקית לערוץ !!!! אין עליך !,🎀
אתה הכי מלך העולם ומגיע לך יותר ממזה y4pc אתה הכי גבר בעולם ושתדע שלא משנה איזה תוכן תעלה אני תמיד יהיה רשום לערוץ שלך ביגלל מי שאתה בנאדם פשוט מהמם וגם אם לא תיראה את התגובה תדע שאתה בנאדם מהמם,😗
אתה הכי מלך העולם ומגיע לך יותר ממזה y4pc אתה הכי גבר בעולם ושתדע שלא משנה איזה תוכן תעלה אני תמיד יהיה רשום לערוץ שלך ביגלל מי שאתה בנאדם פשוט מהמם וגם אם לא תיראה את התגובה תדע שאתה בנאדם מהמם,❤
תותח,👍
הצוות הזה למעלה  שהוזכר בכותרת שלי הוא ממש טוב ושלח להם הודעה חכמה לעזרה עכשיו,👆
הצוות הזה למעלה  שהוזכר בכותרת שלי הוא ממש טוב ושלח להם הודעה חכמה לעזרה עכשיו,👆
הצוות הזה למעלה  שהוזכר בכותרת שלי הוא ממש טוב ושלח להם הודעה חכמה לעזרה עכשיו,👆
הצוות הזה למעלה  שהוזכר בכותרת שלי הוא ממש טוב ושלח להם הודעה חכמה לעזרה עכשיו,👆
הרגע קיבלתי גישה לחשבון הפייסבוק שלי בעזרת השם למעלה|||,⤴️
הרגע קיבלתי גישה לחשבון הפייסבוק שלי בעזרת השם למעלה|||,⤴️
אני אשמח שתעזור לי נמחק לי האימייל הוא הושבת ואני לא מצליח להחזיר אותו תעזור לי אני מתחנן,🙏
Wow מלך ,❤
שניה,❤
סרטון מעולה ,🙏
סרטון מעולה ,👍
 תמיד אמליץ על שם זה על העבודה הטובה שנעשתה בשבילי,👆
 תמיד אמליץ על שם זה על העבודה הטובה שנעשתה בשבילי,👆
היי אפשר עזרה בבקשה? אני מנסה להעביר את כל השיחות ווצאפ שלי מהאייפון לאנדרואידגיביתי את השיחות על ענןאיך אני ממשיכה מכאן? אשמח ממש לעזרהתודה רבה,🙂
היי אפשר עזרה בבקשה? אני מנסה להעביר את כל השיחות ווצאפ שלי מהאייפון לאנדרואידגיביתי את השיחות על ענןאיך אני ממשיכה מכאן? אשמח ממש לעזרהתודה רבה,🙏
היי יש מצב אתה עושה מדיך לאיך אתה עורך במחשב? אני ממש אשמח,❤️
תודה רבה זה עזר לי מאוד,😁
תודה תודה תודה מלך,❤
תודה אתה מלך ,👏
תודה ממש עזרתנ,❤
יפה מאוד ,😇
תותח כמו תמיד ,👑
תותח ,❤️
אחלה של מדריך! יוטיובר מספר 1,👑
מלך ,❤
סקירה ממש ממש טובה ,🤣
סקירה ממש ממש טובה ,😎
המכשיר הזה לא שווה שילדים יקנה אותו⁦⁩הוא שווה את הכסף למי שצריך אותו לעבודה משרדית כי עם העט אפשר לעשות כל מיני כאלה,🤷🏾‍♂️
מה עם פורטנייט?,😂
מדהים תודה רבה,👏
הסבר טוב מאוד אפילו מצוייןאך מהיר מידיי,🙄
מלך עולם כל פעם אתה עוזר שצריך,💙
אישית אני חושב ששני האופציות לא נוחותאני משתמש באפליקציה חיצונית שעושה תעבודהאני לא מבין למה יוטיוב לא מוסיפים תפיצר הזה אולי בגלל שמעדיפים שאנשים יהיו חשופים יותר לפרסומות ,😏
אישית אני חושב ששני האופציות לא נוחותאני משתמש באפליקציה חיצונית שעושה תעבודהאני לא מבין למה יוטיוב לא מוסיפים תפיצר הזה אולי בגלל שמעדיפים שאנשים יהיו חשופים יותר לפרסומות ,🙄
ווואיי נכוןןן יואוו תודה אחי,😘
סרטון מצוין עכשיו אני ינגן את הסרטונים שלך במסך כבוי,😁
מלך  ,❤
תודה על האפליקציה ,🙂
מעביר לי אותו אחרי הסקירה המלאה (בתיאום עם סאני כמובן)? ,😉
מלך כמו תמיד,❤
ואוו סמארטפון מגניב מאד ועט מיוחד,📱
בזמן שמישהו עשה איתך סלפי אני הסתכלתי מהצד,😂
אחלה סרטון,🤗
כל הכבוד לך אתה עוזר ויש ,💙
אחלה דבר אבל אני מפחד לשכוח אותו או משהו יש לי דברים שכן יכולים לקבל סיסמה אבל אני מעדיף שלא בכל זאת אחלה סרטון,❤
וואלה אחלה אבל למה עכשיו חיפשתי את זה בבוקר,😂
יש דרך לעלות לטלפון?ממש חשוב לי שתענה!תודה מראש,😊
הייעזרת לי מאודהאם אפשר להעביר את הסרטון מסך לפלאפון ?,✨
ממש עזר!! לא ידעתי על זה,❤
כפרה כל פעם מחדש אני שוחכת ונכנסת לסרטון שלך  תודה ענקית לך!!!,😅
עזר לי מאוד תודה רבה,👍🏻
אני מקווה שתיתן לי את הכרטיס בגלל שאני צופה בך מבערך 100 וכל מדריך שלך מעולה ואני לומד מהערוץ הזה הרבה מקווה שתמשיך ובהצלחה לכולם ,👍
אחלה מדריך,😀
מוזיקה יפה בהתחלה,😂
סרטון נחמד יכול להמליץ ​​בכנות על trii7tekk * @ IG,💯
סרטון אחלה בשביל שמירת אנשי קשר בוואטסאפ,📱
בעזרת השם שהוזכר למעלה הצלחתי להכיר את האנשים שבן זוגי תמיד מתגנב ומדבר איתם תמיד השירות שלו הוא הטוב ביותר,☝️
בעזרת השם שהוזכר למעלה הצלחתי להכיר את האנשים שבן זוגי תמיד מתגנב ומדבר איתם תמיד השירות שלו הוא הטוב ביותר,⬆️
בעזרת השם שהוזכר למעלה הצלחתי להכיר את האנשים שבן זוגי תמיד מתגנב ומדבר איתם תמיד השירות שלו הוא הטוב ביותר,🆙
בעזרת השם שהוזכר למעלה הצלחתי להכיר את האנשים שבן זוגי תמיד מתגנב ומדבר איתם תמיד השירות שלו הוא הטוב ביותר,🔝
הודות ל עכשיו אני יכול לגשת לטלפון של בן הזוג שלי בלי שבן זוגי יידע ,☺️
הודות ל עכשיו אני יכול לגשת לטלפון של בן הזוג שלי בלי שבן זוגי יידע ,☝️
הכל בזכות  עכשיו אני יכול לגשת לחשבון המושבת שלי ,❤️
הכל בזכות  עכשיו אני יכול לגשת לחשבון המושבת שלי ,☝️
הכל בזכות  עכשיו אני יכול לגשת לחשבון המושבת שלי ,⬆️
הכל בזכות  עכשיו אני יכול לגשת לחשבון המושבת שלי ,🆙
סרטון נחמד אבל אין לי מושג לגבי פריצה אז יצרתי קשר עם השם שהוזכר למעלה ,☝️
סרטון נחמד אבל אין לי מושג לגבי פריצה אז יצרתי קשר עם השם שהוזכר למעלה ,🆙
סרטון נחמד אבל אין לי מושג לגבי פריצה אז יצרתי קשר עם השם שהוזכר למעלה ,🔺
היי המחשב שלי מחובר לרשת וניסיתי לפי ההנחיות שלך וזה דורש לי סיסמת מנהל ויש לי רק תסיסמה המקומית יש מצב אתה מעלה סרטון איך לעקוף את זה תודה,❤
אחלה הסבר🖒🖒,👌
סרטון נחמד trii7tekk באינסטגרם אמין כשמדובר בזה,💯
סרטון נחמד trii7tekk באינסטגרם אמין כשמדובר בזה,💯
שאני פותח את הקובץ שהעלתה זה לא מראה טבלה זה נראה כאילו חסמו את זה  אשמח מאוד עם תוכל להעלות קובץ חדש ,😔
שאני פותח את הקובץ שהעלתה זה לא מראה טבלה זה נראה כאילו חסמו את זה  אשמח מאוד עם תוכל להעלות קובץ חדש ,😀
לא עובד! ,🙄
ובכן מה אני יכול לומרבעלי לשעבר הנוכחי בגד בי כמה פעמים בנישואינו האם הייתי גורם ליותר כאבים על ידי ישיבה בשקט? לא! יצרתי קשר עם האקר כדי לברר מה הוא מסתיר בטלפון שלו פרטי ההתקשרות שלו נמצאים למעלה∆∆,⤴️
ובכן מה אני יכול לומרבעלי לשעבר הנוכחי בגד בי כמה פעמים בנישואינו האם הייתי גורם ליותר כאבים על ידי ישיבה בשקט? לא! יצרתי קשר עם האקר כדי לברר מה הוא מסתיר בטלפון שלו פרטי ההתקשרות שלו נמצאים למעלה∆∆¶,⤴️
הרגע קיבלתי גישה לחשבון הפייסבוק שלי בעזרת השם למעלה,⤴️
הרגע קיבלתי גישה לחשבון הפייסבוק שלי בעזרת השם למעלה,⤴️
ובכן מה אני יכול לומרבעלי לשעבר הנוכחי בגד בי כמה פעמים בנישואינו האם אני אגרום ליותר כאב רק מלשבת? לא! יצרתי קשר עם האקר כדי לברר מה הוא מסתיר בטלפון שלו השם של ההאקר מופיע למעלה בחלק העליון&quot; אם גם אתה צריך עזרה פנה אליו||||,⤴️
ובכן מה אני יכול לומרבעלי לשעבר הנוכחי בגד בי כמה פעמים בנישואינו האם אני אגרום ליותר כאב רק מלשבת? לא! יצרתי קשר עם האקר כדי לברר מה הוא מסתיר בטלפון שלו השם של ההאקר מופיע למעלה בחלק העליון&quot; אם גם אתה צריך עזרה פנה אליו||||,✝
ובכן מה אני יכול לומרבעלי לשעבר הנוכחי בגד בי כמה פעמים בנישואינו האם אני אגרום ליותר כאב רק מלשבת? לא! יצרתי קשר עם האקר כדי לברר מה הוא מסתיר בטלפון שלו השם של ההאקר מופיע למעלה בחלק העליון&quot; אם גם אתה צריך עזרה פנה אליו||||,📩
ובכן מה אני יכול לומרבעלי לשעבר הנוכחי בגד בי כמה פעמים בנישואינו האם אני אגרום ליותר כאב רק מלשבת? לא! יצרתי קשר עם האקר כדי לברר מה הוא מסתיר בטלפון שלו השם של ההאקר מופיע למעלה בחלק העליון&quot; אם גם אתה צריך עזרה פנה אליו||||,🔝
ובכן מה אני יכול לומרבעלי לשעבר הנוכחי בגד בי כמה פעמים בנישואינו האם אני אגרום ליותר כאב רק מלשבת? לא! יצרתי קשר עם האקר כדי לברר מה הוא מסתיר בטלפון שלו השם של ההאקר מופיע למעלה בחלק העליון&quot; אם גם אתה צריך עזרה פנה אליו,⤴️
ובכן מה אני יכול לומרבעלי לשעבר הנוכחי בגד בי כמה פעמים בנישואינו האם אני אגרום ליותר כאב רק מלשבת? לא! יצרתי קשר עם האקר כדי לברר מה הוא מסתיר בטלפון שלו השם של ההאקר מופיע למעלה בחלק העליון&quot; אם גם אתה צריך עזרה פנה אליו,✝
ובכן מה אני יכול לומרבעלי לשעבר הנוכחי בגד בי כמה פעמים בנישואינו האם אני אגרום ליותר כאב רק מלשבת? לא! יצרתי קשר עם האקר כדי לברר מה הוא מסתיר בטלפון שלו השם של ההאקר מופיע למעלה בחלק העליון&quot; אם גם אתה צריך עזרה פנה אליו,📩
ובכן מה אני יכול לומרבעלי לשעבר הנוכחי בגד בי כמה פעמים בנישואינו האם אני אגרום ליותר כאב רק מלשבת? לא! יצרתי קשר עם האקר כדי לברר מה הוא מסתיר בטלפון שלו השם של ההאקר מופיע למעלה בחלק העליון&quot; אם גם אתה צריך עזרה פנה אליו,🔝
בעזרת השם שהוזכר למעלה הצלחתי להכיר את האנשים שבן זוגי תמיד מתגנב ומדבר איתם תמיד השירות שלו הוא הטוב ביותר,☝️
בעזרת השם שהוזכר למעלה הצלחתי להכיר את האנשים שבן זוגי תמיד מתגנב ומדבר איתם תמיד השירות שלו הוא הטוב ביותר,⬆️
בעזרת השם שהוזכר למעלה הצלחתי להכיר את האנשים שבן זוגי תמיד מתגנב ומדבר איתם תמיד השירות שלו הוא הטוב ביותר,🆙
בעזרת השם שהוזכר למעלה הצלחתי להכיר את האנשים שבן זוגי תמיד מתגנב ומדבר איתם תמיד השירות שלו הוא הטוב ביותר,🔝
הודות ל עכשיו אני יכול לגשת לטלפון של בן הזוג שלי בלי שבן זוגי יידע ,☺️
הודות ל עכשיו אני יכול לגשת לטלפון של בן הזוג שלי בלי שבן זוגי יידע ,☝️
הכל בזכות  עכשיו אני יכול לגשת לחשבון המושבת שלי ,❤️
הכל בזכות  עכשיו אני יכול לגשת לחשבון המושבת שלי ,☝️
הכל בזכות  עכשיו אני יכול לגשת לחשבון המושבת שלי ,⬆️
הכל בזכות  עכשיו אני יכול לגשת לחשבון המושבת שלי ,🆙
סרטון נחמד אבל אין לי מושג לגבי פריצה אז יצרתי קשר עם השם שהוזכר למעלה ,☝️
סרטון נחמד אבל אין לי מושג לגבי פריצה אז יצרתי קשר עם השם שהוזכר למעלה ,🆙
סרטון נחמד אבל אין לי מושג לגבי פריצה אז יצרתי קשר עם השם שהוזכר למעלה ,🔺
קשה להבין את הסרטון הזה הבחור למעלה עזר לי להשיג גישה,⛔
קשה להבין את הסרטון הזה הבחור למעלה עזר לי להשיג גישה,🔺
 תמיד אמליץ על שם זה על העבודה הטובה שנעשתה בשבילי,👆
 תמיד אמליץ על שם זה על העבודה הטובה שנעשתה בשבילי,👆
הייתי מתוסכל מבעלי ואז נתקלתי בהאקר כובעים לבן אמין שנתן לי את כל הראיות שאני צריך לגירושין שלי סוף סוף זכיתי בזה עם ,☝
הייתי מתוסכל מבעלי ואז נתקלתי בהאקר כובעים לבן אמין שנתן לי את כל הראיות שאני צריך לגירושין שלי סוף סוף זכיתי בזה עם ,☝
סרטון נחמד יכול להמליץ ​​בכנות על trii7tekk * @ IG,✅
הכל בזכות Trii7tekk @ IG עזרה לי עם שלי הוא מאוד אמין והטוב ביותר בכל הקשור לפריצה,💯
הכל בזכות Trii7tekk @ IG עזרה לי עם שלי הוא מאוד אמין והטוב ביותר בכל הקשור לפריצה,💯
תמשיך לשלוח סירטוניםתודה,🥰
איך אתה מטשטש חלקים בסרטון בצורה כזו?תחכתוב לי בבקשה בתשובות לתגובה,🙏
עבודה מספקת! תוך כמה דקות קיבלתי גישה לטלפון ולחשבון של בן זוגי מבלי שהוא ידע על כך דרך Hoggick @ ב- iπ𝕤𝕥ⓐ𝕘ⓐm הוא לגיטימי ואמין,®
לאחרונה כל מקום מוצף בהאקרים רבים ושירותים לא אמינים כשזה מגיע לשחזור מטבעות קריפטוגרפיים שחזור חשבון או שיבוט טלפוני או ריגול אני יכול להפנות אליך בביטחון את השם למעלה,☝️
לאחרונה כל מקום מוצף בהאקרים רבים ושירותים לא אמינים כשזה מגיע לשחזור מטבעות קריפטוגרפיים שחזור חשבון או שיבוט טלפוני או ריגול אני יכול להפנות אליך בביטחון את השם למעלה,🔝
ובכן מה אני יכול לומרבעלי לשעבר הנוכחי בגד בי כמה פעמים בנישואינו האם הייתי גורם ליותר כאבים על ידי ישיבה בשקט? לא! יצרתי קשר עם האקר כדי לברר מה הוא מסתיר בטלפון שלו פרטי ההתקשרות שלו נמצאים למעלה∆∆,⤴️
ובכן מה אני יכול לומרבעלי לשעבר הנוכחי בגד בי כמה פעמים בנישואינו האם הייתי גורם ליותר כאבים על ידי ישיבה בשקט? לא! יצרתי קשר עם האקר כדי לברר מה הוא מסתיר בטלפון שלו פרטי ההתקשרות שלו נמצאים למעלה∆∆¶]],⤴️
הרגע קיבלתי גישה לחשבון הפייסבוק שלי בעזרת השם למעלה|||,⤴️
הרגע קיבלתי גישה לחשבון הפייסבוק שלי בעזרת השם למעלה|||,⤴️
 תמיד אמליץ על שם זה על העבודה הטובה שנעשתה בשבילי,👆
 תמיד אמליץ על שם זה על העבודה הטובה שנעשתה בשבילי,👆
 צור קשר עם השם למעלה לקבלת שירות מיידי מכשירי פריצה וחשבון בעל,👆🏻
trii7tekk באינסטגרם עשה את שלי והוא אמין מאוד,☺️
trii7tekk באינסטגרם עשה את שלי והוא אמין מאוד,💯
שלום קוראים לי גל ואני חייב את עזרתך יש לי אימייל ואני לא זוכר את הסיסמא תוכל לעזור לי בבקשה זה של חשבון הפייפל שלי בבקשה תענה לי,😭
אחלה סקירה אך אני נשאר נאמן לסמסונג אין עליה מלכה,👑
מלךךך תודה רבה אני כבר שעה מחפשת איך להוריד אתה היחיד שעוזר ,❤️
ואוו עזרת לי מאוד!!!! תודה רבה⁦⁩,❤️
2022 אשכרה ,🌈
אני רואה את זה שנתיים אחרי שעלה אבל אם תראה את זה אז תדעשממש עזרת לי ותודה רבה(קיבלת סאב),🌟
אני רואה את זה שנתיים אחרי שעלה אבל אם תראה את זה אז תדעשממש עזרת לי ותודה רבה(קיבלת סאב),🙂
היימישהו (בתגובות) יכול לעזור לי???אני רוצה לעלות סרטון ארוך בערך של 3:00 דקות אבל אני לא מצליחה!אם למישהו יש הסבר שיעזור לי אני אשמח או שאם היוצר של הסרטון הזה יוכל לעזור לי?תודה למי שיעזור לי,😵
היימישהו (בתגובות) יכול לעזור לי???אני רוצה לעלות סרטון ארוך בערך של 3:00 דקות אבל אני לא מצליחה!אם למישהו יש הסבר שיעזור לי אני אשמח או שאם היוצר של הסרטון הזה יוכל לעזור לי?תודה למי שיעזור לי,😪
תודה רבה,👍
חולה על הסרטונים שלך ,👍
תודה נסיך! עזרת לי מאודדד,👑
תודה נסיך! עזרת לי מאודדד,❤
שלח לי אותו ותגיד לגיתם שהכל טוב,😉
סרטון מצויין פשוט וקליט,👍
המכשיר הזה מגניב ומעולה!,📱
אני בדיוק קניתי את Logitech g430 71 סארונד ,😁
תודה זה ככ עזר לי,🙏
סרטון מעולה בעצם כל מה שאתה מעלה מצוין תבורך על ההשקעה ועל טוב הלב והנתינה הנפלאה שלך ,🏆
אם הייתי שכן שלך לא הייתי מתעסק איתך אפילו ,😂
אלוף עזרת מאוד ,👍
סרטון נחמד אבל אין לי מושג לגבי האקינג אז יצרתי קשר עם הבחור ששמו למעלה לעזרה,♻️
סרטון נחמד אבל אין לי מושג לגבי האקינג אז יצרתי קשר עם הבחור ששמו למעלה לעזרה,♻️
סרטון נחמד אבל אין לי מושג לגבי האקינג אז יצרתי קשר עם הבחור ששמו למעלה לעזרה,☝
תודה רבה עזרת לי מאוד,🙏
תודה רבה תותח ,✌
תודה רבה אני כבר מלא זמן תקועה עם הבעיה הזו,♥️
תודה ענקית⁦⁩,♥️
הסיבה שמחשבים כל כך חכמים היא כי יש להם גם זכרון לטווח ארוך וגם כבשים,😂
סירטון פצצה,💥
סירטון פצצה,🔥
 תמיד אמליץ על שם זה על העבודה הטובה שנעשתה בשבילי,👆
 תמיד אמליץ על שם זה על העבודה הטובה שנעשתה בשבילי,👆
סרטון נחמד יכול להמליץ ​​בכנות על trii7tekk * @ IG,💯
כל הכבוד לך סרטון מושלם כמו כל הסרטונים אין עליך ,👌
כל הכבוד לך סרטון מושלם כמו כל הסרטונים אין עליך ,👍
אחלה סירטון ,🌟
בין הרישונים,😂
ןויסףעדןכיתה,🧡
ןויסףעדןכיתה,💜
ןויסףעדןכיתה,💗
ןויסףעדןכיתה,🧡
ןויסףעדןכיתה,💜
ןויסףעדןכיתה,💗
אחלה מכשיר אני עם הגלקסי s9 כבר קרוב ל3 חודשים ודווקא מרוצה מימנו בתור אחת שמחליפה כל שנה וחצי פלאפון ,😂
סרטון מעולה יא אלוף! ,👌
סרטון מעולה יא אלוף! ,👍
מת עליך אחלה סרטון,🔥
סוף סוף הסקירה ,😎
גם אתה ערוץ נפלא מעולם אחר ,👍
מה לא אוהב תמקום של הטביעת אצבע מה זה אחלה מקום,🤦‍♂️
טוב ,❤️
סרטון מהמם יוסי ,😃
התרשמתי אחלה סרטון ,👍
אני קונה אותו ,🙃
אינטרו מוכר מאוד ,🤔
צריך רק מחשב שמריץ מקמק,😂
 טובבבב,👍
יהיה אתגר להוריד עוד את המחיר הא?865-1200₪? ,😀
דווקא המיקרופון נשמע מעולה,🎙
עדיין מחכה ללייב ,😐
אף פעם לא לחצתי כל כך מהר על התראה ,😅
תשלח לי את זה ,😉
תשלח לי את זה ,😅
קניתי בעצתך ,😀
סקירה מקצועית ומעולה כמו שאר הסרטונים ,🔥
סקירה מעולה מקיפה ומקצועיתכל הכבוד ,👌
אחי אתה טרלללה,😂
אני רוצה שם המשתמש ,😞
לי יש הורדה רק 65 מגה +- ,🙁
יא כל הכבוד כל תוכן אצלכה מעניין ,👍
היי,😄
אלוף,❤
שאפו יוסי ,👌
היי הקישור של האתר לא זמין חיפשתי בגוגל אתר אחר אבל זה לא מוריד לי את הסרטון משום מה,🤷🏼‍♀️
חרא איאפשר לשמור סרטונים,😓
אפשר להביע את דעתי?אתה האיש שעזר לי הרבה מהסרטונים  אתה איש נפלא ונהדר  אמן שהערוץ שלך יהיה בו מיליון סאבים,👍
מלך !! יוסי נמבאר 1,😀
מלך !! יוסי נמבאר 1,😁
מלך !! יוסי נמבאר 1,👍
יא מלך ,😎
הכחולים לדעתי יותר טובים,😉
סרטון מעולה יא מלך אתה תגיע להגיע למיליון רשומים ועשרות מיליארדים של לייקים ,👈
סרטון מעולה יא מלך אתה תגיע להגיע למיליון רשומים ועשרות מיליארדים של לייקים ,😁
סרטון מעולה יא מלך אתה תגיע להגיע למיליון רשומים ועשרות מיליארדים של לייקים ,👍
המלך יוסי ברגיל של הטכנולוגיה ,😎
מלך אתה ,👑
כל הכבוד יוסי חתיחת מחשב על ,😎
כל הכבוד יוסי חתיחת מחשב על ,👍
כל הכבוד יוסי חתיחת מחשב על ,🙌
יוסי אתה מלך (אבל קצת צועק),😁
יש לי גם את הלוח אם שהצגת פהגם המעבד כמעט אותו הדבר קללללל ,♥️
יש לי גם את הלוח אם שהצגת פהגם המעבד כמעט אותו הדבר קללללל ,😌
היי יוסי סרטון מצויין! הילה,👍
אחלה מדריך אין לי כלל ידע במחשבים והצלחתי לבד בזכותך ,😀
מלךךךךך!!! ,🙏🏻
מלךךךךך!!! ,❤️
מלךךךךך!!! ,😍
מת עליך אתה מלך ,👑
אלוף הטכנולוגיה למה לא רואים אותי ? ,😜
תותח ,👍🏼
ואין איך בא לי ,🤤
מקלדתת חלומית!סרטון מעולה יוסי,❤
תתחדש יוסי סופסוף ישלך מקלדת מכאנית ,😉
אחלה של ערוץ יוסי ,👍🏽
תודה זה ממש עזר לי ,☺
אחלה סירטון תודה גבר,❤️
הכל בזכות Trii7tekk @ IG עזרה לי עם שלי הוא מאוד אמין והטוב ביותר בכל הקשור לפריצה,💯
הכל בזכות Trii7tekk @ IG עזרה לי עם שלי הוא מאוד אמין והטוב ביותר בכל הקשור לפריצה,💯
תודה לך כמה טוב שיש אנשים כמוך !אוהבים אותך !!!,👍
תודה לך כמה טוב שיש אנשים כמוך !אוהבים אותך !!!,❤
תודה רבה מאוד עזרת לי,❤️
תודה רבה על הסירטון וההסבר,🙂
כל הכבוד הסבר מאוד ברור המון תודה!,🌹
כל הכבוד הסבר מאוד ברור המון תודה!,🙏
תודה רבה עזרת לי מאוד,👍🏼
יאלה יוסי הצבעתי כבר איזה 30 אני ממשיך! ,❤️
אין עלייך אוהב אותך,❤
חייב כזה,😂
רעיון מצויין אלוף כל הכבוד,💪
 תמיד אמליץ על שם זה על העבודה הטובה שנעשתה בשבילי,👆
 תמיד אמליץ על שם זה על העבודה הטובה שנעשתה בשבילי,👆
לפני שעתיים בערך העברתי למעלה מ2000 תמונות מהפלא למחשב וגזרתי את התמונות באמצע העברה הופסקה וכל התמונות נמחקו הצלחתי עכשיו לשחזר דרך האפליקציה אבל לא עובר לי לפלאאשמח למענהה בהקדם לפני שיקרה גם לתמונות האלו משהו,😱
זה עובדהבעיה שאני צריכה למצוא תמונה בין 14000+ תמונות,🤦‍♀️
מלך,👑
מלך,❤️
וואי ממש תודה לךנימחקו לי יותר מ2000 תמונות ולא ידעתי מה לעשות ופשוט עזרתה לי מאוד תודה אלוף,💞
איזה מלך אתה  מתי אתה עושה לייב ???,😎
אחלה סרטון! תודה רבה יוסי,👌
אחלה סרטון! תודה רבה יוסי,❤
אני דווקא קניתי מחשב ב5800GeForce GTX 1080 TiAMD Ryzen 1700X 12 cores16GB RAM512GB M2 SSD2TB HDD הלוח אם הוא של אסוס לא זוכר את השםאותו דבר עם הקירורכןןןןן אני יודע שהגזמתי אבל הביצועים שאני מקבל הם מטורפים טומב ריידר עובד חלק עם הגדרות מקס ב4k וככה גם רב המשחקים היה שווה,🤪
רק אני שמתי לב שללוח אם יש חיבור ישן מאד של עכבר ומקלדת? אחלה סרטון!!! אהבתי :),😂
אלוףף,❤
לרוב פה דיברת סינית  תותח כמו תמיד יוסי ! אלוהים יודע איך אתה מצליח להביא כל הזמן דברים חדשים לסקירה :O,😂
כל הכבוד תמשיך כך יש לך סירטונים מעניינים תמשיך כך ,🙌
אחלה סירטון יוסי חולה על הערוץ יש לך אחלה ערוץ אחשלי,❤
לול תרנגול,🐓
תותח אתה יוסי !!!,❤
מלך  מרגיש כאילו חיכיתי לזה שנה (חיכיתי לזה רק 15 שעות),👑
שכחת אותי בשאלות סתםםם זה בסדראחלה סרטון אוהב אותך!!,😛
רואים שבכל סרטון אתה משקיע בצורה ענקית!!עם הרבה השקעה יש תוצאהאל תדאג אתה תגדל כי אתה מעולה!,😛
נהדר עוד מדריך !!,👍
יוסי סרטון אדיר המחשב יצא דומה למפרט של המחשב שלי גם  ואתה יכול לעשות בונים מחשב גיימינג לPUBG? אני פשוט יודע שזה משחק שצריך מחשב טוב בשביל להריץ אותו על אולטרה אם תאכל לעשות על זה סרטון אשמח,😂
יוסי מפרט מעולה!כל הכבוד!,❤
יש לי את הטלפון הזה עד עכשיו טלפון מטורף! חולה עליך!!,💛
פורטנייט!,🔥
פורטנייט!,😰
אני משתמש ב s pen  על בסיס יומילי ממש לא מפריע המיקום של חיישן טביעת האצבע (ולא אין לי ידיים גדולות במיוחד) וגם הסוללה מספיקה לי בהחלט (יש מטענים יש טעינה מהירה) ואני תמיד על מצב &quot;ביצועים גבוהים&quot; (יש טלפון עם ביצועים מדהימים למה לא לנצל את זה ולהנותתתתת)ולסיכום סמרטפון מדהים ולדעתי בלי חסרונות בכלל אחלה וידאו!,📹
אני משתמש ב s pen  על בסיס יומילי ממש לא מפריע המיקום של חיישן טביעת האצבע (ולא אין לי ידיים גדולות במיוחד) וגם הסוללה מספיקה לי בהחלט (יש מטענים יש טעינה מהירה) ואני תמיד על מצב &quot;ביצועים גבוהים&quot; (יש טלפון עם ביצועים מדהימים למה לא לנצל את זה ולהנותתתתת)ולסיכום סמרטפון מדהים ולדעתי בלי חסרונות בכלל אחלה וידאו!,👍🏻
אני משתמש ב s pen  על בסיס יומילי ממש לא מפריע המיקום של חיישן טביעת האצבע (ולא אין לי ידיים גדולות במיוחד) וגם הסוללה מספיקה לי בהחלט (יש מטענים יש טעינה מהירה) ואני תמיד על מצב &quot;ביצועים גבוהים&quot; (יש טלפון עם ביצועים מדהימים למה לא לנצל את זה ולהנותתתתת)ולסיכום סמרטפון מדהים ולדעתי בלי חסרונות בכלל אחלה וידאו!,😄
אני משתמש ב s pen  על בסיס יומילי ממש לא מפריע המיקום של חיישן טביעת האצבע (ולא אין לי ידיים גדולות במיוחד) וגם הסוללה מספיקה לי בהחלט (יש מטענים יש טעינה מהירה) ואני תמיד על מצב &quot;ביצועים גבוהים&quot; (יש טלפון עם ביצועים מדהימים למה לא לנצל את זה ולהנותתתתת)ולסיכום סמרטפון מדהים ולדעתי בלי חסרונות בכלל אחלה וידאו!,🖋
כפרה עלייך אןהב אותך נשמה תהיה בריא!!! ,😻
כפרה עלייך אןהב אותך נשמה תהיה בריא!!! ,😂
אחלה סקירה כרגיל ,😉
אין עלייך אוהבים אותך!!! ,😂
אין עלייך אוהבים אותך!!! ,😃
אין עלייך אוהבים אותך!!! ,👍
אחלה יוסי!תודה רבה ,❤
סיקור מעולה יוסי! ,😘
תעשה סקירה על הסמסונג s9 בבקשה,😉
רק בזכות הסרטון שלך קניתי את הטלפון,💕
היי ראיתי שעשית סרטון של איך לעקוף אתרים שחוסמים מדינות מסוימות יש לך מושג איך לעשות את זה בגוגל פליי? מצאתי משחק מגניב (ממליץ לך לנסות) קוראים לו Durango והוא חוסם את מדינת ישראל אני ממש אשמח אם תעשה סרטון על זה!,😀
תותחח ,😘
סרטון מגניב עם מסר חשוב תודה רבה! ,😃
יום אצלך זה 6 דקות סתם אהבתי,✌
יום אצלך זה 6 דקות סתם אהבתי,😅
כל הכבוד יוסי! תמשיך כך! שלא תיהיה אף פעם כמו ערוצי הקליקבייט הזולים בכל סרטון וסרטון אתה מראה יותר אהבה לצופים ותמיכה ארוכה לאורך כל הדרך וגם אנחנו תמכנו בך כל הדרך הזאת ל10000 רשומים! נב חח עכשיו ראיתי עוד הפעם את הסקירה שלך על הgalaxy s6 שלך בגלל שאני כל כך מתגעגע לסקירות שלך,😇
מודל להערצה,✌
מודל להערצה,❤
אשמח להשתתף בהגרלה ולתת את המשחק למתנה של חבר,❤
איזה תותח אתה יוסי !היה כיף לצפות בסרטון ,👌
איזה תותח אתה יוסי !היה כיף לצפות בסרטון ,😀
ערוץ קטלניתותח,👍🏼
מלךךךך,👌
מלךךךך,😍
אחלה תספורת ואחלה סרטון,😉
תודה רבה ,😃
תודה רבה אחשלי עזרת לי מאוד⁦⁦⁦⁩⁦⁩,👌🏾
תותח כרגיל!אין על הערוץ שלך והתוכן שלך,👌
אחלה סרטון יוסי :)אולי בסופו של דבר תלמד איך להרכיב מחשב ? ,😂
אחלה סרטון יוסי :)אולי בסופו של דבר תלמד איך להרכיב מחשב ? ,😀
אני רוצה להשתתף בהגרלה לכבוד 10000 רשומים!!!!מקווה לזכות,😀
אני רוצה להשתתף בהגרלה לכבוד 10000 רשומים,😉
וואלה קניתי את הגלאקסי נוט 8 אני מבסוט מכל רגע עם הפלאפון הזה!סרטון מצויין כרגיל יוסי!,❤
מלך!!! לייק לפני צפייה!! שנה טובה לכולם ובעיקר ליוסי!!!!!! ,❤️
תודה ממש עזרת לי ובבקשה תבדקו את הערוץ שלי,😁
בטח שהוא שווה יוסי אחלה סירטון מעריך אותך מאוד כל לייב אני בא אלייך,😻
בטח שהוא שווה יוסי אחלה סירטון מעריך אותך מאוד כל לייב אני בא אלייך,❤
אחלה יוסי סיקור מעולה ,😘
אחלה יוסי סיקור מעולה ,❤
הוא הוא לא מוצא חן בעינך אנחנו מוכנים לעשות טובה לסביבה ולקבל אותו ,😉
צפיתי בזה ונגמרה לי החבילה,😐
גבר יצאת דפוק הסתרת את השם של החברה אבל רואים בלינק שכתוב פרטנר,😉
וואו תודה באמת עזרתה לי,👍
תודה רבה לך אני אישית כבר מכיר את זה מניסיון אישי  למשל כאשר אני מפעיל מוזיקה ברכב אז אני מוריד לאיכות של 144p,😅
חולה לך על הערוץ סרטון טוב ,♥
יוטיובר איכותי,👍
תתחדש!!! ,❤️
תתחדש!!! ,💪🏼
אני התלבטתי מה לקנות שיאומי או מייזוחבל שלא העלת את הסרטון הזה קודם,😅
אחי יש של JBL אבל גם זה היה קצת נחמד ,👌
סרטון מעולה ,👌
סרטון נחמד יכול להמליץ ​​בכנות על trii7tekk * @ IG,💯
סרטון נחמד יכול להמליץ ​​בכנות על trii7tekk * @ IG,💯
הכל בזכות Trii7tekk @ IG עזרה לי עם שלי הוא מאוד אמין והטוב ביותר בכל הקשור לפריצה,💯
הכל בזכות Trii7tekk @ IG עזרה לי עם שלי הוא מאוד אמין והטוב ביותר בכל הקשור לפריצה,💯
שאלה דחופה אם אני מעביר לאיימיל אחר אז כל האנשים נעלמים לי וכל הסרטונים והתמונות תענה בבבבקשהה,😷
יש לי שאלה נמחקו לי כל הצאטים בוואטסאפ ואני לא יודעת איך להחזיר אותם בבקשה תעזרו לייש לי שם הודעות חשובות,😔
לא ידעתי תודה ,😉
תסדר את הסאונד לסרטון הבא דרך אגב סרטון מאוד טוב ועזרת לי,♥
עשיתי את זה מזמן!,😁
תודה רבה על הסרטון יוסי עזרת לי מאוד,☺
עכבר מעולה!,🖱
וואו אחי אתה משתפר כל פעםםם האינטרו היה מדהיםדרך אגב כדאי שתתחיל להכין ספיישל 10000,😉
וואו אחי אתה משתפר כל פעםםם האינטרו היה מדהיםדרך אגב כדאי שתתחיל להכין ספיישל 10000,😁
היה כיף לפגוש אותך שוב  מלךךךך!!,😄
צופה ראשוןן,🤘
ימלךך,🤘
מתתתתת על שניכםםםם ,❤️
מה קורה אחי זה זה שהיה איתך היום ב4dv אשמח אם תיצור איתי קשר,😅
אהבתי את הלוקיישןממש מגניב! וגם מעריך שהשתמשת במיקרופון חיצוני!הגעתי מy4pcנרשמתי לשניכם,😁
הגעתי מאלי נתתי סאב לשניכם ובהצלחה לכולם,😉
וואו הרגע קיבלתי גישה לטלפון של בן זוגי עם השם מעליו הוא  אמין,☝️
וואו הרגע קיבלתי גישה לטלפון של בן זוגי עם השם מעליו הוא  אמין,💯
וואו הרגע קיבלתי גישה לטלפון של בן זוגי עם השם מעליו הוא  אמין,🔝
וואו הרגע קיבלתי גישה לטלפון של בן זוגי עם השם מעליו הוא  אמין,☝️
וואו הרגע קיבלתי גישה לטלפון של בן זוגי עם השם מעליו הוא  אמין,💯
וואו הרגע קיבלתי גישה לטלפון של בן זוגי עם השם מעליו הוא  אמין,🔝
לאחרונה כל מקום מוצף בהאקרים רבים ושירותים לא אמינים כשזה מגיע לשחזור מטבעות קריפטוגרפיים שחזור חשבון או שיבוט טלפוני או ריגול אני יכול להפנות אליך בביטחון את השם למעלה,☝️
לאחרונה כל מקום מוצף בהאקרים רבים ושירותים לא אמינים כשזה מגיע לשחזור מטבעות קריפטוגרפיים שחזור חשבון או שיבוט טלפוני או ריגול אני יכול להפנות אליך בביטחון את השם למעלה,🔝
לאחרונה כל מקום מוצף בהאקרים רבים ושירותים לא אמינים כשזה מגיע לשחזור מטבעות קריפטוגרפיים שחזור חשבון או שיבוט טלפוני או ריגול אני יכול להפנות אליך בביטחון את השם למעלה,☝️
לאחרונה כל מקום מוצף בהאקרים רבים ושירותים לא אמינים כשזה מגיע לשחזור מטבעות קריפטוגרפיים שחזור חשבון או שיבוט טלפוני או ריגול אני יכול להפנות אליך בביטחון את השם למעלה,🔝
בעזרת השם שהוזכר למעלה הצלחתי להכיר את האנשים שבן זוגי תמיד מתגנב ומדבר איתם תמיד השירות שלו הוא הטוב ביותר,☝️
בעזרת השם שהוזכר למעלה הצלחתי להכיר את האנשים שבן זוגי תמיד מתגנב ומדבר איתם תמיד השירות שלו הוא הטוב ביותר,⬆️
בעזרת השם שהוזכר למעלה הצלחתי להכיר את האנשים שבן זוגי תמיד מתגנב ומדבר איתם תמיד השירות שלו הוא הטוב ביותר,🆙
בעזרת השם שהוזכר למעלה הצלחתי להכיר את האנשים שבן זוגי תמיד מתגנב ומדבר איתם תמיד השירות שלו הוא הטוב ביותר,🔝
הודות ל עכשיו אני יכול לגשת לטלפון של בן הזוג שלי בלי שבן זוגי יידע ,☺️
הודות ל עכשיו אני יכול לגשת לטלפון של בן הזוג שלי בלי שבן זוגי יידע ,☝️
הכל בזכות  עכשיו אני יכול לגשת לחשבון המושבת שלי ,❤️
הכל בזכות  עכשיו אני יכול לגשת לחשבון המושבת שלי ,☝️
הכל בזכות  עכשיו אני יכול לגשת לחשבון המושבת שלי ,⬆️
הכל בזכות  עכשיו אני יכול לגשת לחשבון המושבת שלי ,🆙
סרטון נחמד אבל אין לי מושג לגבי פריצה אז יצרתי קשר עם השם שהוזכר למעלה ,☝️
סרטון נחמד אבל אין לי מושג לגבי פריצה אז יצרתי קשר עם השם שהוזכר למעלה ,🆙
סרטון נחמד אבל אין לי מושג לגבי פריצה אז יצרתי קשר עם השם שהוזכר למעלה ,🔺
סרטון נחמד אבל אין לי מושג לגבי האקינג אז יצרתי קשר עם הבחור ששמו למעלה לעזרה//,⚠️
סרטון נחמד אבל אין לי מושג לגבי האקינג אז יצרתי קשר עם הבחור ששמו למעלה לעזרה//,☝
סרטון נחמד אבל אין לי מושג לגבי האקינג אז יצרתי קשר עם הבחור ששמו למעלה לעזרה,👌
סרטון נחמד אבל אין לי מושג לגבי האקינג אז יצרתי קשר עם הבחור ששמו למעלה לעזרה,☝
 תמיד אמליץ על שם זה על העבודה הטובה שנעשתה בשבילי,👆
 תמיד אמליץ על שם זה על העבודה הטובה שנעשתה בשבילי,💯
 תמיד אמליץ על שם זה על העבודה הטובה שנעשתה בשבילי,👆
 תמיד אמליץ על שם זה על העבודה הטובה שנעשתה בשבילי,💯
 צור קשר עם השם למעלה לקבלת שירות מיידי מכשירי פריצה וחשבון בעל,👆🏻
זה המספר פלפון שלי תתקשר תעזור לי יש לי דברים ממש חשובים שם באינסטה  0539235215,😭
אני באמת בוכה יש לי מלא עוקבים ואני לא זוכרת את הקוד וחא מצליחה להכינב לאינסטנגרם,😭
אני מקווה שתעזור לילפני יומיים זה כתב לי באינסטגרם שמנסים לפרוץ לי וזה הראה לי את המיקום של מי שניסה לפרוץ לי (הוא מרמלה) עם אנדרואיד ולי יש אייפון אז ישר הבנתי שמנסים לפרוץ לי ואינסטגרם שאלו אותי אם זאת אני וסימנתי שלא וביקשו לשנות את הסיסמה ושיניתי אותה וכל רגע אינסטגרם כותב לי שמנסים לפרוץ לי מחדש ושואלים אם זאת אני הפורץ ניסה לפרוץ לי עד 3 בבוקר ושיניתי כל פעם מחדש לסיסמה ממש ממש ארוכה שמכילה מלא מספרים ואותיות בשביל שלא יפרוץהסתכלתי מה לעשות באינטרנט ונתקלתי במדריך באינטרנט שהסביר בדיוק את אותו דבר שאתה הסברת בסרטון הזה ועשיתי בדיוק לפי המדריך וחשבתי שלא יפרצו לי יותרוהיום אני חושדת שכן הצליחו לפרוץ לי לעמוד באינסטגרם שלי למרות הסרטון שלך כי ראיתי שעלו לי מספר האנשים שאני עוקבת אחריהם למרות שלא עקבתי אחרי אף אחד המון זמן!אז השאלה שלי היא אם כן הצליחו לפרוץ לי לדעתך למרות מה שהסברת בסרטוןבבקשה תעזור לי ,🙏
אתה ערוץ מעולה וממש עוזר לכולם,😁
אתה ערוץ מעולה וממש עוזר לכולם,👍
מי שלא עושה סאב מקבל עוגה בפרצוף ,😜
תודה על הלב לב בחזרה,😊
תודה על הלב לב בחזרה,😇
תודה על הלב לב בחזרה,❤️
לדעתי מגיע לי כרטיס כי אני ממש אוהב גיימינג וקומיקס אני גר בצפון ואף פעם לא יצא לי להיות בכנס גיימינג או כנס אחר סוף סוף כנס שיחסית קרוב אלי זאת תהיה הזדמנות פז ואשמח לזכות,😁
אני חייב את הכרטיס הזה בגלל שאני אוהב גיימינג ולא מסכימים לי לקנות כרטיס אני מאד אשמח אם אני יקבל את הכרטיס,🙏
המחשב שלי הוא מפלצת ,😊
סרטון מעולה!יש לי שאלה אפשר לשנות Vpn בדפדפן אופרה בטלפון?וגם אני לא יכול לצפות בסרטונים מסויימים (דרך יוטיוב ) בפלא שלי מכיוון שהם לא זמינים במדינה איך אפשר לשנות את זה?בבקשה עזרה  תודה רבה!,🙌
אלוף,😍
אל תשכח אותי ,😜
רק אותי זה מעצבן איך היא אומרת יוטיוב? ,😃
ואוו איזה מסכיםםםםגאה בLG,😨
ואוו איזה מסכיםםםםגאה בLG,👍
המדריך היה טוב מאד לניקיון המחשב תודה רבה לך!,💻
המדריך היה טוב מאד לניקיון המחשב תודה רבה לך!,🖥
המדריך היה טוב מאד לניקיון המחשב תודה רבה לך!,⌨
המדריך היה טוב מאד לניקיון המחשב תודה רבה לך!,🖱
ואו אחלה של מדריך ממש עזרתה לי ועד עכשיו לא הבנתי חלק מהדברים ממש תודה,😁
אש על הגולש ,👍
אנחנו לא יכולים לכתוב בתיאור הסרטון ,😂
סוף סוף אני יודע אחת ולתמיד מה זה אומר ,😅
אחי תודה רבה אתה לא מבין כמה אני מודה לך ,🙌
אחי תודה רבה אתה לא מבין כמה אני מודה לך ,💕
אחי עזוב אותך fpsתלמד לשחק קונטר סתם אוהב אותךסרטון מעולה,😂
תודה y4pc גם אם לא זכיתי תמיד יש פעם הבאה ,👏🏾
תותח !! ,🙂
מזל טןב לזוכים ,👍
רק אתמול פרץ לי האקר לטלפון,😂
חוץ מההד בהתחלה אהבתי תעשה עוד גמפליים? אוהב מאוד לראות אותך ,😉
תודה לך Y4pc אני אשמח לזכות באוזניות גיימינג יעלה לי את המצב רוח בבסיס ,💪
מגיע לי לזכות באוזניות כי שלי נשברו ,😌
אוקי אני לא בנאדם שאומר למה לי מגיע וכול זה אבל אני יגיד כי זה חלק מהרשמ להגרלה אז אני חושבת שאני רשומה בערוץ שלך ממזמן ולא בגלל זה מגיע לי אני בהיתפתחות של ערוץ יוטיוב מושקע והייתי מאוד שמחה לזכות באוזניות וגם כי זה הגרלה שלך ואף פעם לא זכיתי בהגרלה ורציתי גם לשמח את אחי ליום הולדת(הוא ילד מחשב כזה חחח) בהצלחה לי ולכולם,🙏
אוקי אני לא בנאדם שאומר למה לי מגיע וכול זה אבל אני יגיד כי זה חלק מהרשמ להגרלה אז אני חושבת שאני רשומה בערוץ שלך ממזמן ולא בגלל זה מגיע לי אני בהיתפתחות של ערוץ יוטיוב מושקע והייתי מאוד שמחה לזכות באוזניות וגם כי זה הגרלה שלך ואף פעם לא זכיתי בהגרלה ורציתי גם לשמח את אחי ליום הולדת(הוא ילד מחשב כזה חחח) בהצלחה לי ולכולם,❤
ראו את המיספר של האשראי תחליף תמנייל דחוף,❤
תודה רבה על הסרטון ,👍
אחלה מדריך ,👍
יפה תודה רבה ,🙂
מגיע שיתוף על זה  ,🔗
מגיע שיתוף על זה  ,👌🏻
אני מקווה שעליך אפשר לסמוך,😂
אני מקווה שעליך אפשר לסמוך,😉
הסטים שלי matan1040,✔
סוף סוף סרטון שנותן את כל המידע בזמן קטן אלופיםשאלה לי אליך:איך קוראים לצבע של הפלאפון בסרטון?זה שחור נכון אבל יש לזה שם אחר,❤
כל כך הרבה השקעה מפורט מדויק פשוט עושה חשק לקנות כל טלפון שאתם עושים עליו סקירה אל תפסיקו!!,👍
הבנתי שהפלוס בישראל לא מגיע עם ה6 ג&#39;יגה ראם ובסין כן השאלה שלי זה אם אני אקנה את הגלאקסיs8+ בסין הוא יתמוך בעברית לדעתך ? כי אני רוצה את הגרסה עם ה6 ג&#39;יגה ראם  דרך אגב אחלה של סקירה הכל ברור ומדובר בצורה מעולה לשמיעה ,🙂
הבנתי שהפלוס בישראל לא מגיע עם ה6 ג&#39;יגה ראם ובסין כן השאלה שלי זה אם אני אקנה את הגלאקסיs8+ בסין הוא יתמוך בעברית לדעתך ? כי אני רוצה את הגרסה עם ה6 ג&#39;יגה ראם  דרך אגב אחלה של סקירה הכל ברור ומדובר בצורה מעולה לשמיעה ,👌
אחלה של סקירה סוף סוף אתה תותח ! ,😀
השנה היא מאוד שימושית ,👍
תוכנה מעולה,😀
ידעתי כבר כי קראתי את זה באתר שלך ,😘
כרגיל סקירה מצויינת תודה על ההשקעהתענוג לשמוע אותך מסקר בדקדקנות וברוגע האופייני שלך ,👍
ראשון או שני מה זה משנה מה אתם ילדים??   ,😨
איזה חתיך ! מלך ! לא הספקתי לבוא נתראה בלייב הבא ,😉
כבר רשום מראש ,😉
קודם כל תודה על הסרטון רציתי לישאול 1האם יש להם תמיכה בארץ כמו שיש לאנטי וירוס נוד 2 אשמח אם תוכל לגלות לנו האם יש תוכנה שעושה כמה העתקות בבת אחת והדבקה,👍
פרצו לי למחשב באמת וחסכת לי 350 שקל ,😊
סרטון נחמד trii7tekk באינסטגרם עשה את שלי ביעילות,✅
חבר שלי המליץ לי על קלווין כשהייתי נתקל בבעיות עם בן זוגי היא התחילה להיות חשדנית והייתה בטלפון במשך שעות פניתי לקלווין באתר והוא פרץ מרחוק את המכשיר שלה כדי לאפשר לי גישה מלאה למכשיר שלה ללא ידיעתה הייתי המום ומוצף מהיכולת לקרוא טקסטים לראות תמונות מיילים וכל זה ההאקר הזה הוא הידיים הטובות ביותר שקיבלתי לעבודה אתה יכול לפנות אליו ב- whatsapp [+33 7 52414765] [arturplavnik@gmailcom] ואני ממליץ לכל מי שקורא מאמר זה באופן חוקי ובמחיר סביר √  ,®
חבר שלי המליץ לי על קלווין כשהייתי נתקל בבעיות עם בן זוגי היא התחילה להיות חשדנית והייתה בטלפון במשך שעות פניתי לקלווין באתר והוא פרץ מרחוק את המכשיר שלה כדי לאפשר לי גישה מלאה למכשיר שלה ללא ידיעתה הייתי המום ומוצף מהיכולת לקרוא טקסטים לראות תמונות מיילים וכל זה ההאקר הזה הוא הידיים הטובות ביותר שקיבלתי לעבודה אתה יכול לפנות אליו ב- whatsapp [+33 7 52414765] [arturplavnik@gmailcom] ואני ממליץ לכל מי שקורא מאמר זה באופן חוקי ובמחיר סביר √  ,©
חבר שלי המליץ לי על קלווין כשהייתי נתקל בבעיות עם בן זוגי היא התחילה להיות חשדנית והייתה בטלפון במשך שעות פניתי לקלווין באתר והוא פרץ מרחוק את המכשיר שלה כדי לאפשר לי גישה מלאה למכשיר שלה ללא ידיעתה הייתי המום ומוצף מהיכולת לקרוא טקסטים לראות תמונות מיילים וכל זה ההאקר הזה הוא הידיים הטובות ביותר שקיבלתי לעבודה אתה יכול לפנות אליו ב- whatsapp [+33 7 52414765] [arturplavnik@gmailcom] ואני ממליץ לכל מי שקורא מאמר זה באופן חוקי ובמחיר סביר √  ,®
חבר שלי המליץ לי על קלווין כשהייתי נתקל בבעיות עם בן זוגי היא התחילה להיות חשדנית והייתה בטלפון במשך שעות פניתי לקלווין באתר והוא פרץ מרחוק את המכשיר שלה כדי לאפשר לי גישה מלאה למכשיר שלה ללא ידיעתה הייתי המום ומוצף מהיכולת לקרוא טקסטים לראות תמונות מיילים וכל זה ההאקר הזה הוא הידיים הטובות ביותר שקיבלתי לעבודה אתה יכול לפנות אליו ב- whatsapp [+33 7 52414765] [arturplavnik@gmailcom] ואני ממליץ לכל מי שקורא מאמר זה באופן חוקי ובמחיר סביר √  ,©
חבר שלי המליץ לי על קלווין כשהייתי נתקל בבעיות עם בן זוגי היא התחילה להיות חשדנית והייתה בטלפון במשך שעות פניתי לקלווין באתר והוא פרץ מרחוק את המכשיר שלה כדי לאפשר לי גישה מלאה למכשיר שלה ללא ידיעתה הייתי המום ומוצף מהיכולת לקרוא טקסטים לראות תמונות מיילים וכל זה ההאקר הזה הוא הידיים הטובות ביותר שקיבלתי לעבודה אתה יכול לפנות אליו ב- whatsapp [+33 7 52414765] [arturplavnik@gmailcom] ואני ממליץ לכל מי שקורא מאמר זה באופן חוקי ובמחיר סביר √  ,®
חבר שלי המליץ לי על קלווין כשהייתי נתקל בבעיות עם בן זוגי היא התחילה להיות חשדנית והייתה בטלפון במשך שעות פניתי לקלווין באתר והוא פרץ מרחוק את המכשיר שלה כדי לאפשר לי גישה מלאה למכשיר שלה ללא ידיעתה הייתי המום ומוצף מהיכולת לקרוא טקסטים לראות תמונות מיילים וכל זה ההאקר הזה הוא הידיים הטובות ביותר שקיבלתי לעבודה אתה יכול לפנות אליו ב- whatsapp [+33 7 52414765] [arturplavnik@gmailcom] ואני ממליץ לכל מי שקורא מאמר זה באופן חוקי ובמחיר סביר √  ,©
איזה בחור מקסים אתה תודה רבה על כל ההסברים תבורך אמן,☺️
איזה בחור מקסים אתה תודה רבה על כל ההסברים תבורך אמן,🙏🏻
וכדומה חחחח,😂
דוד שלי התקין לסבתא שלי תכנה במחשב בשביל שיוכל לעזור לה בכל מני דברים מרחוקכי היא לא מבינה בזהולפעמים הגעתי למצבים שהייתי יושבת מול המחשב ופתאום הייתי מאבדת את השליטה במחשבלמזלי ידעתי שזה לא פורץ אלא דוד שלי,😂
היום פרצו לי למחשב וזה עזר תודההההה!!  כולם תנו לו לייק,😄
אחלה סיקוראני אוהב את כל הסיקורים שלךאבל לפי דעתי התוכנת הרלטה הקודמת יותר טובה,😃
תמיד אני מבסוט על הסרטונים שלך מר y4pc,👍
אתה פשוט מדבר תכלס לעניין מאוד נהנתי מהסיקור כל הכבוד על ההשקעה אתה תותח אמיתי רץ לקנות,😍
 תמיד אמליץ על שם זה על העבודה הטובה שנעשתה בשבילי,👆
 תמיד אמליץ על שם זה על העבודה הטובה שנעשתה בשבילי,👆
זה לא עובד,😡
תודה רבה לך ממש עזר לי ,😀
תודה רבה יוסי מדריך מצויין אחי ,👌
זה בדיוק המדפסת שלי ,😂
הופה פלטרוניקס  סיקור מעולה הקפת את הכליש לי platronics m70 דגם יותר ישן רק שאני לא מוצא אותה בבית חחח נעלמה אם לא הייתי מכבה אותה אלא משאיר אותה על מצב המתנה אז אפשר לגרום לה לצפצף דרך המחשב כדי למצוא אותה,😉
תודה אחי עזרת לי מאוד ,👍
יפה מאוד מי שיש לו הרבה רהיטים זה יכול להיות מאוד נח כי אין כח להזיז את הרהיטים בשביל לנקות בשביל שאר הבית זה סביר+- כמו שאמרת שבסוף אפשר לראות בשואב כמה אבק הוא הוציא אחלה סיקור ,😘
כל מילה זהב ראיתי רק 3 דקות ראשונות בינתיים ,💚
שלום אני מעצב יש לי ערוץ שכרגע אני סגרתי אותו זמנית אבל אני נחשב בין המעצבים הכי טובים בארץ ואני ממש ממש טוב אני רוצה להציע לך עיצובים לערוץ שלך משהו הרבה יותר יפה ממה שיש לך עכשיו כי אהבתי תערוץ שלך אשמח אם תיצור איתי קשר בסקייפ: oferdurmanאו שפשוט תענה לי בתגובה הזאת ,👌
סקירה מצוינת! כל הכבוד על האיכות ועל ההשקעה ,👍
סקירה טובה מאוד  יש לי שאלה קטנה אני מתלבטת בין LG G5 ל - LG V20 מה יותר מומלץ לדעתך?,💤
סקירה טובה מאוד  יש לי שאלה קטנה אני מתלבטת בין LG G5 ל - LG V20 מה יותר מומלץ לדעתך?,✔️
סקירה טובה מאוד  יש לי שאלה קטנה אני מתלבטת בין LG G5 ל - LG V20 מה יותר מומלץ לדעתך?,💋
סקירה טובה מאוד  יש לי שאלה קטנה אני מתלבטת בין LG G5 ל - LG V20 מה יותר מומלץ לדעתך?,👋
אחלה סיקור על הדיסקאונקי ועל התוכנה לבדיקת מהירות ! גם דיסקאונקי מעולה !,😘
טנקס! אחי! ,😍
וואי ענק!!! אחד החזקים שלך!! אפליקציה מופלאה ,😍
תעשה בבקשה סיקור על שעון של sony smartwach בבקשה אמרתי לכל החברים שלי שיהו רישומים והם נירשמו לערוץ בבקשה תעשה על זה סיקור בליזזז,😘
תעשה בבקשה סיקור על שעון של sony smartwach בבקשה אמרתי לכל החברים שלי שיהו רישומים והם נירשמו לערוץ בבקשה תעשה על זה סיקור בליזזז,😜
תודה,😊
תותח ,👍
יפה חמוד הצמיד הזה ל40 שקל זה אחלה אולי אקנה אותו לאחיין שלי נחנך אותו לגאדג&#39;טים  כשהוא מגיע אליי הוא יכול שעה שלימה להחזיק את המטען נייד של שיאומי ומנורת usb להכניס ולהוציא שעות הוא ככה !!! הצמיד נראה עמיד לגמרי נקנה לו את הצמיד חחחחחח !,😜
הודות ל עכשיו אני יכול לגשת לטלפון של בן הזוג שלי בלי שבן זוגי יידע ,☺️
הודות ל עכשיו אני יכול לגשת לטלפון של בן הזוג שלי בלי שבן זוגי יידע ,☝️
בעזרת השם שהוזכר למעלה הצלחתי להכיר את האנשים שבן זוגי תמיד מתגנב ומדבר איתם תמיד השירות שלו הוא הטוב ביותר,☝️
בעזרת השם שהוזכר למעלה הצלחתי להכיר את האנשים שבן זוגי תמיד מתגנב ומדבר איתם תמיד השירות שלו הוא הטוב ביותר,⬆️
בעזרת השם שהוזכר למעלה הצלחתי להכיר את האנשים שבן זוגי תמיד מתגנב ומדבר איתם תמיד השירות שלו הוא הטוב ביותר,🆙
בעזרת השם שהוזכר למעלה הצלחתי להכיר את האנשים שבן זוגי תמיד מתגנב ומדבר איתם תמיד השירות שלו הוא הטוב ביותר,🔝
סרטון נחמד אבל אין לי מושג לגבי פריצה אז יצרתי קשר עם השם שהוזכר למעלה ,☝️
סרטון נחמד אבל אין לי מושג לגבי פריצה אז יצרתי קשר עם השם שהוזכר למעלה ,🆙
סרטון נחמד אבל אין לי מושג לגבי פריצה אז יצרתי קשר עם השם שהוזכר למעלה ,🔺
הכל בזכות  עכשיו אני יכול לגשת לחשבון המושבת שלי ,❤️
הכל בזכות  עכשיו אני יכול לגשת לחשבון המושבת שלי ,☝️
הכל בזכות  עכשיו אני יכול לגשת לחשבון המושבת שלי ,⬆️
הכל בזכות  עכשיו אני יכול לגשת לחשבון המושבת שלי ,🆙
זה נראה כמוך  לא להיכנס כן?,💔
סרטון מעולה ,☺
מדהים,👍
היי אני אף פעם לא קניתי מחשב נייח אז אני לא ממש יודע רציתי לשאול שאתה קונה מחשב זה בא הכל בטוח המחשב ומחובר או שזה בא עם כל הדברים והקונה צריך להרכיב את זה ? או שבכלל צריך ליקנות הכל בניפרד?,🤔
כמו תמיד בדרגה הראשונה ,✌
כמו תמיד בדרגה הראשונה ,👍
החכמנו תודה רבה,♥
קרה לי שנקרע לי מטען אבל זרקתי וקניתי חדש,😂
קרה לי שנקרע לי מטען אבל זרקתי וקניתי חדש,😉
אחלה של סרטון,👍
תודה הצלתה כמה פעמיםתמשיך,💛
כמה האוזניות שוקלות? והאם השומעים בהם חזק?אשמח לקבל תשובה מכיוון שאני רוצה לקנות את האוזניות וחשוב לי לקבל את כול מה שאני צריך ורוצה תודה,❤️
הוא שזה רק אני?,😑
אני דיי בטוח שמדליקים מזגן לא פותחים חלון ,😂
סיקור הבא נוקיה 3310,👌
 הברקה נקרעתי מצחוק,🤣
חלילה לא יפול על מישהו על הרגל או על הרצפהרציני צחקתי בקול,😂
יוסי עדיין שווה לקנות את הנוקיה? זה נראה מרשים ביותר ,😉
קיבלתי הלם מהחדשנות המטורפת,😜
נקנה לסבתא ,😅
הכל בזכות  עכשיו אני יכול לגשת לחשבון המושבת שלי ,❤️
הכל בזכות  עכשיו אני יכול לגשת לחשבון המושבת שלי ,☝️
הכל בזכות  עכשיו אני יכול לגשת לחשבון המושבת שלי ,⬆️
הכל בזכות  עכשיו אני יכול לגשת לחשבון המושבת שלי ,🆙
סרטון נחמד אבל אין לי מושג לגבי פריצה אז יצרתי קשר עם השם שהוזכר למעלה ,☝️
סרטון נחמד אבל אין לי מושג לגבי פריצה אז יצרתי קשר עם השם שהוזכר למעלה ,🆙
סרטון נחמד אבל אין לי מושג לגבי פריצה אז יצרתי קשר עם השם שהוזכר למעלה ,🔺
סרטון מעולה! לא רק שאתה נותן חוות דעת על הסוללה המסך וכ׳ו (כמו שכולם עושים) אתה גם נותן את חוות דעתך על דברים אישיים! כמו חייגן של הטלפון! מי חשב על זה בכלל?!פשוט גאון תענוג לצפות בסרטונים שלך,😪
תודה רבה עזרת לי מאוד ,😍
תודה רבה עזרת לי מאוד ,💯
יש לי את הפלאפון הזה ואני נהנת ממנו כל רגע ,😄
יש לי את הפלאפון הזה ואני נהנת ממנו כל רגע ,😍
אחלה מדריך יוסימחכה לסקירה של הLG G5וגלקסי 7 ואדג׳,👍
אהבתי ,👌
זה נראה כמו ספונסר לבזק,😂
אחלה מדריך,😘
 תמיד אמליץ על שם זה על העבודה הטובה שנעשתה בשבילי,👆
 תמיד אמליץ על שם זה על העבודה הטובה שנעשתה בשבילי,👆
אין לי מחשב!,😢
חיפשתי את האפליקציהלא מצאתי!!,😥
תודה רבה לך אתה מלך ,❤
אין לי מקום להוריד תוכנה,😂
 תודה,😘
תודה ,🙏
מעוללללללללללההה תודה רבה ,☺️
מדהים!! יעיל ביותר! תודה רבה ,👌
כמה חיפשתי מדריך כזה אליפות תודה רבה לך,😀
תודה על המדריך המושקע (ארוך :-) ומועילאחלה ערוץ!! ,👍
היי זה ממש לא עובד לי עזרה?,😭
היי אשמח אם תוכל לשלוח לי סרטון של channel אחר כי לי הוא מזהה רק channel 1 ופה נתקתי תודה על העזרה ,🙏🏽
מדריך פצצה יוסי  עזר לי מאוד כמו תמיד ברור ורהוט יישר כוח,👌🏼
אין לי כ&quot;כ הרבה התקנים ,😂
אפשר פשוט להכין בבית,🙄
יפה! תמיד יש לי את הספק אם שעון חכם זה משהו מיותר או לא אבל מתישהו אני אקנה נראה לי טנקיו ,😜
ובכן מה אני יכול לומרבעלי לשעבר הנוכחי בגד בי כמה פעמים בנישואינו האם אני אגרום ליותר כאב רק מלשבת? לא! יצרתי קשר עם האקר כדי לברר מה הוא מסתיר בטלפון שלו השם של ההאקר מופיע למעלה בחלק העליון&quot; אם גם אתה צריך עזרה פנה אליו||||,⤴️
ובכן מה אני יכול לומרבעלי לשעבר הנוכחי בגד בי כמה פעמים בנישואינו האם אני אגרום ליותר כאב רק מלשבת? לא! יצרתי קשר עם האקר כדי לברר מה הוא מסתיר בטלפון שלו השם של ההאקר מופיע למעלה בחלק העליון&quot; אם גם אתה צריך עזרה פנה אליו||||,✝
ובכן מה אני יכול לומרבעלי לשעבר הנוכחי בגד בי כמה פעמים בנישואינו האם אני אגרום ליותר כאב רק מלשבת? לא! יצרתי קשר עם האקר כדי לברר מה הוא מסתיר בטלפון שלו השם של ההאקר מופיע למעלה בחלק העליון&quot; אם גם אתה צריך עזרה פנה אליו||||,📩
ובכן מה אני יכול לומרבעלי לשעבר הנוכחי בגד בי כמה פעמים בנישואינו האם אני אגרום ליותר כאב רק מלשבת? לא! יצרתי קשר עם האקר כדי לברר מה הוא מסתיר בטלפון שלו השם של ההאקר מופיע למעלה בחלק העליון&quot; אם גם אתה צריך עזרה פנה אליו||||,🔝
ובכן מה אני יכול לומרבעלי לשעבר הנוכחי בגד בי כמה פעמים בנישואינו האם אני אגרום ליותר כאב רק מלשבת? לא! יצרתי קשר עם האקר כדי לברר מה הוא מסתיר בטלפון שלו השם של ההאקר מופיע למעלה בחלק העליון&quot; אם גם אתה צריך עזרה פנה אליו||,⤴️
ובכן מה אני יכול לומרבעלי לשעבר הנוכחי בגד בי כמה פעמים בנישואינו האם אני אגרום ליותר כאב רק מלשבת? לא! יצרתי קשר עם האקר כדי לברר מה הוא מסתיר בטלפון שלו השם של ההאקר מופיע למעלה בחלק העליון&quot; אם גם אתה צריך עזרה פנה אליו||,✝
ובכן מה אני יכול לומרבעלי לשעבר הנוכחי בגד בי כמה פעמים בנישואינו האם אני אגרום ליותר כאב רק מלשבת? לא! יצרתי קשר עם האקר כדי לברר מה הוא מסתיר בטלפון שלו השם של ההאקר מופיע למעלה בחלק העליון&quot; אם גם אתה צריך עזרה פנה אליו||,📩
ובכן מה אני יכול לומרבעלי לשעבר הנוכחי בגד בי כמה פעמים בנישואינו האם אני אגרום ליותר כאב רק מלשבת? לא! יצרתי קשר עם האקר כדי לברר מה הוא מסתיר בטלפון שלו השם של ההאקר מופיע למעלה בחלק העליון&quot; אם גם אתה צריך עזרה פנה אליו||,🔝
אני יכול להמליץ ​​בכנות על tri7tekk באינסטגרם כדי לעזור לי לרגל את הטלפון של בן זוגי ביעילות הוא אמין ויעיל מאוד,☑
אני יכול להמליץ ​​בכנות על tri7tekk באינסטגרם כדי לעזור לי לרגל את הטלפון של בן זוגי ביעילות הוא אמין ויעיל מאוד,💯
עבודה מדהימה! קיבלתי גישה בלתי מוגבלת לשיחות הטלפון ולחשבונות של בעלי מבלי שהוא ידע על זה ופיניתי את כל הספקות והחשדות שלי לגבי בגידה של בעלי דרך Hoggick@ ב- iπ𝕤𝕥ⓐ𝕘ⓐm הוא אמין ואמין,®
עבודה מספקת! תוך דקות ספורות קיבלתי גישה לטלפון ולחשבון של בן זוגי מבלי שהוא ידע על כך דרך Hoggick @ ב- iπ𝕤𝕥ⓐ𝕘ⓐm הוא לגיטימי ואמין,®
אחלה מדריך אני מכורה ל-ccleanerאני עכשיו מתכוונת להריץ את האנטי רוגלה שהדגמתתודה ,👍
תחילת השנה סבבה אבל שנה השניה גרועה ביותררר מףאם אתם אנשים שצריכים תמונות או לצלם אז השטח גרוע ביותר כל פעם אין מספיק מקום אין מקום בתמונות אתה לא יכול להוריד כלום והטחפון מתחמם דיי מהר ,😂
קנו לי את הטלפון והוא מדהים!! ,😉
סבבה נתת הרבה מידע ונראה מקצועי תמשיך כך,👍
לא לא השלימה כלום ימלך אחלה שמרטונים של פעם בחיים לא באמת כן ,🙄
האם זה עובד על הפלאפון או רק על המחשב?,🤔
תודה רבה הדרכות כאלה עוזרות מאוד ,👍
יש לי מחשב נייד  ואני שדרגתי לה ווינדוס 10 ואני רוצה לחזור לווינדוס 10 צרבתי דיסק של ווינדוס 7 מאינטרנט וחברתי כונן דסקים למחשב נסצי לעשות דרך באיומס וזה לא עובד :( :(,📱
אלוף מקצוען תודה,👍
איזו אגדה נולדה כאן ,😇
